t,n
00:00:02,0
00:00:03,1
00:00:06,0
00:00:07,1
00:00:10,0
00:00:11,1
00:00:13,0
00:00:14,1
00:00:17,0
00:00:18,1
00:00:20,0
00:00:22,1
00:00:24,0
00:00:25,1
00:00:28,0
00:00:28,1
00:00:32,0
00:00:32,1
00:00:36,0
00:00:36,1
00:00:39,0
00:00:40,1
00:00:43,0
00:00:44,1
00:00:46,0
00:00:48,1
00:00:50,0
00:00:51,1
00:00:54,0
00:00:55,1
00:00:57,0
00:00:58,1
00:01:01,0
00:01:02,1
00:01:05,0
00:01:06,1
00:01:09,0
00:01:10,1
00:01:13,0
00:01:14,1
00:01:17,0
00:01:18,1
00:01:21,0
00:01:22,1
00:01:25,0
00:01:26,1
00:01:28,0
00:01:30,1
00:01:32,0
00:01:33,1
00:01:36,0
00:01:37,1
00:01:40,0
00:01:42,1
00:01:44,0
00:01:46,1
00:01:48,0
00:01:50,1
00:01:52,0
00:01:53,1
00:01:56,0
00:01:57,1
00:02:00,0
00:02:01,1
00:02:04,0
00:02:05,1
00:02:08,0
00:02:09,1
00:02:12,0
00:02:13,1
00:02:15,0
00:02:16,1
00:02:19,0
00:02:20,1
00:02:23,0
00:02:24,1
00:02:26,0
00:02:27,1
00:02:30,0
00:02:31,1
00:02:34,0
00:02:35,1
00:02:37,0
00:02:38,1
00:02:40,0
00:02:42,1
00:02:44,0
00:02:45,1
00:02:48,0
00:02:49,1
00:02:51,0
00:02:52,1
00:02:55,0
00:02:56,1
00:02:59,0
00:03:00,1
00:03:03,0
00:03:04,1
00:03:07,0
00:03:08,1
00:03:11,0
00:03:12,1
00:03:14,0
00:03:16,1
00:03:18,0
00:03:20,1
00:03:22,0
00:03:24,1
00:03:26,0
00:03:27,1
00:03:30,0
00:03:31,1
00:03:34,0
00:03:35,1
00:03:37,0
00:03:38,1
00:03:41,0
00:03:42,1
00:03:44,0
00:03:45,1
00:03:48,0
00:03:49,1
00:03:51,0
00:03:52,1
00:03:55,0
00:03:56,1
00:03:59,0
00:04:00,1
00:04:03,0
00:04:04,1
00:04:06,0
00:04:07,1
00:04:10,0
00:04:11,1
00:04:14,0
00:04:15,1
00:04:17,0
00:04:19,1
00:04:21,0
00:04:22,1
00:04:25,0
00:04:26,1
00:04:29,0
00:04:30,1
00:04:33,0
00:04:34,1
00:04:37,0
00:04:39,1
00:04:41,0
00:04:43,1
00:04:45,0
00:04:47,1
00:04:49,0
00:04:51,1
00:04:54,0
00:04:55,1
00:04:58,0
00:04:59,1
00:05:02,0
00:05:03,1
00:05:06,0
00:05:08,1
00:05:10,0
00:05:12,1
00:05:15,0
00:05:16,1
00:05:18,0
00:05:20,1
00:05:22,0
00:05:23,1
00:05:26,0
00:05:27,1
00:05:29,0
00:05:30,1
00:05:33,0
00:05:34,1
00:05:36,0
00:05:37,1
00:05:39,0
00:05:40,1
00:05:43,0
00:05:44,1
00:05:46,0
00:05:47,1
00:05:49,0
00:05:50,1
00:05:52,0
00:05:53,1
00:05:56,0
00:05:57,1
00:05:59,0
00:06:00,1
00:06:02,0
00:06:03,1
00:06:06,0
00:06:07,1
00:06:09,0
00:06:10,1
00:06:13,0
00:06:14,1
00:06:16,0
00:06:17,1
00:06:20,0
00:06:21,1
00:06:23,0
00:06:24,1
00:06:27,0
00:06:28,1
00:06:30,0
00:06:31,1
00:06:34,0
00:06:35,1
00:06:38,0
00:06:39,1
00:06:42,0
00:06:43,1
00:06:46,0
00:06:47,1
00:06:50,0
00:06:51,1
00:06:54,0
00:06:55,1
00:06:59,0
00:07:00,1
00:07:03,0
00:07:04,1
00:07:08,0
00:07:09,1
00:07:12,0
00:07:14,1
00:07:17,0
00:07:18,1
00:07:21,0
00:07:22,1
00:07:25,0
00:07:26,1
00:07:29,0
00:07:30,1
00:07:33,0
00:07:34,1
00:07:37,0
00:07:38,1
00:07:40,0
00:07:41,1
00:07:44,0
00:07:45,1
00:07:47,0
00:07:49,1
00:07:51,0
00:07:52,1
00:07:54,0
00:07:55,1
00:07:58,0
00:07:59,1
00:08:01,0
00:08:02,1
00:08:05,0
00:08:06,1
00:08:08,0
00:08:09,1
00:08:12,0
00:08:13,1
00:08:15,0
00:08:16,1
00:08:19,0
00:08:20,1
00:08:23,0
00:08:23,1
00:08:26,0
00:08:27,1
00:08:30,0
00:08:32,1
00:08:33,0
00:08:34,1
00:08:38,0
00:08:38,1
00:08:40,0
00:08:42,1
00:08:44,0
00:08:45,1
00:08:48,0
00:08:48,1
00:08:51,0
00:08:52,1
00:08:54,0
00:08:55,1
00:08:58,0
00:08:59,1
00:09:01,0
00:09:02,1
00:09:05,0
00:09:06,1
00:09:08,0
00:09:09,1
00:09:12,0
00:09:13,1
00:09:15,0
00:09:17,1
00:09:19,0
00:09:20,1
00:09:23,0
00:09:24,1
00:09:27,0
00:09:28,1
00:09:31,0
00:09:32,1
00:09:35,0
00:09:36,1
00:09:38,0
00:09:40,1
00:09:42,0
00:09:44,1
00:09:46,0
00:09:48,1
00:09:50,0
00:09:52,1
00:09:55,0
00:09:56,1
00:09:59,0
00:10:00,1
00:10:03,0
00:10:04,1
00:10:06,0
00:10:07,1
00:10:10,0
00:10:11,1
00:10:14,0
00:10:15,1
00:10:17,0
00:10:19,1
00:10:21,0
00:10:22,1
00:10:25,0
00:10:26,1
00:10:28,0
00:10:29,1
00:10:32,0
00:10:33,1
00:10:36,0
00:10:37,1
00:10:39,0
00:10:40,1
00:10:43,0
00:10:44,1
00:10:47,0
00:10:48,1
00:10:50,0
00:10:51,1
00:10:54,0
00:10:55,1
00:10:58,0
00:10:59,1
00:11:01,0
00:11:02,1
00:11:05,0
00:11:06,1
00:11:09,0
00:11:10,1
00:11:12,0
00:11:13,1
00:11:16,0
00:11:17,1
00:11:20,0
00:11:21,1
00:11:24,0
00:11:25,1
00:11:27,0
00:11:28,1
00:11:31,0
00:11:32,1
00:11:35,0
00:11:36,1
00:11:39,0
00:11:40,1
00:11:43,0
00:11:44,1
00:11:47,0
00:11:48,1
00:11:51,0
00:11:52,1
00:11:55,0
00:11:56,1
00:11:59,0
00:12:00,1
00:12:03,0
00:12:04,1
00:12:07,0
00:12:08,1
00:12:11,0
00:12:12,1
00:12:15,0
00:12:16,1
00:12:19,0
00:12:20,1
00:12:23,0
00:12:24,1
00:12:27,0
00:12:28,1
00:12:30,0
00:12:32,1
00:12:34,0
00:12:35,1
00:12:38,0
00:12:39,1
00:12:42,0
00:12:43,1
00:12:45,0
00:12:47,1
00:12:49,0
00:12:50,1
00:12:53,0
00:12:54,1
00:12:56,0
00:12:58,1
00:13:00,0
00:13:01,1
00:13:04,0
00:13:05,1
00:13:08,0
00:13:10,1
00:13:13,0
00:13:14,1
00:13:17,0
00:13:18,1
00:13:21,0
00:13:23,1
00:13:26,0
00:13:27,1
00:13:30,0
00:13:32,1
00:13:35,0
00:13:36,1
00:13:39,0
00:13:41,1
00:13:44,0
00:13:45,1
00:13:48,0
00:13:49,1
00:13:52,0
00:13:53,1
00:13:56,0
00:13:57,1
00:14:00,0
00:14:01,1
00:14:04,0
00:14:05,1
00:14:08,0
00:14:09,1
00:14:12,0
00:14:13,1
00:14:15,0
00:14:17,1
00:14:19,0
00:14:20,1
00:14:23,0
00:14:24,1
00:14:27,0
00:14:28,1
00:14:31,0
00:14:32,1
00:14:35,0
00:14:36,1
00:14:38,0
00:14:40,1
00:14:42,0
00:14:43,1
00:14:46,0
00:14:47,1
00:14:49,0
00:14:51,1
00:14:53,0
00:14:54,1
00:14:57,0
00:14:58,1
00:15:00,0
00:15:02,1
00:15:04,0
00:15:05,1
00:15:08,0
00:15:09,1
00:15:12,0
00:15:13,1
00:15:16,0
00:15:17,1
00:15:20,0
00:15:22,1
00:15:24,0
00:15:26,1
00:15:29,0
00:15:30,1
00:15:33,0
00:15:34,1
00:15:37,0
00:15:38,1
00:15:41,0
00:15:42,1
00:15:46,0
00:15:47,1
00:15:50,0
00:15:52,1
00:15:55,0
00:15:56,1
00:16:00,0
00:16:00,1
00:16:03,0
00:16:05,1
00:16:08,0
00:16:09,1
00:16:12,0
00:16:13,1
00:16:16,0
00:16:17,1
00:16:20,0
00:16:21,1
00:16:24,0
00:16:25,1
00:16:28,0
00:16:29,1
00:16:33,0
00:16:34,1
00:16:37,0
00:16:39,1
00:16:42,0
00:16:43,1
00:16:47,0
00:16:48,1
00:16:52,0
00:16:53,1
00:16:56,0
00:16:58,1
00:17:01,0
00:17:03,1
00:17:06,0
00:17:07,1
00:17:11,0
00:17:12,1
00:17:16,0
00:17:17,1
00:17:20,0
00:17:22,1
00:17:25,0
00:17:26,1
00:17:29,0
00:17:30,1
00:17:33,0
00:17:35,1
00:17:37,0
00:17:39,1
00:17:42,0
00:17:44,1
00:17:45,0
00:17:47,1
00:17:49,0
00:17:50,1
00:17:53,0
00:17:54,1
00:17:57,0
00:17:58,1
00:18:01,0
00:18:02,1
00:18:05,0
00:18:06,1
00:18:09,0
00:18:10,1
00:18:13,0
00:18:14,1
00:18:17,0
00:18:18,1
00:18:21,0
00:18:23,1
00:18:26,0
00:18:27,1
00:18:30,0
00:18:32,1
00:18:35,0
00:18:36,1
00:18:39,0
00:18:41,1
00:18:44,0
00:18:46,1
00:18:49,0
00:18:51,1
00:18:55,0
00:18:56,1
00:19:00,0
00:19:01,1
00:19:05,0
00:19:06,1
00:19:09,0
00:19:12,1
00:19:14,0
00:19:15,1
00:19:18,0
00:19:20,1
00:19:22,0
00:19:24,1
00:19:28,0
00:19:28,1
00:19:32,0
00:19:32,1
00:19:36,0
00:19:36,1
00:19:40,0
00:19:42,1
00:19:44,0
00:19:46,1
00:19:48,0
00:19:50,1
00:19:52,0
00:19:55,1
00:19:58,0
00:19:59,1
00:20:02,0
00:20:03,1
00:20:06,0
00:20:08,1
00:20:11,0
00:20:12,1
00:20:16,0
00:20:17,1
00:20:20,0
00:20:22,1
00:20:25,0
00:20:26,1
00:20:29,0
00:20:30,1
00:20:33,0
00:20:35,1
00:20:38,0
00:20:39,1
00:20:42,0
00:20:43,1
00:20:46,0
00:20:47,1
00:20:50,0
00:20:51,1
00:20:54,0
00:20:55,1
00:20:57,0
00:20:59,1
00:21:01,0
00:21:02,1
00:21:05,0
00:21:06,1
00:21:09,0
00:21:10,1
00:21:12,0
00:21:13,1
00:21:16,0
00:21:17,1
00:21:20,0
00:21:21,1
00:21:24,0
00:21:25,1
00:21:28,0
00:21:29,1
00:21:32,0
00:21:33,1
00:21:36,0
00:21:37,1
00:21:40,0
00:21:41,1
00:21:44,0
00:21:45,1
00:21:47,0
00:21:49,1
00:21:51,0
00:21:53,1
00:21:55,0
00:21:57,1
00:21:59,0
00:22:01,1
00:22:04,0
00:22:05,1
00:22:08,0
00:22:09,1
00:22:12,0
00:22:13,1
00:22:17,0
00:22:18,1
00:22:21,0
00:22:22,1
00:22:25,0
00:22:26,1
00:22:29,0
00:22:31,1
00:22:34,0
00:22:35,1
00:22:39,0
00:22:40,1
00:22:43,0
00:22:44,1
00:22:48,0
00:22:49,1
00:22:52,0
00:22:53,1
00:22:57,0
00:22:58,1
00:23:01,0
00:23:02,1
00:23:05,0
00:23:06,1
00:23:09,0
00:23:10,1
00:23:14,1
00:23:17,0
00:23:18,1
00:23:21,0
00:23:23,1
00:23:25,0
00:23:27,1
00:23:30,0
00:23:31,1
00:23:34,0
00:23:35,1
00:23:38,0
00:23:39,1
00:23:42,0
00:23:43,1
00:23:46,0
00:23:48,1
00:23:50,0
00:23:52,1
00:23:54,0
00:23:56,1
00:23:58,0
00:24:00,1
00:24:02,0
00:24:04,1
00:24:06,0
00:24:07,1
00:24:10,0
00:24:11,1
00:24:14,0
00:24:15,1
00:24:17,0
00:24:19,1
00:24:21,0
00:24:23,1
00:24:25,0
00:24:26,1
00:24:29,0
00:24:30,1
00:24:33,0
00:24:34,1
00:24:36,0
00:24:38,1
00:24:40,0
00:24:41,1
00:24:44,0
00:24:45,1
00:24:48,0
00:24:49,1
00:24:51,0
00:24:52,1
00:24:55,0
00:24:56,1
00:24:59,0
00:25:00,1
00:25:02,0
00:25:03,1
00:25:06,0
00:25:07,1
00:25:09,0
00:25:10,1
00:25:13,0
00:25:14,1
00:25:16,0
00:25:17,1
00:25:19,0
00:25:21,1
00:25:23,0
00:25:24,1
00:25:26,0
00:25:27,1
00:25:30,0
00:25:31,1
00:25:34,0
00:25:35,1
00:25:37,0
00:25:38,1
00:25:41,0
00:25:42,1
00:25:45,0
00:25:46,1
00:25:48,0
00:25:50,1
00:25:52,0
00:25:53,1
00:25:56,0
00:25:57,1
00:26:00,0
00:26:01,1
00:26:04,0
00:26:05,1
00:26:08,0
00:26:09,1
00:26:12,0
00:26:13,1
00:26:16,0
00:26:17,1
00:26:20,0
00:26:21,1
00:26:24,0
00:26:26,1
00:26:29,0
00:26:30,1
00:26:33,0
00:26:34,1
00:26:38,0
00:26:39,1
00:26:42,0
00:26:44,1
00:26:47,0
00:26:48,1
00:26:51,0
00:26:53,1
00:26:56,0
00:26:57,1
00:27:00,0
00:27:02,1
00:27:05,0
00:27:06,1
00:27:09,0
00:27:11,1
00:27:14,0
00:27:15,1
00:27:18,0
00:27:19,1
00:27:22,0
00:27:23,1
00:27:26,0
00:27:28,1
00:27:31,0
00:27:32,1
00:27:35,0
00:27:36,1
00:27:39,0
00:27:40,1
00:27:43,0
00:27:45,1
00:27:47,0
00:27:49,1
00:27:52,0
00:27:53,1
00:27:56,0
00:27:57,1
00:28:00,0
00:28:01,1
00:28:04,0
00:28:05,1
00:28:08,0
00:28:09,1
00:28:11,0
00:28:12,1
00:28:15,0
00:28:16,1
00:28:18,0
00:28:19,1
00:28:21,0
00:28:22,1
00:28:24,0
00:28:25,1
00:28:32,0
00:28:32,1
00:28:34,0
00:28:35,1
00:28:37,0
00:28:38,1
00:28:40,0
00:28:41,1
00:28:43,0
00:28:44,1
00:28:46,0
00:28:47,1
00:28:49,0
00:28:50,1
00:28:52,0
00:28:53,1
00:28:55,0
00:28:56,1
00:28:58,0
00:28:59,1
00:29:01,0
00:29:02,1
00:29:04,0
00:29:05,1
00:29:07,0
00:29:08,1
00:29:10,0
00:29:11,1
00:29:14,0
00:29:15,1
00:29:16,0
00:29:18,1
00:29:20,0
00:29:21,1
00:29:22,0
00:29:24,1
00:29:26,0
00:29:27,1
00:29:29,0
00:29:30,1
00:29:33,0
00:29:34,1
00:29:36,0
00:29:37,1
00:29:39,0
00:29:40,1
00:29:42,0
00:29:43,1
00:29:45,0
00:29:46,1
00:29:48,0
00:29:49,1
00:29:55,0
00:29:56,1
00:29:58,0
00:29:59,1
00:30:01,0
00:30:02,1
00:30:04,0
00:30:05,1
00:30:08,0
00:30:09,1
00:30:11,0
00:30:12,1
00:30:14,0
00:30:15,1
00:30:18,0
00:30:19,1
00:30:21,0
00:30:22,1
00:30:25,0
00:30:26,1
00:30:28,0
00:30:29,1
00:30:32,0
00:30:33,1
00:30:36,0
00:30:37,1
00:30:39,0
00:30:40,1
00:30:43,0
00:30:44,1
00:30:47,0
00:30:48,1
00:30:51,0
00:30:52,1
00:30:55,0
00:30:56,1
00:30:59,0
00:31:01,1
00:31:04,0
00:31:05,1
00:31:08,0
00:31:09,1
00:31:12,0
00:31:14,1
00:31:17,0
00:31:18,1
00:31:22,0
00:31:23,1
00:31:26,0
00:31:27,1
00:31:30,0
00:31:32,1
00:31:35,0
00:31:36,1
00:31:39,0
00:31:40,1
00:31:43,0
00:31:44,1
00:31:47,0
00:31:48,1
00:31:51,0
00:31:52,1
00:31:54,0
00:31:55,1
00:31:58,0
00:31:59,1
00:32:02,0
00:32:03,1
00:32:05,0
00:32:06,1
00:32:09,0
00:32:10,1
00:32:13,0
00:32:14,1
00:32:17,0
00:32:18,1
00:32:20,0
00:32:21,1
00:32:24,0
00:32:25,1
00:32:27,0
00:32:28,1
00:32:31,0
00:32:32,1
00:32:34,0
00:32:36,1
00:32:38,0
00:32:39,1
00:32:41,0
00:32:42,1
00:32:45,0
00:32:46,1
00:32:48,0
00:32:49,1
00:32:51,0
00:32:52,1
00:32:55,0
00:32:56,1
00:32:58,0
00:32:59,1
00:33:01,0
00:33:02,1
00:33:05,0
00:33:06,1
00:33:08,0
00:33:09,1
00:33:12,0
00:33:13,1
00:33:15,0
00:33:16,1
00:33:19,0
00:33:20,1
00:33:22,0
00:33:23,1
00:33:25,0
00:33:26,1
00:33:29,0
00:33:30,1
00:33:32,0
00:33:33,1
00:33:36,0
00:33:37,1
00:33:39,0
00:33:40,1
00:33:42,0
00:33:43,1
00:33:45,0
00:33:46,1
00:33:49,0
00:33:50,1
00:33:52,0
00:33:53,1
00:33:56,0
00:33:57,1
00:33:59,0
00:34:00,1
00:34:03,0
00:34:04,1
00:34:06,0
00:34:07,1
00:34:10,0
00:34:11,1
00:34:13,0
00:34:15,1
00:34:17,0
00:34:18,1
00:34:21,0
00:34:22,1
00:34:25,0
00:34:26,1
00:34:29,0
00:34:30,1
00:34:33,0
00:34:34,1
00:34:37,0
00:34:38,1
00:34:41,0
00:34:43,1
00:34:46,0
00:34:47,1
00:34:50,0
00:34:51,1
00:34:55,0
00:34:56,1
00:34:59,0
00:35:00,1
00:35:03,0
00:35:05,1
00:35:08,0
00:35:09,1
00:35:12,0
00:35:13,1
00:35:16,0
00:35:18,1
00:35:21,0
00:35:22,1
00:35:25,0
00:35:26,1
00:35:29,0
00:35:30,1
00:35:33,0
00:35:34,1
00:35:37,0
00:35:38,1
00:35:41,0
00:35:42,1
00:35:45,0
00:35:46,1
00:35:48,0
00:35:49,1
00:35:52,0
00:35:53,1
00:35:55,0
00:35:57,1
00:35:59,0
00:36:00,1
00:36:02,0
00:36:04,1
00:36:06,0
00:36:07,1
00:36:10,0
00:36:11,1
00:36:14,0
00:36:15,1
00:36:17,0
00:36:19,1
00:36:21,0
00:36:22,1
00:36:25,0
00:36:26,1
00:36:29,0
00:36:30,1
00:36:32,0
00:36:33,1
00:36:36,0
00:36:37,1
00:36:39,0
00:36:40,1
00:36:42,0
00:36:43,1
00:36:46,0
00:36:47,1
00:36:49,0
00:36:50,1
00:36:52,0
00:36:53,1
00:36:55,0
00:36:56,1
00:36:58,0
00:36:59,1
00:37:02,0
00:37:03,1
00:37:05,0
00:37:06,1
00:37:08,0
00:37:09,1
00:37:11,0
00:37:12,1
00:37:14,0
00:37:15,1
00:37:17,0
00:37:18,1
00:37:20,0
00:37:21,1
00:37:23,0
00:37:24,1
00:37:26,0
00:37:27,1
00:37:34,0
00:37:34,1
00:37:36,0
00:37:37,1
00:37:39,0
00:37:40,1
00:37:42,0
00:37:43,1
00:37:45,0
00:37:46,1
00:37:48,0
00:37:49,1
00:37:52,0
00:37:52,1
00:37:56,0
00:37:56,1
00:37:58,0
00:38:00,1
00:38:02,0
00:38:03,1
00:38:04,0
00:38:06,1
00:38:08,0
00:38:09,1
00:38:11,0
00:38:12,1
00:38:14,0
00:38:15,1
00:38:18,0
00:38:19,1
00:38:21,0
00:38:22,1
00:38:24,0
00:38:25,1
00:38:27,0
00:38:28,1
00:38:30,0
00:38:31,1
00:38:33,0
00:38:34,1
00:38:36,0
00:38:37,1
00:38:39,0
00:38:40,1
00:38:43,0
00:38:44,1
00:38:46,0
00:38:47,1
00:38:49,0
00:38:50,1
00:38:53,0
00:38:54,1
00:38:56,0
00:38:57,1
00:39:00,0
00:39:01,1
00:39:03,0
00:39:04,1
00:39:06,0
00:39:07,1
00:39:10,0
00:39:11,1
00:39:13,0
00:39:14,1
00:39:17,0
00:39:18,1
00:39:20,0
00:39:21,1
00:39:23,0
00:39:24,1
00:39:26,0
00:39:27,1
00:39:30,0
00:39:31,1
00:39:33,0
00:39:34,1
00:39:36,0
00:39:37,1
00:39:39,0
00:39:40,1
00:39:43,0
00:39:44,1
00:39:46,0
00:39:47,1
00:39:49,0
00:39:50,1
00:39:52,0
00:39:53,1
00:39:56,0
00:39:57,1
00:39:59,0
00:40:00,1
00:40:03,0
00:40:04,1
00:40:06,0
00:40:08,1
00:40:10,0
00:40:11,1
00:40:14,0
00:40:15,1
00:40:18,0
00:40:19,1
00:40:22,0
00:40:23,1
00:40:26,0
00:40:27,1
00:40:29,0
00:40:31,1
00:40:33,0
00:40:34,1
00:40:37,0
00:40:38,1
00:40:40,0
00:40:41,1
00:40:44,0
00:40:45,1
00:40:47,0
00:40:48,1
00:40:50,0
00:40:51,1
00:40:54,0
00:40:55,1
00:40:57,0
00:40:58,1
00:41:01,0
00:41:02,1
00:41:04,0
00:41:05,1
00:41:07,0
00:41:08,1
00:41:10,0
00:41:11,1
00:41:14,0
00:41:15,1
00:41:17,0
00:41:18,1
00:41:20,0
00:41:21,1
00:41:24,0
00:41:25,1
00:41:27,0
00:41:28,1
00:41:30,0
00:41:31,1
00:41:34,0
00:41:35,1
00:41:37,0
00:41:38,1
00:41:41,0
00:41:42,1
00:41:44,0
00:41:45,1
00:41:48,0
00:41:49,1
00:41:51,0
00:41:52,1
00:41:54,0
00:41:55,1
00:41:58,0
00:41:59,1
00:42:01,0
00:42:02,1
00:42:04,0
00:42:05,1
00:42:07,0
00:42:08,1
00:42:10,0
00:42:11,1
00:42:14,0
00:42:15,1
00:42:17,0
00:42:18,1
00:42:20,0
00:42:21,1
00:42:23,0
00:42:24,1
00:42:31,0
00:42:31,1
00:42:33,0
00:42:34,1
00:42:36,0
00:42:37,1
00:42:39,0
00:42:40,1
00:42:43,0
00:42:44,1
00:42:46,0
00:42:47,1
00:42:49,0
00:42:50,1
00:42:53,0
00:42:54,1
00:42:56,0
00:42:57,1
00:43:00,0
00:43:01,1
00:43:03,0
00:43:04,1
00:43:07,0
00:43:08,1
00:43:10,0
00:43:11,1
00:43:14,0
00:43:15,1
00:43:17,0
00:43:18,1
00:43:21,0
00:43:22,1
00:43:25,0
00:43:26,1
00:43:29,0
00:43:30,1
00:43:33,0
00:43:34,1
00:43:37,0
00:43:38,1
00:43:41,0
00:43:43,1
00:43:46,0
00:43:47,1
00:43:50,0
00:43:52,1
00:43:55,0
00:43:57,1
00:44:00,0
00:44:02,1
00:44:06,0
00:44:07,1
00:44:11,0
00:44:12,1
00:44:16,0
00:44:17,1
00:44:20,0
00:44:22,1
00:44:25,0
00:44:26,1
00:44:30,0
00:44:31,1
00:44:34,0
00:44:35,1
00:44:38,0
00:44:39,1
00:44:42,0
00:44:44,1
00:44:47,0
00:44:48,1
00:44:51,0
00:44:52,1
00:44:55,0
00:44:58,1
00:45:00,0
00:45:01,1
00:45:04,0
00:45:05,1
00:45:08,0
00:45:10,1
00:45:14,0
00:45:14,1
00:45:18,0
00:45:18,1
00:45:22,0
00:45:22,1
00:45:26,0
00:45:28,1
00:45:30,0
00:45:32,1
00:45:34,0
00:45:36,1
00:45:38,0
00:45:40,1
00:45:42,0
00:45:43,1
00:45:46,0
00:45:46,1
00:45:50,0
00:45:51,1
00:45:53,0
00:45:54,1
00:45:56,0
00:45:58,1
00:46:00,0
00:46:01,1
00:46:03,0
00:46:04,1
00:46:07,0
00:46:08,1
00:46:10,0
00:46:11,1
00:46:13,0
00:46:14,1
00:46:16,0
00:46:17,1
00:46:19,0
00:46:20,1
00:46:23,0
00:46:24,1
00:46:26,0
00:46:27,1
00:46:29,0
00:46:30,1
00:46:32,0
00:46:33,1
00:46:35,0
00:46:36,1
00:46:38,0
00:46:39,1
00:46:41,0
00:46:42,1
00:46:44,0
00:46:45,1
00:46:47,0
00:46:48,1
00:46:50,0
00:46:51,1
00:46:53,0
00:46:54,1
00:46:56,0
00:46:57,1
00:46:59,0
00:47:00,1
00:47:02,0
00:47:03,1
00:47:05,0
00:47:06,1
00:47:08,0
00:47:09,1
00:47:12,0
00:47:13,1
00:47:15,0
00:47:16,1
00:47:18,0
00:47:19,1
00:47:21,0
00:47:22,1
00:47:25,0
00:47:26,1
00:47:28,0
00:47:29,1
00:47:32,0
00:47:33,1
00:47:36,0
00:47:37,1
00:47:39,0
00:47:40,1
00:47:43,0
00:47:44,1
00:47:47,0
00:47:48,1
00:47:50,0
00:47:51,1
00:47:54,0
00:47:55,1
00:47:58,0
00:47:59,1
00:48:01,0
00:48:03,1
00:48:05,0
00:48:06,1
00:48:09,0
00:48:10,1
00:48:13,0
00:48:14,1
00:48:17,0
00:48:18,1
00:48:21,0
00:48:22,1
00:48:25,0
00:48:26,1
00:48:29,0
00:48:30,1
00:48:33,0
00:48:34,1
00:48:37,0
00:48:38,1
00:48:41,0
00:48:42,1
00:48:45,0
00:48:46,1
00:48:48,0
00:48:49,1
00:48:52,0
00:48:53,1
00:48:55,0
00:48:56,1
00:48:59,0
00:49:00,1
00:49:02,0
00:49:03,1
00:49:06,0
00:49:07,1
00:49:09,0
00:49:10,1
00:49:12,0
00:49:13,1
00:49:15,0
00:49:16,1
00:49:18,0
00:49:19,1
00:49:26,0
00:49:26,1
00:49:28,0
00:49:29,1
00:49:31,0
00:49:32,1
00:49:34,0
00:49:35,1
00:49:37,0
00:49:38,1
00:49:40,0
00:49:41,1
00:49:43,0
00:49:44,1
00:49:46,0
00:49:47,1
00:49:49,0
00:49:50,1
00:49:52,0
00:49:53,1
00:49:55,0
00:49:56,1
00:49:58,0
00:49:59,1
00:50:01,0
00:50:02,1
00:50:04,0
00:50:05,1
00:50:07,0
00:50:08,1
00:50:10,0
00:50:11,1
00:50:13,0
00:50:14,1
00:50:16,0
00:50:17,1
00:50:19,0
00:50:20,1
00:50:22,0
00:50:23,1
00:50:25,0
00:50:26,1
00:50:28,0
00:50:29,1
00:50:31,0
00:50:32,1
00:50:35,0
00:50:36,1
00:50:38,0
00:50:39,1
00:50:41,0
00:50:42,1
00:50:45,0
00:50:46,1
00:50:48,0
00:50:49,1
00:50:52,0
00:50:53,1
00:50:55,0
00:50:56,1
00:50:59,0
00:51:00,1
00:51:02,0
00:51:03,1
00:51:06,0
00:51:07,1
00:51:09,0
00:51:10,1
00:51:13,0
00:51:14,1
00:51:16,0
00:51:17,1
00:51:20,0
00:51:21,1
00:51:23,0
00:51:24,1
00:51:27,0
00:51:28,1
00:51:30,0
00:51:32,1
00:51:34,0
00:51:36,1
00:51:38,0
00:51:39,1
00:51:40,0
00:51:42,1
00:51:45,0
00:51:46,1
00:51:48,0
00:51:48,1
00:51:52,0
00:51:53,1
00:51:55,0
00:51:56,1
00:51:58,0
00:51:59,1
00:52:01,0
00:52:02,1
00:52:05,0
00:52:06,1
00:52:08,0
00:52:09,1
00:52:12,0
00:52:13,1
00:52:15,0
00:52:16,1
00:52:19,0
00:52:20,1
00:52:22,0
00:52:23,1
00:52:25,0
00:52:26,1
00:52:29,0
00:52:30,1
00:52:32,0
00:52:33,1
00:52:36,0
00:52:37,1
00:52:39,0
00:52:40,1
00:52:43,0
00:52:44,1
00:52:47,0
00:52:48,1
00:52:50,0
00:52:51,1
00:52:54,0
00:52:55,1
00:52:58,0
00:52:59,1
00:53:02,0
00:53:03,1
00:53:05,0
00:53:07,1
00:53:09,0
00:53:11,1
00:53:13,0
00:53:15,1
00:53:17,0
00:53:19,1
00:53:21,0
00:53:23,1
00:53:25,0
00:53:26,1
00:53:29,0
00:53:30,1
00:53:32,0
00:53:33,1
00:53:36,0
00:53:37,1
00:53:39,0
00:53:40,1
00:53:43,0
00:53:44,1
00:53:46,0
00:53:47,1
00:53:50,0
00:53:51,1
00:53:53,0
00:53:54,1
00:53:56,0
00:53:57,1
00:53:59,0
00:54:00,1
00:54:03,0
00:54:04,1
00:54:06,0
00:54:07,1
00:54:09,0
00:54:10,1
00:54:12,0
00:54:13,1
00:54:15,0
00:54:16,1
00:54:19,0
00:54:20,1
00:54:22,0
00:54:23,1
00:54:25,0
00:54:26,1
00:54:28,0
00:54:29,1
00:54:32,0
00:54:33,1
00:54:35,0
00:54:36,1
00:54:38,0
00:54:39,1
00:54:42,0
00:54:43,1
00:54:45,0
00:54:46,1
00:54:49,0
00:54:50,1
00:54:52,0
00:54:53,1
00:54:56,0
00:54:57,1
00:55:00,0
00:55:01,1
00:55:04,0
00:55:05,1
00:55:08,0
00:55:09,1
00:55:12,0
00:55:13,1
00:55:16,0
00:55:18,1
00:55:20,0
00:55:22,1
00:55:24,0
00:55:25,1
00:55:28,0
00:55:29,1
00:55:32,0
00:55:33,1
00:55:36,0
00:55:37,1
00:55:39,0
00:55:40,1
00:55:43,0
00:55:44,1
00:55:47,0
00:55:48,1
00:55:50,0
00:55:51,1
00:55:54,0
00:55:55,1
00:55:57,0
00:55:59,1
00:56:01,0
00:56:02,1
00:56:05,0
00:56:06,1
00:56:09,0
00:56:10,1
00:56:13,0
00:56:14,1
00:56:17,0
00:56:18,1
00:56:20,0
00:56:21,1
00:56:24,0
00:56:25,1
00:56:28,0
00:56:29,1
00:56:31,0
00:56:32,1
00:56:35,0
00:56:36,1
00:56:38,0
00:56:39,1
00:56:41,0
00:56:42,1
00:56:45,0
00:56:46,1
00:56:48,0
00:56:49,1
00:56:52,0
00:56:53,1
00:56:55,0
00:56:56,1
00:56:58,0
00:56:59,1
00:57:02,0
00:57:03,1
00:57:05,0
00:57:06,1
00:57:09,0
00:57:10,1
00:57:13,0
00:57:15,1
00:57:17,0
00:57:18,1
00:57:21,0
00:57:22,1
00:57:25,0
00:57:26,1
00:57:29,0
00:57:31,1
00:57:34,0
00:57:35,1
00:57:38,0
00:57:40,1
00:57:43,0
00:57:44,1
00:57:47,0
00:57:49,1
00:57:52,0
00:57:53,1
00:57:57,0
00:57:58,1
00:58:01,0
00:58:03,1
00:58:06,0
00:58:07,1
00:58:10,0
00:58:11,1
00:58:14,0
00:58:15,1
00:58:18,0
00:58:19,1
00:58:22,0
00:58:24,1
00:58:26,0
00:58:28,1
00:58:30,0
00:58:32,1
00:58:35,0
00:58:36,1
00:58:39,0
00:58:40,1
00:58:43,0
00:58:44,1
00:58:47,0
00:58:48,1
00:58:52,0
00:58:53,1
00:58:56,0
00:58:58,1
00:59:00,0
00:59:02,1
00:59:06,0
00:59:06,1
00:59:09,0
00:59:12,1
00:59:14,0
00:59:16,1
00:59:20,0
00:59:20,1
00:59:24,0
00:59:25,1
00:59:30,0
00:59:30,1
00:59:33,0
00:59:36,1
00:59:38,0
00:59:40,1
00:59:42,0
00:59:44,1
00:59:46,0
00:59:48,1
00:59:50,0
00:59:52,1
00:59:55,0
00:59:56,1
00:59:58,0
01:00:00,1
01:00:02,0
01:00:03,1
01:00:06,0
01:00:07,1
01:00:09,0
01:00:10,1
01:00:13,0
01:00:14,1
01:00:16,0
01:00:17,1
01:00:20,0
01:00:21,1
01:00:23,0
01:00:24,1
01:00:27,0
01:00:28,1
01:00:30,0
01:00:31,1
01:00:34,0
01:00:35,1
01:00:37,0
01:00:38,1
01:00:40,0
01:00:41,1
01:00:43,0
01:00:44,1
01:00:47,0
01:00:48,1
01:00:50,0
01:00:51,1
01:00:53,0
01:00:54,1
01:00:57,0
01:00:58,1
01:01:00,0
01:01:01,1
01:01:03,0
01:01:04,1
01:01:06,0
01:01:07,1
01:01:10,0
01:01:11,1
01:01:13,0
01:01:14,1
01:01:17,0
01:01:18,1
01:01:20,0
01:01:21,1
01:01:23,0
01:01:24,1
01:01:27,0
01:01:28,1
01:01:30,0
01:01:31,1
01:01:34,0
01:01:35,1
01:01:37,0
01:01:38,1
01:01:41,0
01:01:42,1
01:01:44,0
01:01:45,1
01:01:47,0
01:01:48,1
01:01:50,0
01:01:51,1
01:01:54,0
01:01:55,1
01:01:58,0
01:01:59,1
01:02:01,0
01:02:02,1
01:02:05,0
01:02:06,1
01:02:09,0
01:02:10,1
01:02:12,0
01:02:14,1
01:02:16,0
01:02:17,1
01:02:20,0
01:02:21,1
01:02:24,0
01:02:25,1
01:02:28,0
01:02:29,1
01:02:31,0
01:02:33,1
01:02:35,0
01:02:36,1
01:02:39,0
01:02:40,1
01:02:43,0
01:02:44,1
01:02:46,0
01:02:47,1
01:02:50,0
01:02:51,1
01:02:53,0
01:02:54,1
01:02:57,0
01:02:58,1
01:03:00,0
01:03:01,1
01:03:04,0
01:03:05,1
01:03:08,0
01:03:09,1
01:03:11,0
01:03:13,1
01:03:15,0
01:03:16,1
01:03:19,0
01:03:20,1
01:03:23,0
01:03:24,1
01:03:28,0
01:03:29,1
01:03:32,0
01:03:33,1
01:03:36,0
01:03:37,1
01:03:40,0
01:03:41,1
01:03:44,0
01:03:45,1
01:03:48,0
01:03:49,1
01:03:52,0
01:03:53,1
01:03:56,0
01:03:57,1
01:03:59,0
01:04:00,1
01:04:03,0
01:04:04,1
01:04:06,0
01:04:07,1
01:04:10,0
01:04:11,1
01:04:13,0
01:04:14,1
01:04:16,0
01:04:17,1
01:04:20,0
01:04:21,1
01:04:23,0
01:04:24,1
01:04:26,0
01:04:28,1
01:04:30,0
01:04:31,1
01:04:33,0
01:04:34,1
01:04:37,0
01:04:38,1
01:04:40,0
01:04:41,1
01:04:43,0
01:04:44,1
01:04:47,0
01:04:48,1
01:04:50,0
01:04:51,1
01:04:54,0
01:04:55,1
01:04:57,0
01:04:58,1
01:05:01,0
01:05:02,1
01:05:04,0
01:05:05,1
01:05:08,0
01:05:09,1
01:05:11,0
01:05:12,1
01:05:15,0
01:05:16,1
01:05:18,0
01:05:19,1
01:05:22,0
01:05:23,1
01:05:26,0
01:05:27,1
01:05:29,0
01:05:30,1
01:05:33,0
01:05:34,1
01:05:37,0
01:05:38,1
01:05:40,0
01:05:41,1
01:05:44,0
01:05:45,1
01:05:47,0
01:05:48,1
01:05:51,0
01:05:52,1
01:05:54,0
01:05:56,1
01:05:58,0
01:06:00,1
01:06:03,0
01:06:04,1
01:06:06,0
01:06:07,1
01:06:10,0
01:06:11,1
01:06:12,0
01:06:14,1
01:06:17,0
01:06:18,1
01:06:20,0
01:06:21,1
01:06:24,0
01:06:25,1
01:06:28,0
01:06:29,1
01:06:32,0
01:06:33,1
01:06:36,0
01:06:37,1
01:06:39,0
01:06:41,1
01:06:43,0
01:06:44,1
01:06:47,0
01:06:48,1
01:06:50,0
01:06:52,1
01:06:54,0
01:06:55,1
01:06:58,0
01:06:59,1
01:07:01,0
01:07:02,1
01:07:05,0
01:07:06,1
01:07:08,0
01:07:09,1
01:07:12,0
01:07:13,1
01:07:15,0
01:07:16,1
01:07:19,0
01:07:20,1
01:07:23,0
01:07:24,1
01:07:26,0
01:07:28,1
01:07:30,0
01:07:32,1
01:07:34,0
01:07:36,1
01:07:38,0
01:07:40,1
01:07:42,0
01:07:44,1
01:07:46,0
01:07:48,1
01:07:50,0
01:07:52,1
01:07:54,0
01:07:55,1
01:07:58,0
01:07:59,1
01:08:02,0
01:08:03,1
01:08:06,0
01:08:07,1
01:08:09,0
01:08:10,1
01:08:13,0
01:08:14,1
01:08:16,0
01:08:17,1
01:08:20,0
01:08:21,1
01:08:23,0
01:08:24,1
01:08:27,0
01:08:28,1
01:08:30,0
01:08:31,1
01:08:34,0
01:08:35,1
01:08:38,0
01:08:39,1
01:08:41,0
01:08:42,1
01:08:45,0
01:08:46,1
01:08:48,0
01:08:49,1
01:08:52,0
01:08:53,1
01:08:55,0
01:08:56,1
01:08:59,0
01:09:00,1
01:09:02,0
01:09:03,1
01:09:06,0
01:09:07,1
01:09:09,0
01:09:10,1
01:09:12,0
01:09:13,1
01:09:15,0
01:09:16,1
01:09:18,0
01:09:19,1
01:09:22,0
01:09:23,1
01:09:25,0
01:09:26,1
01:09:28,0
01:09:29,1
01:09:31,0
01:09:32,1
01:09:35,0
01:09:36,1
01:09:38,0
01:09:39,1
01:09:41,0
01:09:43,1
01:09:45,0
01:09:46,1
01:09:48,0
01:09:49,1
01:09:52,0
01:09:53,1
01:09:55,0
01:09:56,1
01:09:59,0
01:10:00,1
01:10:02,0
01:10:03,1
01:10:05,0
01:10:06,1
01:10:08,0
01:10:09,1
01:10:11,0
01:10:12,1
01:10:14,0
01:10:15,1
01:10:17,0
01:10:18,1
01:10:25,0
01:10:25,1
01:10:27,0
01:10:28,1
01:10:30,0
01:10:31,1
01:10:33,0
01:10:34,1
01:10:36,0
01:10:37,1
01:10:39,0
01:10:40,1
01:10:42,0
01:10:43,1
01:10:45,0
01:10:46,1
01:10:48,0
01:10:49,1
01:10:51,0
01:10:52,1
01:10:54,0
01:10:55,1
01:10:57,0
01:10:58,1
01:11:00,0
01:11:01,1
01:11:03,0
01:11:04,1
01:11:06,0
01:11:07,1
01:11:09,0
01:11:10,1
01:11:12,0
01:11:13,1
01:11:15,0
01:11:16,1
01:11:18,0
01:11:19,1
01:11:23,0
01:11:24,1
01:11:26,0
01:11:27,1
01:11:29,0
01:11:30,1
01:11:32,0
01:11:33,1
01:11:35,0
01:11:36,1
01:11:38,0
01:11:39,1
01:11:41,0
01:11:42,1
01:11:44,0
01:11:45,1
01:11:47,0
01:11:48,1
01:11:50,0
01:11:51,1
01:11:53,0
01:11:54,1
01:11:56,0
01:11:57,1
01:12:00,0
01:12:02,1
01:12:04,0
01:12:04,1
01:12:06,0
01:12:08,1
01:12:10,0
01:12:11,1
01:12:14,0
01:12:15,1
01:12:17,0
01:12:18,1
01:12:21,0
01:12:22,1
01:12:24,0
01:12:25,1
01:12:27,0
01:12:28,1
01:12:31,0
01:12:32,1
01:12:34,0
01:12:35,1
01:12:38,0
01:12:39,1
01:12:41,0
01:12:42,1
01:12:44,0
01:12:45,1
01:12:48,0
01:12:49,1
01:12:51,0
01:12:52,1
01:12:54,0
01:12:55,1
01:12:57,0
01:12:58,1
01:13:00,0
01:13:01,1
01:13:04,0
01:13:05,1
01:13:07,0
01:13:08,1
01:13:10,0
01:13:11,1
01:13:13,0
01:13:14,1
01:13:16,0
01:13:17,1
01:13:19,0
01:13:20,1
01:13:23,0
01:13:24,1
01:13:26,0
01:13:27,1
01:13:29,0
01:13:30,1
01:13:32,0
01:13:33,1
01:13:35,0
01:13:36,1
01:13:38,0
01:13:39,1
01:13:42,0
01:13:43,1
01:13:45,0
01:13:46,1
01:13:48,0
01:13:49,1
01:13:51,0
01:13:52,1
01:13:55,0
01:13:56,1
01:13:58,0
01:13:59,1
01:14:01,0
01:14:02,1
01:14:05,0
01:14:06,1
01:14:08,0
01:14:09,1
01:14:12,0
01:14:13,1
01:14:15,0
01:14:16,1
01:14:19,0
01:14:20,1
01:14:22,0
01:14:24,1
01:14:26,0
01:14:27,1
01:14:30,0
01:14:31,1
01:14:33,0
01:14:34,1
01:14:37,0
01:14:38,1
01:14:40,0
01:14:41,1
01:14:44,0
01:14:45,1
01:14:47,0
01:14:48,1
01:14:51,0
01:14:52,1
01:14:54,0
01:14:55,1
01:14:58,0
01:14:59,1
01:15:01,0
01:15:02,1
01:15:05,0
01:15:06,1
01:15:09,0
01:15:10,1
01:15:12,0
01:15:13,1
01:15:16,0
01:15:17,1
01:15:19,0
01:15:20,1
01:15:23,0
01:15:24,1
01:15:26,0
01:15:27,1
01:15:30,0
01:15:31,1
01:15:34,0
01:15:35,1
01:15:37,0
01:15:38,1
01:15:41,0
01:15:42,1
01:15:45,0
01:15:46,1
01:15:48,0
01:15:49,1
01:15:52,0
01:15:53,1
01:15:56,0
01:15:57,1
01:15:59,0
01:16:01,1
01:16:04,0
01:16:05,1
01:16:08,0
01:16:09,1
01:16:12,0
01:16:14,1
01:16:17,0
01:16:18,1
01:16:21,0
01:16:22,1
01:16:25,0
01:16:27,1
01:16:30,0
01:16:31,1
01:16:34,0
01:16:35,1
01:16:39,0
01:16:40,1
01:16:43,0
01:16:45,1
01:16:48,0
01:16:49,1
01:16:52,0
01:16:53,1
01:16:56,0
01:16:58,1
01:17:01,0
01:17:02,1
01:17:05,0
01:17:06,1
01:17:09,0
01:17:11,1
01:17:14,0
01:17:15,1
01:17:18,0
01:17:19,1
01:17:22,0
01:17:23,1
01:17:26,0
01:17:27,1
01:17:29,0
01:17:31,1
01:17:33,0
01:17:34,1
01:17:37,0
01:17:38,1
01:17:40,0
01:17:41,1
01:17:44,0
01:17:45,1
01:17:47,0
01:17:48,1
01:17:51,0
01:17:52,1
01:17:54,0
01:17:55,1
01:17:58,0
01:17:59,1
01:18:01,0
01:18:02,1
01:18:05,0
01:18:06,1
01:18:08,0
01:18:09,1
01:18:12,0
01:18:13,1
01:18:15,0
01:18:17,1
01:18:19,0
01:18:20,1
01:18:23,0
01:18:24,1
01:18:27,0
01:18:28,1
01:18:31,0
01:18:32,1
01:18:35,0
01:18:36,1
01:18:38,0
01:18:39,1
01:18:42,0
01:18:43,1
01:18:46,0
01:18:47,1
01:18:49,0
01:18:50,1
01:18:53,0
01:18:54,1
01:18:56,0
01:18:57,1
01:18:59,0
01:19:00,1
01:19:03,0
01:19:04,1
01:19:06,0
01:19:07,1
01:19:10,0
01:19:12,1
01:19:14,0
01:19:14,1
01:19:16,0
01:19:18,1
01:19:20,0
01:19:20,1
01:19:24,0
01:19:24,1
01:19:26,0
01:19:28,1
01:19:30,0
01:19:31,1
01:19:33,0
01:19:34,1
01:19:36,0
01:19:37,1
01:19:39,0
01:19:40,1
01:19:46,0
01:19:47,1
01:19:49,0
01:19:50,1
01:19:52,0
01:19:53,1
01:19:55,0
01:19:56,1
01:19:58,0
01:19:59,1
01:20:01,0
01:20:02,1
01:20:05,1
01:20:07,0
01:20:08,1
01:20:15,0
01:20:15,1
01:20:17,0
01:20:18,1
01:20:20,0
01:20:21,1
01:20:23,0
01:20:24,1
01:20:26,0
01:20:27,1
01:20:29,0
01:20:30,1
01:20:33,0
01:20:34,1
01:20:36,0
01:20:37,1
01:20:40,0
01:20:41,1
01:20:43,0
01:20:44,1
01:20:47,0
01:20:48,1
01:20:50,0
01:20:51,1
01:20:54,0
01:20:55,1
01:20:58,0
01:20:59,1
01:21:01,0
01:21:02,1
01:21:05,0
01:21:06,1
01:21:08,0
01:21:09,1
01:21:11,0
01:21:12,1
01:21:15,0
01:21:16,1
01:21:18,0
01:21:19,1
01:21:21,0
01:21:22,1
01:21:24,0
01:21:25,1
01:21:28,0
01:21:29,1
01:21:31,0
01:21:32,1
01:21:34,0
01:21:35,1
01:21:37,0
01:21:38,1
01:21:40,0
01:21:41,1
01:21:43,0
01:21:44,1
01:21:46,0
01:21:47,1
01:21:49,0
01:21:50,1
01:21:52,0
01:21:53,1
01:21:55,0
01:21:56,1
01:21:59,0
01:22:00,1
01:22:02,0
01:22:03,1
01:22:05,0
01:22:06,1
01:22:09,0
01:22:10,1
01:22:12,0
01:22:13,1
01:22:15,0
01:22:16,1
01:22:19,0
01:22:20,1
01:22:22,0
01:22:23,1
01:22:26,0
01:22:27,1
01:22:29,0
01:22:30,1
01:22:33,0
01:22:34,1
01:22:37,0
01:22:38,1
01:22:41,0
01:22:42,1
01:22:44,0
01:22:46,1
01:22:48,0
01:22:50,1
01:22:53,0
01:22:54,1
01:22:57,0
01:22:58,1
01:23:02,0
01:23:03,1
01:23:06,0
01:23:07,1
01:23:10,0
01:23:11,1
01:23:15,0
01:23:16,1
01:23:19,0
01:23:20,1
01:23:23,0
01:23:24,1
01:23:27,0
01:23:28,1
01:23:30,0
01:23:32,1
01:23:34,0
01:23:35,1
01:23:38,0
01:23:39,1
01:23:41,0
01:23:42,1
01:23:45,0
01:23:46,1
01:23:48,0
01:23:49,1
01:23:52,0
01:23:53,1
01:23:55,0
01:23:56,1
01:23:59,0
01:24:00,1
01:24:02,0
01:24:03,1
01:24:05,0
01:24:06,1
01:24:09,0
01:24:10,1
01:24:12,0
01:24:13,1
01:24:16,0
01:24:17,1
01:24:19,0
01:24:21,1
01:24:23,0
01:24:24,1
01:24:27,0
01:24:28,1
01:24:30,0
01:24:31,1
01:24:34,0
01:24:35,1
01:24:38,0
01:24:39,1
01:24:41,0
01:24:42,1
01:24:45,0
01:24:46,1
01:24:48,0
01:24:49,1
01:24:51,0
01:24:52,1
01:24:55,0
01:24:56,1
01:24:58,0
01:24:59,1
01:25:01,0
01:25:02,1
01:25:05,0
01:25:06,1
01:25:08,0
01:25:09,1
01:25:11,0
01:25:12,1
01:25:15,0
01:25:16,1
01:25:18,0
01:25:20,1
01:25:22,0
01:25:22,1
01:25:26,0
01:25:26,1
01:25:29,0
01:25:30,1
01:25:33,0
01:25:34,1
01:25:37,0
01:25:38,1
01:25:41,0
01:25:42,1
01:25:45,0
01:25:46,1
01:25:49,0
01:25:50,1
01:25:53,0
01:25:54,1
01:25:57,0
01:25:58,1
01:26:00,0
01:26:02,1
01:26:04,0
01:26:05,1
01:26:07,0
01:26:08,1
01:26:11,0
01:26:12,1
01:26:14,0
01:26:15,1
01:26:18,0
01:26:19,1
01:26:21,0
01:26:22,1
01:26:24,0
01:26:25,1
01:26:28,0
01:26:29,1
01:26:31,0
01:26:32,1
01:26:35,0
01:26:36,1
01:26:39,0
01:26:40,1
01:26:43,0
01:26:44,1
01:26:47,0
01:26:48,1
01:26:51,0
01:26:52,1
01:26:55,0
01:26:56,1
01:27:00,0
01:27:01,1
01:27:04,0
01:27:06,1
01:27:09,0
01:27:11,1
01:27:14,0
01:27:16,1
01:27:19,0
01:27:21,1
01:27:25,0
01:27:26,1
01:27:30,0
01:27:32,1
01:27:36,0
01:27:37,1
01:27:40,0
01:27:42,1
01:27:45,0
01:27:47,1
01:27:50,0
01:27:52,1
01:27:55,0
01:27:57,1
01:28:00,0
01:28:01,1
01:28:05,0
01:28:06,1
01:28:09,0
01:28:11,1
01:28:14,0
01:28:15,1
01:28:18,0
01:28:19,1
01:28:22,0
01:28:23,1
01:28:26,0
01:28:27,1
01:28:30,0
01:28:31,1
01:28:34,0
01:28:35,1
01:28:37,0
01:28:38,1
01:28:41,0
01:28:42,1
01:28:44,0
01:28:45,1
01:28:48,0
01:28:49,1
01:28:51,0
01:28:52,1
01:28:55,0
01:28:56,1
01:28:58,0
01:28:59,1
01:29:01,0
01:29:02,1
01:29:04,0
01:29:05,1
01:29:07,0
01:29:08,1
01:29:11,0
01:29:12,1
01:29:14,0
01:29:15,1
01:29:17,0
01:29:18,1
01:29:20,0
01:29:21,1
01:29:24,0
01:29:25,1
01:29:27,0
01:29:28,1
01:29:31,0
01:29:32,1
01:29:34,0
01:29:35,1
01:29:38,0
01:29:39,1
01:29:41,0
01:29:42,1
01:29:45,0
01:29:46,1
01:29:49,0
01:29:50,1
01:29:53,0
01:29:54,1
01:29:57,0
01:29:58,1
01:30:01,0
01:30:02,1
01:30:05,0
01:30:06,1
01:30:09,0
01:30:10,1
01:30:13,0
01:30:14,1
01:30:17,0
01:30:18,1
01:30:20,0
01:30:22,1
01:30:24,0
01:30:25,1
01:30:28,0
01:30:29,1
01:30:32,0
01:30:33,1
01:30:35,0
01:30:36,1
01:30:39,0
01:30:40,1
01:30:43,0
01:30:44,1
01:30:46,0
01:30:47,1
01:30:50,0
01:30:51,1
01:30:54,0
01:30:55,1
01:30:57,0
01:30:58,1
01:31:01,0
01:31:02,1
01:31:04,0
01:31:05,1
01:31:08,0
01:31:09,1
01:31:11,0
01:31:12,1
01:31:15,0
01:31:16,1
01:31:18,0
01:31:19,1
01:31:22,0
01:31:23,1
01:31:25,0
01:31:27,1
01:31:29,0
01:31:30,1
01:31:33,0
01:31:34,1
01:31:37,0
01:31:38,1
01:31:41,0
01:31:42,1
01:31:45,0
01:31:46,1
01:31:49,0
01:31:50,1
01:31:53,0
01:31:54,1
01:31:57,0
01:31:58,1
01:32:02,0
01:32:03,1
01:32:06,0
01:32:07,1
01:32:10,0
01:32:12,1
01:32:15,0
01:32:16,1
01:32:19,0
01:32:20,1
01:32:23,0
01:32:24,1
01:32:27,0
01:32:28,1
01:32:31,0
01:32:32,1
01:32:35,0
01:32:36,1
01:32:39,0
01:32:40,1
01:32:43,0
01:32:44,1
01:32:46,0
01:32:48,1
01:32:50,0
01:32:52,1
01:32:55,0
01:32:56,1
01:32:59,0
01:33:00,1
01:33:03,0
01:33:04,1
01:33:07,0
01:33:09,1
01:33:12,0
01:33:13,1
01:33:16,0
01:33:17,1
01:33:21,0
01:33:22,1
01:33:25,0
01:33:27,1
01:33:30,0
01:33:31,1
01:33:34,0
01:33:35,1
01:33:39,0
01:33:40,1
01:33:43,0
01:33:45,1
01:33:48,0
01:33:49,1
01:33:52,0
01:33:53,1
01:33:56,0
01:33:57,1
01:33:59,0
01:34:00,1
01:34:02,0
01:34:03,1
01:34:06,0
01:34:07,1
01:34:09,0
01:34:10,1
01:34:12,0
01:34:14,1
01:34:16,0
01:34:17,1
01:34:20,0
01:34:21,1
01:34:23,0
01:34:24,1
01:34:26,0
01:34:27,1
01:34:30,0
01:34:31,1
01:34:33,0
01:34:34,1
01:34:36,0
01:34:37,1
01:34:39,0
01:34:40,1
01:34:42,0
01:34:43,1
01:34:46,0
01:34:47,1
01:34:49,0
01:34:50,1
01:34:52,0
01:34:53,1
01:34:55,0
01:34:56,1
01:34:58,0
01:34:59,1
01:35:01,0
01:35:02,1
01:35:04,0
01:35:05,1
01:35:07,0
01:35:08,1
01:35:10,0
01:35:11,1
01:35:13,0
01:35:14,1
01:35:16,0
01:35:17,1
01:35:19,0
01:35:20,1
01:35:23,0
01:35:24,1
01:35:26,0
01:35:27,1
01:35:30,0
01:35:31,1
01:35:33,0
01:35:34,1
01:35:37,0
01:35:38,1
01:35:41,0
01:35:42,1
01:35:45,0
01:35:46,1
01:35:49,0
01:35:50,1
01:35:53,0
01:35:55,1
01:35:58,0
01:35:59,1
01:36:02,0
01:36:03,1
01:36:06,0
01:36:08,1
01:36:11,0
01:36:12,1
01:36:15,0
01:36:17,1
01:36:20,0
01:36:21,1
01:36:24,0
01:36:25,1
01:36:28,0
01:36:30,1
01:36:33,0
01:36:34,1
01:36:37,0
01:36:38,1
01:36:41,0
01:36:43,1
01:36:46,0
01:36:47,1
01:36:50,0
01:36:51,1
01:36:54,0
01:36:56,1
01:36:59,0
01:37:00,1
01:37:03,0
01:37:05,1
01:37:08,0
01:37:09,1
01:37:12,0
01:37:14,1
01:37:17,0
01:37:19,1
01:37:22,0
01:37:24,1
01:37:27,0
01:37:29,1
01:37:32,0
01:37:33,1
01:37:37,0
01:37:38,1
01:37:41,0
01:37:43,1
01:37:46,0
01:37:47,1
01:37:50,0
01:37:52,1
01:37:55,0
01:37:57,1
01:38:00,0
01:38:01,1
01:38:04,0
01:38:06,1
01:38:09,0
01:38:10,1
01:38:13,0
01:38:14,1
01:38:17,0
01:38:19,1
01:38:21,0
01:38:23,1
01:38:25,0
01:38:27,1
01:38:29,0
01:38:31,1
01:38:33,0
01:38:35,1
01:38:38,0
01:38:39,1
01:38:42,0
01:38:43,1
01:38:46,0
01:38:47,1
01:38:50,0
01:38:51,1
01:38:54,0
01:38:55,1
01:38:57,0
01:38:59,1
01:39:02,0
01:39:03,1
01:39:06,0
01:39:08,1
01:39:11,0
01:39:13,1
01:39:16,0
01:39:17,1
01:39:21,0
01:39:22,1
01:39:25,0
01:39:27,1
01:39:30,0
01:39:31,1
01:39:34,0
01:39:35,1
01:39:38,0
01:39:39,1
01:39:42,0
01:39:43,1
01:39:46,0
01:39:47,1
01:39:50,0
01:39:51,1
01:39:53,0
01:39:54,1
01:39:57,0
01:39:58,1
01:40:01,0
01:40:02,1
01:40:04,0
01:40:05,1
01:40:08,0
01:40:09,1
01:40:12,0
01:40:13,1
01:40:16,0
01:40:17,1
01:40:19,0
01:40:20,1
01:40:23,0
01:40:24,1
01:40:27,0
01:40:28,1
01:40:31,0
01:40:32,1
01:40:35,0
01:40:36,1
01:40:39,0
01:40:40,1
01:40:42,0
01:40:43,1
01:40:46,0
01:40:47,1
01:40:50,0
01:40:51,1
01:40:54,0
01:40:55,1
01:40:58,0
01:40:59,1
01:41:02,0
01:41:03,1
01:41:06,0
01:41:07,1
01:41:10,0
01:41:11,1
01:41:14,0
01:41:15,1
01:41:18,0
01:41:19,1
01:41:22,0
01:41:23,1
01:41:26,0
01:41:27,1
01:41:30,0
01:41:31,1
01:41:34,0
01:41:35,1
01:41:37,0
01:41:38,1
01:41:41,0
01:41:42,1
01:41:44,0
01:41:45,1
01:41:48,0
01:41:49,1
01:41:51,0
01:41:52,1
01:41:54,0
01:41:55,1
01:41:58,0
01:41:59,1
01:42:01,0
01:42:02,1
01:42:04,0
01:42:05,1
01:42:08,0
01:42:09,1
01:42:11,0
01:42:12,1
01:42:14,0
01:42:16,1
01:42:18,0
01:42:19,1
01:42:21,0
01:42:22,1
01:42:25,0
01:42:26,1
01:42:28,0
01:42:29,1
01:42:32,0
01:42:33,1
01:42:35,0
01:42:36,1
01:42:39,0
01:42:40,1
01:42:43,0
01:42:44,1
01:42:46,0
01:42:47,1
01:42:50,0
01:42:51,1
01:42:54,0
01:42:55,1
01:42:57,0
01:42:59,1
01:43:01,0
01:43:02,1
01:43:04,0
01:43:06,1
01:43:08,0
01:43:09,1
01:43:12,0
01:43:13,1
01:43:15,0
01:43:16,1
01:43:19,0
01:43:20,1
01:43:22,0
01:43:23,1
01:43:26,0
01:43:27,1
01:43:29,0
01:43:30,1
01:43:33,0
01:43:34,1
01:43:36,0
01:43:38,1
01:43:40,0
01:43:42,1
01:43:44,0
01:43:44,1
01:43:48,0
01:43:49,1
01:43:51,0
01:43:53,1
01:43:55,0
01:43:57,1
01:43:59,0
01:44:01,1
01:44:03,0
01:44:04,1
01:44:08,0
01:44:09,1
01:44:12,0
01:44:13,1
01:44:16,0
01:44:17,1
01:44:20,0
01:44:21,1
01:44:23,0
01:44:25,1
01:44:27,0
01:44:28,1
01:44:31,0
01:44:32,1
01:44:35,0
01:44:36,1
01:44:38,0
01:44:40,1
01:44:42,0
01:44:43,1
01:44:46,0
01:44:47,1
01:44:50,0
01:44:51,1
01:44:54,0
01:44:55,1
01:44:58,0
01:44:59,1
01:45:02,0
01:45:03,1
01:45:06,0
01:45:08,1
01:45:11,0
01:45:12,1
01:45:15,0
01:45:17,1
01:45:20,0
01:45:21,1
01:45:24,0
01:45:25,1
01:45:28,0
01:45:30,1
01:45:32,0
01:45:34,1
01:45:36,0
01:45:38,1
01:45:40,0
01:45:41,1
01:45:44,0
01:45:45,1
01:45:47,0
01:45:49,1
01:45:51,0
01:45:52,1
01:45:55,0
01:45:56,1
01:45:59,0
01:46:00,1
01:46:02,0
01:46:04,1
01:46:06,0
01:46:08,1
01:46:10,0
01:46:11,1
01:46:14,0
01:46:15,1
01:46:18,0
01:46:19,1
01:46:22,0
01:46:23,1
01:46:26,0
01:46:27,1
01:46:30,0
01:46:31,1
01:46:34,0
01:46:36,1
01:46:39,0
01:46:40,1
01:46:43,0
01:46:44,1
01:46:47,0
01:46:48,1
01:46:51,0
01:46:52,1
01:46:55,0
01:46:57,1
01:47:00,0
01:47:01,1
01:47:04,0
01:47:05,1
01:47:09,0
01:47:10,1
01:47:13,0
01:47:14,1
01:47:18,0
01:47:19,1
01:47:22,0
01:47:23,1
01:47:26,0
01:47:28,1
01:47:31,0
01:47:32,1
01:47:35,0
01:47:36,1
01:47:39,0
01:47:40,1
01:47:43,0
01:47:45,1
01:47:47,0
01:47:49,1
01:47:51,0
01:47:53,1
01:47:55,0
01:47:57,1
01:48:00,0
01:48:01,1
01:48:04,0
01:48:05,1
01:48:08,0
01:48:09,1
01:48:12,0
01:48:13,1
01:48:16,0
01:48:17,1
01:48:20,0
01:48:22,1
01:48:25,0
01:48:26,1
01:48:29,0
01:48:31,1
01:48:34,0
01:48:35,1
01:48:38,0
01:48:39,1
01:48:42,0
01:48:44,1
01:48:47,0
01:48:48,1
01:48:51,0
01:48:52,1
01:48:55,0
01:48:56,1
01:48:59,0
01:49:00,1
01:49:03,0
01:49:04,1
01:49:07,0
01:49:08,1
01:49:11,0
01:49:12,1
01:49:15,0
01:49:16,1
01:49:18,0
01:49:20,1
01:49:22,0
01:49:23,1
01:49:26,0
01:49:27,1
01:49:30,0
01:49:31,1
01:49:34,0
01:49:35,1
01:49:38,0
01:49:39,1
01:49:42,0
01:49:43,1
01:49:46,0
01:49:48,1
01:49:51,0
01:49:52,1
01:49:55,0
01:49:56,1
01:49:59,0
01:50:01,1
01:50:04,0
01:50:05,1
01:50:08,0
01:50:10,1
01:50:13,0
01:50:14,1
01:50:17,0
01:50:18,1
01:50:21,0
01:50:22,1
01:50:26,0
01:50:27,1
01:50:30,0
01:50:31,1
01:50:34,0
01:50:36,1
01:50:39,0
01:50:40,1
01:50:43,0
01:50:44,1
01:50:47,0
01:50:48,1
01:50:51,0
01:50:52,1
01:50:55,0
01:50:56,1
01:50:59,0
01:51:00,1
01:51:03,0
01:51:04,1
01:51:06,0
01:51:08,1
01:51:10,0
01:51:12,1
01:51:14,0
01:51:16,1
01:51:18,0
01:51:20,1
01:51:22,0
01:51:23,1
01:51:26,0
01:51:27,1
01:51:30,0
01:51:31,1
01:51:34,0
01:51:35,1
01:51:38,0
01:51:39,1
01:51:42,0
01:51:43,1
01:51:46,0
01:51:47,1
01:51:49,0
01:51:51,1
01:51:53,0
01:51:54,1
01:51:57,0
01:51:58,1
01:52:01,0
01:52:02,1
01:52:05,0
01:52:06,1
01:52:08,0
01:52:09,1
01:52:12,0
01:52:13,1
01:52:16,0
01:52:17,1
01:52:19,0
01:52:20,1
01:52:22,0
01:52:23,1
01:52:26,0
01:52:27,1
01:52:29,0
01:52:30,1
01:52:33,0
01:52:34,1
01:52:36,0
01:52:37,1
01:52:40,0
01:52:41,1
01:52:43,0
01:52:44,1
01:52:47,0
01:52:48,1
01:52:51,0
01:52:52,1
01:52:54,0
01:52:55,1
01:52:58,0
01:52:59,1
01:53:02,0
01:53:03,1
01:53:05,0
01:53:06,1
01:53:09,0
01:53:10,1
01:53:13,0
01:53:14,1
01:53:16,0
01:53:17,1
01:53:20,0
01:53:21,1
01:53:23,0
01:53:24,1
01:53:27,0
01:53:28,1
01:53:30,0
01:53:31,1
01:53:34,0
01:53:35,1
01:53:38,0
01:53:38,1
01:53:40,0
01:53:42,1
01:53:44,0
01:53:46,1
01:53:47,0
01:53:48,1
01:53:52,0
01:53:52,1
01:53:56,0
01:53:57,1
01:54:00,0
01:54:01,1
01:54:04,0
01:54:05,1
01:54:08,0
01:54:09,1
01:54:12,0
01:54:14,1
01:54:17,0
01:54:18,1
01:54:21,0
01:54:23,1
01:54:26,0
01:54:27,1
01:54:30,0
01:54:32,1
01:54:35,0
01:54:36,1
01:54:40,0
01:54:41,1
01:54:44,0
01:54:45,1
01:54:48,0
01:54:50,1
01:54:53,0
01:54:54,1
01:54:57,0
01:54:59,1
01:55:02,0
01:55:03,1
01:55:06,0
01:55:08,1
01:55:11,0
01:55:12,1
01:55:15,0
01:55:16,1
01:55:19,0
01:55:21,1
01:55:23,0
01:55:25,1
01:55:28,0
01:55:29,1
01:55:32,0
01:55:33,1
01:55:36,0
01:55:37,1
01:55:40,0
01:55:41,1
01:55:44,0
01:55:46,1
01:55:49,0
01:55:50,1
01:55:53,0
01:55:54,1
01:55:57,0
01:55:58,1
01:56:01,0
01:56:03,1
01:56:06,0
01:56:07,1
01:56:10,0
01:56:11,1
01:56:14,0
01:56:16,1
01:56:18,0
01:56:20,1
01:56:22,0
01:56:23,1
01:56:26,0
01:56:27,1
01:56:30,0
01:56:31,1
01:56:33,0
01:56:35,1
01:56:37,0
01:56:38,1
01:56:41,0
01:56:42,1
01:56:44,0
01:56:45,1
01:56:48,0
01:56:49,1
01:56:51,0
01:56:53,1
01:56:55,0
01:56:56,1
01:56:59,0
01:57:00,1
01:57:02,0
01:57:03,1
01:57:06,0
01:57:07,1
01:57:10,0
01:57:11,1
01:57:13,0
01:57:15,1
01:57:17,0
01:57:18,1
01:57:21,0
01:57:22,1
01:57:25,0
01:57:26,1
01:57:29,0
01:57:30,1
01:57:34,0
01:57:35,1
01:57:38,0
01:57:39,1
01:57:43,0
01:57:44,1
01:57:47,0
01:57:49,1
01:57:52,0
01:57:53,1
01:57:56,0
01:57:58,1
01:58:01,0
01:58:02,1
01:58:05,0
01:58:06,1
01:58:09,0
01:58:11,1
01:58:14,0
01:58:15,1
01:58:18,0
01:58:19,1
01:58:22,0
01:58:23,1
01:58:26,0
01:58:27,1
01:58:29,0
01:58:31,1
01:58:33,0
01:58:34,1
01:58:37,0
01:58:38,1
01:58:40,0
01:58:41,1
01:58:44,0
01:58:45,1
01:58:47,0
01:58:48,1
01:58:51,0
01:58:52,1
01:58:54,0
01:58:55,1
01:58:58,0
01:58:59,1
01:59:02,0
01:59:03,1
01:59:06,0
01:59:08,1
01:59:11,0
01:59:12,1
01:59:15,0
01:59:17,1
01:59:20,0
01:59:21,1
01:59:25,0
01:59:26,1
01:59:29,0
01:59:31,1
01:59:34,0
01:59:36,1
01:59:39,0
01:59:40,1
01:59:44,0
01:59:45,1
01:59:48,0
01:59:49,1
01:59:52,0
01:59:54,1
01:59:57,0
01:59:58,1
02:00:01,0
02:00:03,1
02:00:06,0
02:00:07,1
02:00:10,0
02:00:11,1
02:00:13,0
02:00:15,1
02:00:17,0
02:00:18,1
02:00:21,0
02:00:22,1
02:00:24,0
02:00:25,1
02:00:28,0
02:00:29,1
02:00:31,0
02:00:32,1
02:00:35,0
02:00:36,1
02:00:39,0
02:00:40,1
02:00:43,0
02:00:44,1
02:00:47,0
02:00:48,1
02:00:51,0
02:00:52,1
02:00:55,0
02:00:56,1
02:00:59,0
02:01:00,1
02:01:03,0
02:01:05,1
02:01:08,0
02:01:09,1
02:01:12,0
02:01:14,1
02:01:17,0
02:01:18,1
02:01:21,0
02:01:23,1
02:01:26,0
02:01:27,1
02:01:30,0
02:01:31,1
02:01:34,0
02:01:36,1
02:01:38,0
02:01:40,1
02:01:43,0
02:01:44,1
02:01:47,0
02:01:48,1
02:01:51,0
02:01:52,1
02:01:55,0
02:01:56,1
02:01:59,0
02:02:00,1
02:02:03,0
02:02:04,1
02:02:07,0
02:02:08,1
02:02:10,0
02:02:11,1
02:02:14,0
02:02:15,1
02:02:17,0
02:02:18,1
02:02:21,0
02:02:22,1
02:02:24,0
02:02:25,1
02:02:28,0
02:02:29,1
02:02:31,0
02:02:32,1
02:02:34,0
02:02:35,1
02:02:38,0
02:02:39,1
02:02:41,0
02:02:42,1
02:02:44,0
02:02:45,1
02:02:47,0
02:02:48,1
02:02:50,0
02:02:51,1
02:02:53,0
02:02:54,1
02:02:56,0
02:02:57,1
02:03:00,0
02:03:01,1
02:03:03,0
02:03:04,1
02:03:07,0
02:03:08,1
02:03:10,0
02:03:11,1
02:03:13,0
02:03:15,1
02:03:17,0
02:03:18,1
02:03:21,0
02:03:22,1
02:03:24,0
02:03:25,1
02:03:28,0
02:03:29,1
02:03:31,0
02:03:33,1
02:03:35,0
02:03:36,1
02:03:39,0
02:03:40,1
02:03:43,0
02:03:44,1
02:03:46,0
02:03:48,1
02:03:50,0
02:03:51,1
02:03:54,0
02:03:55,1
02:03:58,0
02:03:59,1
02:04:02,0
02:04:03,1
02:04:06,0
02:04:07,1
02:04:09,0
02:04:11,1
02:04:13,0
02:04:14,1
02:04:17,0
02:04:18,1
02:04:21,0
02:04:22,1
02:04:24,0
02:04:26,1
02:04:28,0
02:04:30,1
02:04:32,0
02:04:33,1
02:04:36,0
02:04:37,1
02:04:39,0
02:04:40,1
02:04:42,0
02:04:43,1
02:04:45,0
02:04:46,1
02:04:48,0
02:04:49,1
02:04:51,0
02:04:52,1
02:04:58,0
02:04:59,1
02:05:01,0
02:05:02,1
02:05:04,0
02:05:05,1
02:05:07,0
02:05:08,1
02:05:10,0
02:05:11,1
02:05:14,0
02:05:15,1
02:05:17,0
02:05:18,1
02:05:20,0
02:05:21,1
02:05:24,0
02:05:25,1
02:05:27,0
02:05:28,1
02:05:31,0
02:05:32,1
02:05:34,0
02:05:35,1
02:05:38,0
02:05:39,1
02:05:41,0
02:05:43,1
02:05:45,0
02:05:46,1
02:05:49,0
02:05:50,1
02:05:52,0
02:05:53,1
02:05:56,0
02:05:57,1
02:05:59,0
02:06:00,1
02:06:03,0
02:06:04,1
02:06:06,0
02:06:07,1
02:06:09,0
02:06:10,1
02:06:17,0
02:06:17,1
02:06:19,0
02:06:20,1
02:06:22,0
02:06:23,1
02:06:25,0
02:06:26,1
02:06:28,0
02:06:29,1
02:06:31,0
02:06:32,1
02:06:34,0
02:06:35,1
02:06:37,0
02:06:38,1
02:06:40,0
02:06:41,1
02:06:43,0
02:06:44,1
02:06:47,0
02:06:48,1
02:06:50,0
02:06:51,1
02:06:53,0
02:06:54,1
02:06:56,0
02:06:57,1
02:07:00,0
02:07:01,1
02:07:03,0
02:07:04,1
02:07:06,0
02:07:07,1
02:07:10,0
02:07:11,1
02:07:13,0
02:07:14,1
02:07:16,0
02:07:17,1
02:07:19,0
02:07:20,1
02:07:23,0
02:07:24,1
02:07:26,0
02:07:27,1
02:07:29,0
02:07:30,1
02:07:33,0
02:07:34,1
02:07:36,0
02:07:37,1
02:07:39,0
02:07:40,1
02:07:42,0
02:07:43,1
02:07:45,0
02:07:46,1
02:07:53,0
02:07:53,1
02:07:55,0
02:07:56,1
02:07:58,0
02:07:59,1
02:08:01,0
02:08:02,1
02:08:05,0
02:08:06,1
02:08:08,0
02:08:09,1
02:08:11,0
02:08:12,1
02:08:14,0
02:08:15,1
02:08:18,0
02:08:19,1
02:08:21,0
02:08:22,1
02:08:24,0
02:08:25,1
02:08:28,0
02:08:29,1
02:08:31,0
02:08:32,1
02:08:35,0
02:08:36,1
02:08:38,0
02:08:39,1
02:08:41,0
02:08:43,1
02:08:45,0
02:08:46,1
02:08:49,0
02:08:50,1
02:08:52,0
02:08:53,1
02:08:56,0
02:08:57,1
02:09:00,0
02:09:01,1
02:09:03,0
02:09:04,1
02:09:07,0
02:09:08,1
02:09:11,0
02:09:12,1
02:09:14,0
02:09:15,1
02:09:17,0
02:09:18,1
02:09:21,0
02:09:22,1
02:09:24,0
02:09:25,1
02:09:28,0
02:09:29,1
02:09:31,0
02:09:32,1
02:09:34,0
02:09:35,1
02:09:38,0
02:09:39,1
02:09:41,0
02:09:42,1
02:09:44,0
02:09:45,1
02:09:48,0
02:09:49,1
02:09:51,0
02:09:52,1
02:09:55,0
02:09:56,1
02:09:58,0
02:09:59,1
02:10:02,0
02:10:03,1
02:10:06,0
02:10:07,1
02:10:10,0
02:10:10,1
02:10:14,0
02:10:14,1
02:10:18,0
02:10:18,1
02:10:20,0
02:10:22,1
02:10:24,0
02:10:26,1
02:10:28,0
02:10:30,1
02:10:32,0
02:10:33,1
02:10:34,0
02:10:36,1
02:10:39,0
02:10:40,1
02:10:42,0
02:10:43,1
02:10:46,0
02:10:47,1
02:10:49,0
02:10:50,1
02:10:53,0
02:10:54,1
02:10:56,0
02:10:57,1
02:11:00,0
02:11:01,1
02:11:03,0
02:11:04,1
02:11:07,0
02:11:08,1
02:11:11,0
02:11:12,1
02:11:15,0
02:11:19,0
02:11:20,1
02:11:23,0
02:11:24,1
02:11:27,0
02:11:28,1
02:11:31,0
02:11:32,1
02:11:36,0
02:11:37,1
02:11:40,0
02:11:41,1
02:11:44,0
02:11:45,1
02:11:49,0
02:11:50,1
02:11:53,0
02:11:54,1
02:11:57,0
02:11:59,1
02:12:02,0
02:12:03,1
02:12:06,0
02:12:07,1
02:12:10,0
02:12:11,1
02:12:14,0
02:12:15,1
02:12:18,0
02:12:19,1
02:12:22,0
02:12:23,1
02:12:26,0
02:12:27,1
02:12:30,0
02:12:31,1
02:12:34,0
02:12:35,1
02:12:37,0
02:12:38,1
02:12:41,0
02:12:42,1
02:12:44,0
02:12:45,1
02:12:48,0
02:12:49,1
02:12:51,0
02:12:52,1
02:12:55,0
02:12:56,1
02:12:59,0
02:13:00,1
02:13:02,0
02:13:04,1
02:13:06,0
02:13:07,1
02:13:10,0
02:13:11,1
02:13:14,0
02:13:15,1
02:13:18,0
02:13:19,1
02:13:22,0
02:13:23,1
02:13:27,0
02:13:28,1
02:13:31,0
02:13:32,1
02:13:35,0
02:13:37,1
02:13:40,0
02:13:41,1
02:13:45,0
02:13:46,1
02:13:49,0
02:13:50,1
02:13:54,0
02:13:55,1
02:13:58,0
02:13:59,1
02:14:02,0
02:14:04,1
02:14:07,0
02:14:08,1
02:14:11,0
02:14:12,1
02:14:15,0
02:14:16,1
02:14:19,0
02:14:21,1
02:14:24,0
02:14:25,1
02:14:27,0
02:14:29,1
02:14:31,0
02:14:32,1
02:14:35,0
02:14:36,1
02:14:39,0
02:14:40,1
02:14:42,0
02:14:44,1
02:14:46,0
02:14:47,1
02:14:50,0
02:14:51,1
02:14:54,0
02:14:55,1
02:14:58,0
02:14:59,1
02:15:02,0
02:15:03,1
02:15:06,0
02:15:08,1
02:15:11,0
02:15:12,1
02:15:16,0
02:15:17,1
02:15:20,0
02:15:21,1
02:15:24,0
02:15:26,1
02:15:29,0
02:15:30,1
02:15:33,0
02:15:34,1
02:15:38,0
02:15:39,1
02:15:42,0
02:15:43,1
02:15:46,0
02:15:48,1
02:15:51,0
02:15:52,1
02:15:55,0
02:15:57,1
02:16:00,0
02:16:01,1
02:16:04,0
02:16:05,1
02:16:08,0
02:16:09,1
02:16:12,0
02:16:13,1
02:16:16,0
02:16:17,1
02:16:20,0
02:16:22,1
02:16:25,0
02:16:26,1
02:16:29,0
02:16:30,1
02:16:33,0
02:16:34,1
02:16:37,0
02:16:38,1
02:16:41,0
02:16:42,1
02:16:45,0
02:16:46,1
02:16:49,0
02:16:50,1
02:16:53,0
02:16:54,1
02:16:56,0
02:16:57,1
02:17:00,0
02:17:01,1
02:17:03,0
02:17:04,1
02:17:06,0
02:17:07,1
02:17:10,0
02:17:11,1
02:17:13,0
02:17:14,1
02:17:16,0
02:17:17,1
02:17:19,0
02:17:20,1
02:17:22,0
02:17:23,1
02:17:25,0
02:17:26,1
02:17:28,0
02:17:29,1
02:17:31,0
02:17:32,1
02:17:39,0
02:17:39,1
02:17:41,0
02:17:42,1
02:17:44,0
02:17:45,1
02:17:47,0
02:17:48,1
02:17:50,0
02:17:51,1
02:17:54,0
02:17:55,1
02:17:57,0
02:17:58,1
02:18:00,0
02:18:01,1
02:18:04,0
02:18:05,1
02:18:07,0
02:18:08,1
02:18:10,0
02:18:11,1
02:18:14,0
02:18:15,1
02:18:17,0
02:18:18,1
02:18:21,0
02:18:22,1
02:18:24,0
02:18:25,1
02:18:28,0
02:18:29,1
02:18:31,0
02:18:32,1
02:18:34,0
02:18:35,1
02:18:38,0
02:18:39,1
02:18:41,0
02:18:42,1
02:18:44,0
02:18:45,1
02:18:47,0
02:18:48,1
02:18:50,0
02:18:51,1
02:18:53,0
02:18:54,1
02:18:57,0
02:18:58,1
02:19:00,0
02:19:01,1
02:19:03,0
02:19:04,1
02:19:06,0
02:19:07,1
02:19:09,0
02:19:10,1
02:19:17,0
02:19:17,1
02:19:19,0
02:19:20,1
02:19:22,0
02:19:23,1
02:19:26,0
02:19:27,1
02:19:29,0
02:19:30,1
02:19:32,0
02:19:33,1
02:19:36,0
02:19:37,1
02:19:39,0
02:19:40,1
02:19:43,0
02:19:44,1
02:19:46,0
02:19:48,1
02:19:50,0
02:19:52,1
02:19:54,0
02:19:56,1
02:19:58,0
02:20:00,1
02:20:02,0
02:20:04,1
02:20:07,0
02:20:08,1
02:20:11,0
02:20:13,1
02:20:16,0
02:20:16,1
02:20:20,0
02:20:22,1
02:20:24,0
02:20:26,1
02:20:29,0
02:20:31,1
02:20:34,0
02:20:35,1
02:20:38,0
02:20:39,1
02:20:42,0
02:20:43,1
02:20:46,0
02:20:48,1
02:20:51,0
02:20:52,1
02:20:55,0
02:20:56,1
02:20:59,0
02:21:00,1
02:21:03,0
02:21:04,1
02:21:07,0
02:21:09,1
02:21:12,0
02:21:13,1
02:21:16,0
02:21:17,1
02:21:20,0
02:21:21,1
02:21:24,0
02:21:26,1
02:21:29,0
02:21:30,1
02:21:33,0
02:21:34,1
02:21:37,0
02:21:38,1
02:21:41,0
02:21:43,1
02:21:46,0
02:21:47,1
02:21:51,0
02:21:52,1
02:21:56,0
02:21:57,1
02:22:01,0
02:22:02,1
02:22:06,0
02:22:08,1
02:22:11,0
02:22:13,1
02:22:17,0
02:22:19,1
02:22:22,0
02:22:24,1
02:22:28,0
02:22:29,1
02:22:33,0
02:22:34,1
02:22:37,0
02:22:39,1
02:22:42,0
02:22:43,1
02:22:47,0
02:22:48,1
02:22:51,0
02:22:53,1
02:22:56,0
02:22:57,1
02:23:01,0
02:23:02,1
02:23:05,0
02:23:07,1
02:23:10,0
02:23:11,1
02:23:15,0
02:23:16,1
02:23:19,0
02:23:21,1
02:23:24,0
02:23:25,1
02:23:28,0
02:23:29,1
02:23:33,0
02:23:34,1
02:23:37,0
02:23:38,1
02:23:41,0
02:23:42,1
02:23:45,0
02:23:46,1
02:23:50,0
02:23:51,1
02:23:54,0
02:23:55,1
02:23:59,0
02:24:00,1
02:24:04,0
02:24:05,1
02:24:08,0
02:24:10,1
02:24:13,0
02:24:14,1
02:24:17,0
02:24:19,1
02:24:22,0
02:24:23,1
02:24:26,0
02:24:27,1
02:24:30,0
02:24:32,1
02:24:35,0
02:24:36,1
02:24:39,0
02:24:41,1
02:24:44,0
02:24:45,1
02:24:48,0
02:24:49,1
02:24:52,0
02:24:54,1
02:24:57,0
02:24:58,1
02:25:01,0
02:25:02,1
02:25:05,0
02:25:07,1
02:25:09,0
02:25:11,1
02:25:14,0
02:25:15,1
02:25:18,0
02:25:19,1
02:25:22,0
02:25:23,1
02:25:26,0
02:25:27,1
02:25:30,0
02:25:31,1
02:25:34,0
02:25:35,1
02:25:38,0
02:25:39,1
02:25:42,0
02:25:43,1
02:25:46,0
02:25:47,1
02:25:50,0
02:25:51,1
02:25:54,0
02:25:55,1
02:25:58,0
02:25:59,1
02:26:02,0
02:26:03,1
02:26:06,0
02:26:07,1
02:26:10,0
02:26:12,1
02:26:15,0
02:26:16,1
02:26:19,0
02:26:20,1
02:26:23,0
02:26:24,1
02:26:27,0
02:26:29,1
02:26:32,0
02:26:33,1
02:26:37,0
02:26:38,1
02:26:41,0
02:26:43,1
02:26:46,0
02:26:48,1
02:26:51,0
02:26:52,1
02:26:55,0
02:26:57,1
02:27:00,0
02:27:01,1
02:27:04,0
02:27:06,1
02:27:09,0
02:27:10,1
02:27:13,0
02:27:15,1
02:27:18,0
02:27:19,1
02:27:23,0
02:27:24,1
02:27:27,0
02:27:29,1
02:27:32,0
02:27:33,1
02:27:36,0
02:27:38,1
02:27:41,0
02:27:42,1
02:27:45,0
02:27:46,1
02:27:49,0
02:27:51,1
02:27:53,0
02:27:54,1
02:27:57,0
02:27:59,1
02:28:01,0
02:28:03,1
02:28:05,0
02:28:07,1
02:28:09,0
02:28:11,1
02:28:13,0
02:28:15,1
02:28:18,0
02:28:19,1
02:28:22,0
02:28:24,1
02:28:27,0
02:28:28,1
02:28:32,0
02:28:33,1
02:28:36,0
02:28:38,1
02:28:41,0
02:28:42,1
02:28:45,0
02:28:47,1
02:28:50,0
02:28:51,1
02:28:54,0
02:28:56,1
02:28:59,0
02:29:00,1
02:29:03,0
02:29:04,1
02:29:07,0
02:29:08,1
02:29:11,0
02:29:12,1
02:29:15,0
02:29:16,1
02:29:19,0
02:29:20,1
02:29:22,0
02:29:23,1
02:29:26,0
02:29:27,1
02:29:29,0
02:29:31,1
02:29:33,0
02:29:34,1
02:29:36,0
02:29:37,1
02:29:40,0
02:29:41,1
02:29:43,0
02:29:44,1
02:29:47,0
02:29:48,1
02:29:50,0
02:29:51,1
02:29:54,0
02:29:55,1
02:29:57,0
02:29:58,1
02:30:01,0
02:30:02,1
02:30:05,0
02:30:06,1
02:30:09,0
02:30:10,1
02:30:13,0
02:30:14,1
02:30:17,0
02:30:18,1
02:30:21,0
02:30:23,1
02:30:26,0
02:30:27,1
02:30:30,0
02:30:31,1
02:30:34,0
02:30:35,1
02:30:38,0
02:30:39,1
02:30:42,0
02:30:43,1
02:30:46,0
02:30:47,1
02:30:50,0
02:30:51,1
02:30:54,0
02:30:55,1
02:30:58,0
02:30:59,1
02:31:02,0
02:31:03,1
02:31:05,0
02:31:07,1
02:31:09,0
02:31:10,1
02:31:13,0
02:31:14,1
02:31:16,0
02:31:17,1
02:31:20,0
02:31:21,1
02:31:24,0
02:31:25,1
02:31:27,0
02:31:28,1
02:31:31,0
02:31:32,1
02:31:34,0
02:31:35,1
02:31:38,0
02:31:39,1
02:31:42,0
02:31:43,1
02:31:45,0
02:31:47,1
02:31:49,0
02:31:50,1
02:31:53,0
02:31:55,1
02:31:57,0
02:31:59,1
02:32:03,0
02:32:03,1
02:32:06,0
02:32:07,1
02:32:10,0
02:32:12,1
02:32:15,0
02:32:16,1
02:32:19,0
02:32:20,1
02:32:23,0
02:32:25,1
02:32:28,0
02:32:29,1
02:32:32,0
02:32:34,1
02:32:37,0
02:32:38,1
02:32:42,0
02:32:43,1
02:32:46,0
02:32:48,1
02:32:51,0
02:32:52,1
02:32:56,0
02:32:57,1
02:33:00,0
02:33:01,1
02:33:05,0
02:33:06,1
02:33:09,0
02:33:10,1
02:33:13,0
02:33:14,1
02:33:17,0
02:33:18,1
02:33:21,0
02:33:22,1
02:33:25,0
02:33:26,1
02:33:29,0
02:33:30,1
02:33:33,0
02:33:35,1
02:33:38,0
02:33:40,1
02:33:43,0
02:33:45,1
02:33:48,0
02:33:50,1
02:33:54,0
02:33:56,1
02:33:59,0
02:34:01,1
02:34:05,0
02:34:06,1
02:34:10,0
02:34:11,1
02:34:15,0
02:34:17,1
02:34:20,0
02:34:22,1
02:34:25,0
02:34:27,1
02:34:30,0
02:34:32,1
02:34:35,0
02:34:37,1
02:34:40,0
02:34:41,1
02:34:45,0
02:34:46,1
02:34:49,0
02:34:51,1
02:34:54,0
02:34:55,1
02:34:58,0
02:35:00,1
02:35:03,0
02:35:04,1
02:35:07,0
02:35:08,1
02:35:12,0
02:35:13,1
02:35:16,0
02:35:18,1
02:35:21,0
02:35:23,1
02:35:26,0
02:35:28,1
02:35:32,0
02:35:33,1
02:35:37,0
02:35:39,1
02:35:43,0
02:35:45,1
02:35:49,0
02:35:51,1
02:35:55,0
02:35:56,1
02:36:00,0
02:36:02,1
02:36:05,0
02:36:08,1
02:36:10,0
02:36:12,1
02:36:14,0
02:36:16,1
02:36:20,0
02:36:20,1
02:36:24,0
02:36:24,1
02:36:28,0
02:36:28,1
02:36:32,0
02:36:32,1
02:36:36,0
02:36:36,1
02:36:39,0
02:36:40,1
02:36:43,0
02:36:44,1
02:36:46,0
02:36:47,1
02:36:50,0
02:36:51,1
02:36:53,0
02:36:54,1
02:36:56,0
02:36:57,1
02:36:59,0
02:37:00,1
02:37:02,0
02:37:03,1
02:37:05,0
02:37:06,1
02:37:08,0
02:37:09,1
02:37:11,0
02:37:12,1
02:37:14,0
02:37:15,1
02:37:17,0
02:37:18,1
02:37:20,0
02:37:21,1
02:37:24,0
02:37:25,1
02:37:27,0
02:37:28,1
02:37:30,0
02:37:31,1
02:37:33,0
02:37:34,1
02:37:36,0
02:37:37,1
02:37:40,0
02:37:41,1
02:37:43,0
02:37:44,1
02:37:46,0
02:37:47,1
02:37:49,0
02:37:50,1
02:37:57,0
02:37:57,1
02:37:59,0
02:38:00,1
02:38:02,0
02:38:03,1
02:38:05,0
02:38:06,1
02:38:08,0
02:38:09,1
02:38:12,0
02:38:13,1
02:38:15,0
02:38:16,1
02:38:19,0
02:38:20,1
02:38:22,0
02:38:23,1
02:38:26,0
02:38:27,1
02:38:29,0
02:38:30,1
02:38:33,0
02:38:34,1
02:38:36,0
02:38:37,1
02:38:40,0
02:38:41,1
02:38:44,0
02:38:45,1
02:38:48,0
02:38:49,1
02:38:51,0
02:38:52,1
02:38:55,0
02:38:56,1
02:38:59,0
02:39:00,1
02:39:02,0
02:39:03,1
02:39:06,0
02:39:07,1
02:39:10,0
02:39:11,1
02:39:13,0
02:39:14,1
02:39:17,0
02:39:18,1
02:39:21,0
02:39:22,1
02:39:25,0
02:39:26,1
02:39:29,0
02:39:30,1
02:39:33,0
02:39:34,1
02:39:37,0
02:39:38,1
02:39:41,0
02:39:42,1
02:39:45,0
02:39:47,1
02:39:50,0
02:39:51,1
02:39:55,0
02:39:56,1
02:40:00,0
02:40:01,1
02:40:05,0
02:40:07,1
02:40:10,0
02:40:12,1
02:40:15,0
02:40:16,1
02:40:19,0
02:40:21,1
02:40:24,0
02:40:25,1
02:40:28,0
02:40:29,1
02:40:32,0
02:40:33,1
02:40:35,0
02:40:37,1
02:40:39,0
02:40:40,1
02:40:43,0
02:40:44,1
02:40:47,0
02:40:48,1
02:40:51,0
02:40:52,1
02:40:54,0
02:40:55,1
02:40:58,0
02:40:59,1
02:41:01,0
02:41:02,1
02:41:05,0
02:41:06,1
02:41:08,0
02:41:09,1
02:41:12,0
02:41:13,1
02:41:15,0
02:41:16,1
02:41:19,0
02:41:20,1
02:41:22,0
02:41:23,1
02:41:26,0
02:41:27,1
02:41:29,0
02:41:30,1
02:41:33,0
02:41:35,1
02:41:37,0
02:41:39,1
02:41:42,0
02:41:43,1
02:41:46,0
02:41:47,1
02:41:50,0
02:41:52,1
02:41:55,0
02:41:56,1
02:41:59,0
02:42:01,1
02:42:04,0
02:42:05,1
02:42:08,0
02:42:10,1
02:42:13,0
02:42:14,1
02:42:18,0
02:42:19,1
02:42:22,0
02:42:24,1
02:42:27,0
02:42:29,1
02:42:32,0
02:42:33,1
02:42:37,0
02:42:38,1
02:42:41,0
02:42:43,1
02:42:46,0
02:42:48,1
02:42:51,0
02:42:52,1
02:42:56,0
02:42:57,1
02:43:00,0
02:43:01,1
02:43:04,0
02:43:06,1
02:43:09,0
02:43:10,1
02:43:13,0
02:43:14,1
02:43:17,0
02:43:18,1
02:43:21,0
02:43:22,1
02:43:25,0
02:43:26,1
02:43:29,0
02:43:30,1
02:43:33,0
02:43:35,1
02:43:38,0
02:43:39,1
02:43:42,0
02:43:43,1
02:43:46,0
02:43:48,1
02:43:51,0
02:43:52,1
02:43:56,0
02:43:57,1
02:44:00,0
02:44:01,1
02:44:05,0
02:44:06,1
02:44:09,0
02:44:10,1
02:44:14,0
02:44:15,1
02:44:18,0
02:44:19,1
02:44:22,0
02:44:24,1
02:44:27,0
02:44:28,1
02:44:31,0
02:44:32,1
02:44:35,0
02:44:37,1
02:44:39,0
02:44:41,1
02:44:44,0
02:44:45,1
02:44:48,0
02:44:49,1
02:44:52,0
02:44:53,1
02:44:56,0
02:44:57,1
02:45:00,0
02:45:01,1
02:45:03,0
02:45:04,1
02:45:07,0
02:45:08,1
02:45:11,0
02:45:12,1
02:45:15,0
02:45:16,1
02:45:18,0
02:45:19,1
02:45:22,0
02:45:23,1
02:45:26,0
02:45:27,1
02:45:30,0
02:45:31,1
02:45:34,0
02:45:35,1
02:45:38,0
02:45:39,1
02:45:42,0
02:45:44,1
02:45:47,0
02:45:48,1
02:45:51,0
02:45:52,1
02:45:56,0
02:45:57,1
02:46:00,0
02:46:02,1
02:46:05,0
02:46:06,1
02:46:10,0
02:46:11,1
02:46:14,0
02:46:15,1
02:46:19,0
02:46:20,1
02:46:23,0
02:46:24,1
02:46:27,0
02:46:29,1
02:46:32,0
02:46:33,1
02:46:36,0
02:46:37,1
02:46:40,0
02:46:41,1
02:46:44,0
02:46:45,1
02:46:48,0
02:46:49,1
02:46:52,0
02:46:54,1
02:46:57,0
02:46:58,1
02:47:01,0
02:47:02,1
02:47:05,0
02:47:06,1
02:47:08,0
02:47:10,1
02:47:12,0
02:47:14,1
02:47:17,0
02:47:18,1
02:47:21,0
02:47:22,1
02:47:25,0
02:47:26,1
02:47:29,0
02:47:30,1
02:47:33,0
02:47:34,1
02:47:37,0
02:47:39,1
02:47:42,0
02:47:43,1
02:47:46,0
02:47:47,1
02:47:50,0
02:47:52,1
02:47:55,0
02:47:56,1
02:47:59,0
02:48:00,1
02:48:04,0
02:48:04,1
02:48:08,0
02:48:08,1
02:48:12,0
02:48:12,1
02:48:16,0
02:48:16,1
02:48:20,0
02:48:20,1
02:48:24,0
02:48:26,1
02:48:28,0
02:48:29,1
02:48:34,0
02:48:34,1
02:48:37,0
02:48:38,1
02:48:42,0
02:48:44,1
02:48:46,0
02:48:48,1
02:48:51,0
02:48:52,1
02:48:54,0
02:48:56,1
02:48:58,0
02:49:00,1
02:49:02,0
02:49:03,1
02:49:06,0
02:49:07,1
02:49:09,0
02:49:11,1
02:49:13,0
02:49:14,1
02:49:17,0
02:49:18,1
02:49:21,0
02:49:22,1
02:49:25,0
02:49:26,1
02:49:29,0
02:49:31,1
02:49:34,0
02:49:35,1
02:49:38,0
02:49:40,1
02:49:43,0
02:49:44,1
02:49:48,0
02:49:49,1
02:49:52,0
02:49:53,1
02:49:56,0
02:49:58,1
02:50:01,0
02:50:02,1
02:50:05,0
02:50:07,1
02:50:10,0
02:50:11,1
02:50:14,0
02:50:16,1
02:50:19,0
02:50:20,1
02:50:23,0
02:50:24,1
02:50:27,0
02:50:29,1
02:50:31,0
02:50:33,1
02:50:35,0
02:50:37,1
02:50:39,0
02:50:41,1
02:50:43,0
02:50:45,1
02:50:47,0
02:50:48,1
02:50:51,0
02:50:52,1
02:50:55,0
02:50:56,1
02:50:59,0
02:51:00,1
02:51:03,0
02:51:04,1
02:51:07,0
02:51:08,1
02:51:11,0
02:51:12,1
02:51:14,0
02:51:16,1
02:51:18,0
02:51:20,1
02:51:23,0
02:51:24,1
02:51:27,0
02:51:28,1
02:51:32,0
02:51:33,1
02:51:36,0
02:51:38,1
02:51:41,0
02:51:42,1
02:51:46,0
02:51:47,1
02:51:50,0
02:51:51,1
02:51:55,0
02:51:56,1
02:51:59,0
02:52:00,1
02:52:04,0
02:52:05,1
02:52:08,0
02:52:09,1
02:52:12,0
02:52:13,1
02:52:16,0
02:52:18,1
02:52:20,0
02:52:22,1
02:52:25,0
02:52:26,1
02:52:29,0
02:52:30,1
02:52:33,0
02:52:34,1
02:52:37,0
02:52:38,1
02:52:41,0
02:52:42,1
02:52:45,0
02:52:47,1
02:52:50,0
02:52:51,1
02:52:54,0
02:52:55,1
02:52:58,0
02:52:59,1
02:53:02,0
02:53:03,1
02:53:06,0
02:53:07,1
02:53:10,0
02:53:11,1
02:53:14,0
02:53:18,0
02:53:19,1
02:53:22,0
02:53:23,1
02:53:25,0
02:53:27,1
02:53:29,0
02:53:30,1
02:53:33,0
02:53:34,1
02:53:37,0
02:53:38,1
02:53:41,0
02:53:42,1
02:53:44,0
02:53:45,1
02:53:48,0
02:53:49,1
02:53:51,0
02:53:52,1
02:53:55,0
02:53:56,1
02:53:59,0
02:54:00,1
02:54:03,0
02:54:04,1
02:54:07,0
02:54:08,1
02:54:11,0
02:54:12,1
02:54:15,0
02:54:17,1
02:54:20,0
02:54:21,1
02:54:24,0
02:54:26,1
02:54:29,0
02:54:30,1
02:54:33,0
02:54:34,1
02:54:37,0
02:54:38,1
02:54:41,0
02:54:42,1
02:54:45,0
02:54:46,1
02:54:49,0
02:54:50,1
02:54:53,0
02:54:54,1
02:54:57,0
02:54:58,1
02:55:01,0
02:55:02,1
02:55:05,0
02:55:06,1
02:55:09,0
02:55:10,1
02:55:13,0
02:55:14,1
02:55:17,0
02:55:18,1
02:55:20,0
02:55:21,1
02:55:24,0
02:55:25,1
02:55:28,0
02:55:29,1
02:55:32,0
02:55:33,1
02:55:35,0
02:55:36,1
02:55:39,0
02:55:40,1
02:55:43,0
02:55:44,1
02:55:46,0
02:55:47,1
02:55:50,0
02:55:51,1
02:55:54,0
02:55:55,1
02:55:58,0
02:55:59,1
02:56:02,0
02:56:03,1
02:56:06,0
02:56:07,1
02:56:10,0
02:56:11,1
02:56:14,0
02:56:15,1
02:56:17,0
02:56:19,1
02:56:21,0
02:56:22,1
02:56:25,0
02:56:27,1
02:56:29,0
02:56:31,1
02:56:34,0
02:56:35,1
02:56:38,0
02:56:39,1
02:56:42,0
02:56:43,1
02:56:47,0
02:56:48,1
02:56:51,0
02:56:52,1
02:56:56,0
02:56:57,1
02:57:00,0
02:57:02,1
02:57:05,0
02:57:07,1
02:57:10,0
02:57:12,1
02:57:15,0
02:57:17,1
02:57:21,0
02:57:22,1
02:57:26,0
02:57:27,1
02:57:31,0
02:57:33,1
02:57:36,0
02:57:38,1
02:57:41,0
02:57:42,1
02:57:46,0
02:57:47,1
02:57:50,0
02:57:52,1
02:57:55,0
02:57:56,1
02:57:59,0
02:58:01,1
02:58:04,0
02:58:05,1
02:58:09,0
02:58:10,1
02:58:13,0
02:58:15,1
02:58:18,0
02:58:19,1
02:58:22,0
02:58:24,1
02:58:27,0
02:58:28,1
02:58:31,0
02:58:32,1
02:58:35,0
02:58:36,1
02:58:39,0
02:58:41,1
02:58:43,0
02:58:45,1
02:58:48,0
02:58:49,1
02:58:51,0
02:58:53,1
02:58:55,0
02:58:57,1
02:58:59,0
02:59:01,1
02:59:04,0
02:59:05,1
02:59:07,0
02:59:09,1
02:59:11,0
02:59:12,1
02:59:15,0
02:59:16,1
02:59:19,0
02:59:20,1
02:59:23,0
02:59:24,1
02:59:27,0
02:59:28,1
02:59:31,0
02:59:32,1
02:59:35,0
02:59:36,1
02:59:39,0
02:59:40,1
02:59:43,0
02:59:44,1
02:59:48,0
02:59:48,1
02:59:52,0
02:59:52,1
02:59:56,0
02:59:56,1
03:00:00,0
03:00:00,1
03:00:04,0
03:00:04,1
03:00:08,0
03:00:09,1
03:00:12,0
03:00:12,1
03:00:16,0
03:00:16,1
03:00:20,0
03:00:20,1
03:00:24,1
03:00:28,0
03:00:30,1
03:00:32,0
03:00:34,1
03:00:36,1
03:00:40,0
03:00:41,1
03:00:44,0
03:00:44,1
03:00:48,0
03:00:49,1
03:00:52,1
03:00:55,0
03:00:56,1
03:00:58,0
03:00:59,1
03:01:02,0
03:01:03,1
03:01:05,0
03:01:06,1
03:01:08,0
03:01:09,1
03:01:12,0
03:01:13,1
03:01:15,0
03:01:16,1
03:01:19,0
03:01:20,1
03:01:22,0
03:01:23,1
03:01:26,0
03:01:27,1
03:01:30,0
03:01:31,1
03:01:34,0
03:01:35,1
03:01:38,0
03:01:39,1
03:01:42,0
03:01:43,1
03:01:46,0
03:01:50,0
03:01:52,1
03:01:55,0
03:01:56,1
03:01:59,0
03:02:01,1
03:02:04,0
03:02:05,1
03:02:08,0
03:02:10,1
03:02:13,0
03:02:14,1
03:02:17,0
03:02:19,1
03:02:22,0
03:02:23,1
03:02:26,0
03:02:27,1
03:02:30,0
03:02:32,1
03:02:35,0
03:02:36,1
03:02:39,0
03:02:40,1
03:02:43,0
03:02:44,1
03:02:47,0
03:02:48,1
03:02:51,0
03:02:55,0
03:02:56,1
03:02:58,0
03:03:00,1
03:03:02,0
03:03:03,1
03:03:06,0
03:03:07,1
03:03:10,0
03:03:11,1
03:03:14,0
03:03:15,1
03:03:18,0
03:03:19,1
03:03:21,0
03:03:23,1
03:03:26,0
03:03:27,1
03:03:30,0
03:03:31,1
03:03:34,0
03:03:35,1
03:03:38,0
03:03:39,1
03:03:42,0
03:03:43,1
03:03:46,0
03:03:47,1
03:03:50,0
03:03:51,1
03:03:54,0
03:03:56,1
03:03:59,0
03:04:00,1
03:04:03,0
03:04:05,1
03:04:08,0
03:04:09,1
03:04:13,0
03:04:14,1
03:04:17,0
03:04:18,1
03:04:22,0
03:04:23,1
03:04:26,0
03:04:27,1
03:04:30,0
03:04:31,1
03:04:34,0
03:04:36,1
03:04:39,0
03:04:40,1
03:04:43,0
03:04:44,1
03:04:47,0
03:04:48,1
03:04:51,0
03:04:52,1
03:04:55,0
03:04:57,1
03:04:59,0
03:05:01,1
03:05:03,0
03:05:04,1
03:05:07,0
03:05:08,1
03:05:11,0
03:05:12,1
03:05:15,0
03:05:16,1
03:05:19,0
03:05:20,1
03:05:23,0
03:05:25,1
03:05:27,0
03:05:29,1
03:05:32,0
03:05:33,1
03:05:36,0
03:05:37,1
03:05:40,0
03:05:41,1
03:05:44,0
03:05:46,1
03:05:49,0
03:05:50,1
03:05:53,0
03:05:54,1
03:05:57,0
03:05:58,1
03:06:01,0
03:06:02,1
03:06:05,0
03:06:07,1
03:06:10,0
03:06:11,1
03:06:14,0
03:06:15,1
03:06:18,0
03:06:19,1
03:06:22,0
03:06:24,1
03:06:27,0
03:06:28,1
03:06:31,0
03:06:32,1
03:06:35,0
03:06:36,1
03:06:40,0
03:06:41,1
03:06:44,0
03:06:45,1
03:06:48,0
03:06:49,1
03:06:52,0
03:06:53,1
03:06:56,0
03:06:58,1
03:07:01,0
03:07:02,1
03:07:05,0
03:07:06,1
03:07:09,0
03:07:10,1
03:07:13,0
03:07:14,1
03:07:17,0
03:07:18,1
03:07:21,0
03:07:22,1
03:07:25,0
03:07:26,1
03:07:29,0
03:07:30,1
03:07:33,0
03:07:34,1
03:07:37,0
03:07:38,1
03:07:41,0
03:07:42,1
03:07:44,0
03:07:46,1
03:07:48,0
03:07:50,1
03:07:53,0
03:07:54,1
03:07:57,0
03:07:59,1
03:08:02,0
03:08:03,1
03:08:06,0
03:08:08,1
03:08:11,0
03:08:12,1
03:08:15,0
03:08:16,1
03:08:19,0
03:08:21,1
03:08:24,0
03:08:25,1
03:08:28,0
03:08:29,1
03:08:32,0
03:08:33,1
03:08:36,0
03:08:37,1
03:08:40,0
03:08:41,1
03:08:44,0
03:08:45,1
03:08:48,0
03:08:49,1
03:08:52,0
03:08:53,1
03:08:56,0
03:08:58,1
03:09:00,0
03:09:02,1
03:09:04,0
03:09:06,1
03:09:08,0
03:09:10,1
03:09:12,0
03:09:13,1
03:09:16,0
03:09:17,1
03:09:20,0
03:09:21,1
03:09:24,0
03:09:25,1
03:09:28,0
03:09:29,1
03:09:32,0
03:09:33,1
03:09:36,0
03:09:37,1
03:09:40,0
03:09:41,1
03:09:43,0
03:09:45,1
03:09:47,0
03:09:48,1
03:09:51,0
03:09:52,1
03:09:55,0
03:09:56,1
03:09:59,0
03:10:00,1
03:10:03,0
03:10:04,1
03:10:07,0
03:10:08,1
03:10:10,0
03:10:12,1
03:10:14,0
03:10:16,1
03:10:19,0
03:10:20,1
03:10:23,0
03:10:24,1
03:10:27,0
03:10:28,1
03:10:31,0
03:10:33,1
03:10:36,0
03:10:37,1
03:10:40,0
03:10:41,1
03:10:44,0
03:10:45,1
03:10:48,0
03:10:49,1
03:10:52,0
03:10:54,1
03:10:57,0
03:10:58,1
03:11:01,0
03:11:02,1
03:11:05,0
03:11:06,1
03:11:09,0
03:11:10,1
03:11:13,0
03:11:15,1
03:11:17,0
03:11:19,1
03:11:22,0
03:11:23,1
03:11:26,0
03:11:27,1
03:11:30,0
03:11:31,1
03:11:34,0
03:11:35,1
03:11:38,0
03:11:39,1
03:11:41,0
03:11:42,1
03:11:45,0
03:11:46,1
03:11:48,0
03:11:50,1
03:11:52,0
03:11:53,1
03:11:56,0
03:11:57,1
03:11:59,0
03:12:00,1
03:12:03,0
03:12:04,1
03:12:06,0
03:12:07,1
03:12:10,0
03:12:11,1
03:12:14,0
03:12:15,1
03:12:17,0
03:12:18,1
03:12:21,0
03:12:22,1
03:12:25,0
03:12:26,1
03:12:29,0
03:12:30,1
03:12:33,0
03:12:34,1
03:12:36,0
03:12:37,1
03:12:40,0
03:12:41,1
03:12:44,0
03:12:45,1
03:12:48,0
03:12:49,1
03:12:51,0
03:12:53,1
03:12:55,0
03:12:57,1
03:12:59,0
03:13:01,1
03:13:04,0
03:13:06,1
03:13:08,0
03:13:09,1
03:13:12,0
03:13:14,1
03:13:16,0
03:13:17,1
03:13:20,0
03:13:22,1
03:13:24,0
03:13:25,1
03:13:28,0
03:13:30,1
03:13:32,0
03:13:33,1
03:13:36,0
03:13:38,1
03:13:41,0
03:13:42,1
03:13:46,0
03:13:48,1
03:13:50,0
03:13:52,1
03:13:56,0
03:13:56,1
03:14:00,0
03:14:02,1
03:14:04,0
03:14:05,1
03:14:10,0
03:14:10,1
03:14:14,0
03:14:14,1
03:14:18,0
03:14:19,1
03:14:22,0
03:14:23,1
03:14:26,0
03:14:27,1
03:14:28,0
03:14:30,1
03:14:33,0
03:14:34,1
03:14:37,0
03:14:38,1
03:14:40,0
03:14:41,1
03:14:43,0
03:14:45,1
03:14:47,0
03:14:48,1
03:14:50,0
03:14:51,1
03:14:54,0
03:14:55,1
03:14:57,0
03:14:58,1
03:15:01,0
03:15:02,1
03:15:04,0
03:15:05,1
03:15:07,0
03:15:08,1
03:15:11,0
03:15:12,1
03:15:14,0
03:15:15,1
03:15:18,0
03:15:19,1
03:15:21,0
03:15:22,1
03:15:25,0
03:15:26,1
03:15:29,0
03:15:30,1
03:15:32,0
03:15:33,1
03:15:36,0
03:15:37,1
03:15:40,0
03:15:41,1
03:15:44,0
03:15:45,1
03:15:48,0
03:15:49,1
03:15:52,0
03:15:53,1
03:15:56,0
03:15:58,1
03:16:01,0
03:16:02,1
03:16:05,0
03:16:06,1
03:16:09,0
03:16:11,1
03:16:14,0
03:16:15,1
03:16:18,0
03:16:19,1
03:16:22,0
03:16:23,1
03:16:25,0
03:16:26,1
03:16:29,0
03:16:30,1
03:16:32,0
03:16:33,1
03:16:36,0
03:16:37,1
03:16:39,0
03:16:40,1
03:16:43,0
03:16:44,1
03:16:46,0
03:16:47,1
03:16:49,0
03:16:50,1
03:16:52,0
03:16:53,1
03:16:55,0
03:16:56,1
03:16:58,0
03:16:59,1
03:17:02,0
03:17:03,1
03:17:05,0
03:17:06,1
03:17:08,0
03:17:09,1
03:17:11,0
03:17:12,1
03:17:14,0
03:17:15,1
03:17:17,0
03:17:18,1
03:17:21,0
03:17:22,1
03:17:24,0
03:17:25,1
03:17:27,0
03:17:28,1
03:17:31,0
03:17:32,1
03:17:34,0
03:17:35,1
03:17:37,0
03:17:38,1
03:17:41,0
03:17:42,1
03:17:44,0
03:17:45,1
03:17:48,0
03:17:49,1
03:17:51,0
03:17:52,1
03:17:55,0
03:17:56,1
03:17:58,0
03:17:59,1
03:18:02,0
03:18:03,1
03:18:05,0
03:18:06,1
03:18:08,0
03:18:09,1
03:18:12,0
03:18:13,1
03:18:15,0
03:18:16,1
03:18:19,0
03:18:20,1
03:18:22,0
03:18:23,1
03:18:25,0
03:18:26,1
03:18:29,0
03:18:30,1
03:18:32,0
03:18:33,1
03:18:35,0
03:18:37,1
03:18:39,0
03:18:40,1
03:18:43,0
03:18:44,1
03:18:46,0
03:18:47,1
03:18:50,0
03:18:51,1
03:18:53,0
03:18:54,1
03:18:57,0
03:18:58,1
03:19:01,0
03:19:02,1
03:19:04,0
03:19:06,1
03:19:08,0
03:19:09,1
03:19:12,0
03:19:13,1
03:19:15,0
03:19:17,1
03:19:19,0
03:19:20,1
03:19:23,0
03:19:24,1
03:19:27,0
03:19:28,1
03:19:31,0
03:19:32,1
03:19:34,0
03:19:36,1
03:19:38,0
03:19:39,1
03:19:42,0
03:19:43,1
03:19:46,0
03:19:47,1
03:19:50,0
03:19:51,1
03:19:54,0
03:19:55,1
03:19:57,0
03:19:59,1
03:20:01,0
03:20:02,1
03:20:05,0
03:20:06,1
03:20:09,0
03:20:10,1
03:20:13,0
03:20:14,1
03:20:16,0
03:20:17,1
03:20:20,0
03:20:21,1
03:20:23,0
03:20:24,1
03:20:27,0
03:20:28,1
03:20:31,0
03:20:32,1
03:20:35,0
03:20:36,1
03:20:39,0
03:20:40,1
03:20:44,0
03:20:44,1
03:20:48,0
03:20:48,1
03:20:52,0
03:20:52,1
03:20:56,0
03:20:56,1
03:21:00,0
03:21:00,1
03:21:04,0
03:21:04,1
03:21:08,0
03:21:08,1
03:21:12,0
03:21:12,1
03:21:16,0
03:21:16,1
03:21:18,0
03:21:20,1
03:21:23,0
03:21:24,1
03:21:26,0
03:21:27,1
03:21:30,0
03:21:31,1
03:21:34,0
03:21:35,1
03:21:38,0
03:21:39,1
03:21:41,0
03:21:42,1
03:21:45,0
03:21:46,1
03:21:49,0
03:21:50,1
03:21:53,0
03:21:54,1
03:21:57,0
03:21:58,1
03:22:00,0
03:22:02,1
03:22:04,0
03:22:05,1
03:22:08,0
03:22:09,1
03:22:12,0
03:22:13,1
03:22:16,0
03:22:17,1
03:22:19,0
03:22:20,1
03:22:23,0
03:22:24,1
03:22:27,0
03:22:28,1
03:22:30,0
03:22:32,1
03:22:34,0
03:22:35,1
03:22:38,0
03:22:39,1
03:22:42,0
03:22:43,1
03:22:45,0
03:22:46,1
03:22:49,0
03:22:50,1
03:22:52,0
03:22:54,1
03:22:56,0
03:22:57,1
03:23:00,0
03:23:01,1
03:23:04,0
03:23:05,1
03:23:07,0
03:23:08,1
03:23:11,0
03:23:12,1
03:23:15,0
03:23:16,1
03:23:19,0
03:23:20,1
03:23:23,0
03:23:25,1
03:23:28,0
03:23:29,1
03:23:32,0
03:23:33,1
03:23:36,0
03:23:37,1
03:23:40,0
03:23:41,1
03:23:44,0
03:23:45,1
03:23:48,0
03:23:49,1
03:23:52,0
03:23:53,1
03:23:56,0
03:23:57,1
03:24:00,0
03:24:01,1
03:24:04,0
03:24:05,1
03:24:07,0
03:24:09,1
03:24:11,0
03:24:13,1
03:24:15,0
03:24:17,1
03:24:19,0
03:24:21,1
03:24:23,0
03:24:25,1
03:24:28,0
03:24:29,1
03:24:32,0
03:24:33,1
03:24:36,0
03:24:37,1
03:24:40,0
03:24:41,1
03:24:45,0
03:24:46,1
03:24:49,0
03:24:51,1
03:24:54,0
03:24:55,1
03:24:58,0
03:25:00,1
03:25:03,0
03:25:04,1
03:25:08,0
03:25:09,1
03:25:12,0
03:25:13,1
03:25:17,0
03:25:18,1
03:25:21,0
03:25:22,1
03:25:26,0
03:25:27,1
03:25:30,0
03:25:31,1
03:25:34,0
03:25:35,1
03:25:38,0
03:25:40,1
03:25:43,0
03:25:44,1
03:25:47,0
03:25:48,1
03:25:51,0
03:25:52,1
03:25:55,0
03:25:56,1
03:25:59,0
03:26:00,1
03:26:03,0
03:26:04,1
03:26:07,0
03:26:08,1
03:26:11,0
03:26:12,1
03:26:15,0
03:26:16,1
03:26:19,0
03:26:20,1
03:26:23,0
03:26:24,1
03:26:27,0
03:26:28,1
03:26:31,0
03:26:32,1
03:26:35,0
03:26:36,1
03:26:39,0
03:26:40,1
03:26:43,0
03:26:44,1
03:26:46,0
03:26:48,1
03:26:50,0
03:26:52,1
03:26:54,0
03:26:55,1
03:26:58,0
03:26:59,1
03:27:02,0
03:27:03,1
03:27:06,0
03:27:07,1
03:27:10,0
03:27:11,1
03:27:14,0
03:27:15,1
03:27:18,0
03:27:19,1
03:27:22,0
03:27:23,1
03:27:26,0
03:27:27,1
03:27:30,0
03:27:31,1
03:27:34,0
03:27:35,1
03:27:38,0
03:27:39,1
03:27:42,0
03:27:43,1
03:27:46,0
03:27:47,1
03:27:50,0
03:27:51,1
03:27:54,0
03:27:55,1
03:27:58,0
03:27:59,1
03:28:02,0
03:28:03,1
03:28:06,0
03:28:07,1
03:28:09,0
03:28:10,1
03:28:13,0
03:28:14,1
03:28:17,0
03:28:18,1
03:28:21,0
03:28:22,1
03:28:25,0
03:28:26,1
03:28:29,0
03:28:30,1
03:28:32,0
03:28:33,1
03:28:36,0
03:28:37,1
03:28:40,0
03:28:41,1
03:28:43,0
03:28:44,1
03:28:47,0
03:28:48,1
03:28:50,0
03:28:52,1
03:28:54,0
03:28:55,1
03:28:58,0
03:28:59,1
03:29:01,0
03:29:02,1
03:29:05,0
03:29:06,1
03:29:09,0
03:29:10,1
03:29:13,0
03:29:15,1
03:29:18,0
03:29:19,1
03:29:23,0
03:29:24,1
03:29:27,0
03:29:28,1
03:29:32,0
03:29:33,1
03:29:36,0
03:29:38,1
03:29:41,0
03:29:42,1
03:29:45,0
03:29:47,1
03:29:50,0
03:29:51,1
03:29:55,0
03:29:56,1
03:29:59,0
03:30:00,1
03:30:03,0
03:30:04,1
03:30:07,0
03:30:09,1
03:30:12,0
03:30:13,1
03:30:16,0
03:30:17,1
03:30:20,0
03:30:21,1
03:30:24,0
03:30:26,1
03:30:29,0
03:30:30,1
03:30:33,0
03:30:35,1
03:30:38,0
03:30:39,1
03:30:42,0
03:30:44,1
03:30:47,0
03:30:48,1
03:30:51,0
03:30:53,1
03:30:56,0
03:30:57,1
03:31:01,0
03:31:02,1
03:31:06,0
03:31:07,1
03:31:10,0
03:31:12,1
03:31:15,0
03:31:17,1
03:31:20,0
03:31:21,1
03:31:25,0
03:31:26,1
03:31:29,0
03:31:31,1
03:31:34,0
03:31:35,1
03:31:38,0
03:31:40,1
03:31:43,0
03:31:44,1
03:31:47,0
03:31:48,1
03:31:51,0
03:31:52,1
03:31:55,0
03:31:56,1
03:31:59,0
03:32:00,1
03:32:03,0
03:32:04,1
03:32:07,0
03:32:08,1
03:32:11,0
03:32:12,1
03:32:15,0
03:32:16,1
03:32:19,0
03:32:20,1
03:32:23,0
03:32:24,1
03:32:27,0
03:32:28,1
03:32:32,0
03:32:33,1
03:32:36,0
03:32:37,1
03:32:40,0
03:32:42,1
03:32:45,0
03:32:46,1
03:32:49,0
03:32:50,1
03:32:53,0
03:32:55,1
03:32:58,0
03:32:59,1
03:33:02,0
03:33:04,1
03:33:07,0
03:33:08,1
03:33:11,0
03:33:12,1
03:33:15,0
03:33:17,1
03:33:20,0
03:33:21,1
03:33:24,0
03:33:25,1
03:33:28,0
03:33:29,1
03:33:32,0
03:33:33,1
03:33:36,0
03:33:37,1
03:33:40,0
03:33:42,1
03:33:44,0
03:33:46,1
03:33:48,0
03:33:50,1
03:33:52,0
03:33:53,1
03:33:56,0
03:33:57,1
03:34:00,0
03:34:01,1
03:34:04,0
03:34:05,1
03:34:08,0
03:34:09,1
03:34:12,0
03:34:13,1
03:34:16,0
03:34:17,1
03:34:19,0
03:34:20,1
03:34:24,0
03:34:24,1
03:34:28,0
03:34:28,1
03:34:32,0
03:34:32,1
03:34:35,0
03:34:36,1
03:34:39,0
03:34:41,1
03:34:43,0
03:34:44,1
03:34:47,0
03:34:49,1
03:34:51,0
03:34:52,1
03:34:55,0
03:34:57,1
03:34:59,0
03:35:01,1
03:35:04,0
03:35:05,1
03:35:08,0
03:35:09,1
03:35:13,0
03:35:14,1
03:35:17,0
03:35:18,1
03:35:21,0
03:35:23,1
03:35:26,0
03:35:27,1
03:35:30,0
03:35:32,1
03:35:35,0
03:35:36,1
03:35:39,0
03:35:40,1
03:35:43,0
03:35:44,1
03:35:47,0
03:35:48,1
03:35:51,0
03:35:52,1
03:35:55,0
03:35:56,1
03:35:59,0
03:36:00,1
03:36:03,0
03:36:04,1
03:36:07,0
03:36:08,1
03:36:11,0
03:36:12,1
03:36:14,0
03:36:16,1
03:36:18,0
03:36:20,1
03:36:22,0
03:36:24,1
03:36:26,0
03:36:28,1
03:36:31,0
03:36:32,1
03:36:35,0
03:36:36,1
03:36:39,0
03:36:40,1
03:36:43,0
03:36:44,1
03:36:48,0
03:36:49,1
03:36:52,0
03:36:54,1
03:36:57,0
03:36:59,1
03:37:02,0
03:37:04,1
03:37:07,0
03:37:09,1
03:37:12,0
03:37:14,1
03:37:17,0
03:37:19,1
03:37:22,0
03:37:23,1
03:37:27,0
03:37:28,1
03:37:31,0
03:37:33,1
03:37:36,0
03:37:37,1
03:37:41,0
03:37:42,1
03:37:45,0
03:37:46,1
03:37:50,0
03:37:51,1
03:37:54,0
03:37:55,1
03:37:58,0
03:38:00,1
03:38:02,0
03:38:04,1
03:38:07,0
03:38:08,1
03:38:11,0
03:38:12,1
03:38:15,0
03:38:16,1
03:38:19,0
03:38:20,1
03:38:23,0
03:38:24,1
03:38:27,0
03:38:28,1
03:38:31,0
03:38:32,1
03:38:35,0
03:38:36,1
03:38:39,0
03:38:40,1
03:38:43,0
03:38:44,1
03:38:47,0
03:38:48,1
03:38:51,0
03:38:52,1
03:38:55,0
03:38:56,1
03:38:59,0
03:39:01,1
03:39:04,0
03:39:05,1
03:39:08,0
03:39:09,1
03:39:13,0
03:39:14,1
03:39:17,0
03:39:18,1
03:39:21,0
03:39:23,1
03:39:25,0
03:39:27,1
03:39:30,0
03:39:31,1
03:39:34,0
03:39:35,1
03:39:38,0
03:39:39,1
03:39:42,0
03:39:43,1
03:39:46,0
03:39:47,1
03:39:50,0
03:39:51,1
03:39:54,0
03:39:55,1
03:39:58,0
03:40:00,1
03:40:02,0
03:40:04,1
03:40:06,0
03:40:08,1
03:40:10,0
03:40:11,1
03:40:14,0
03:40:15,1
03:40:18,0
03:40:19,1
03:40:22,0
03:40:23,1
03:40:26,0
03:40:27,1
03:40:30,0
03:40:31,1
03:40:34,0
03:40:35,1
03:40:38,0
03:40:39,1
03:40:42,0
03:40:43,1
03:40:46,0
03:40:47,1
03:40:50,0
03:40:51,1
03:40:54,0
03:40:55,1
03:40:58,0
03:40:59,1
03:41:02,0
03:41:04,1
03:41:07,0
03:41:08,1
03:41:11,0
03:41:12,1
03:41:15,0
03:41:16,1
03:41:19,0
03:41:21,1
03:41:24,0
03:41:25,1
03:41:28,0
03:41:29,1
03:41:32,0
03:41:33,1
03:41:36,0
03:41:38,1
03:41:41,0
03:41:42,1
03:41:45,0
03:41:46,1
03:41:49,0
03:41:51,1
03:41:53,0
03:41:55,1
03:41:58,0
03:41:59,1
03:42:02,0
03:42:03,1
03:42:06,0
03:42:08,1
03:42:11,0
03:42:12,1
03:42:15,0
03:42:16,1
03:42:19,0
03:42:21,1
03:42:24,0
03:42:25,1
03:42:28,0
03:42:29,1
03:42:32,0
03:42:34,1
03:42:37,0
03:42:38,1
03:42:41,0
03:42:43,1
03:42:46,0
03:42:47,1
03:42:50,0
03:42:51,1
03:42:55,0
03:42:56,1
03:42:59,0
03:43:01,1
03:43:04,0
03:43:06,1
03:43:09,0
03:43:10,1
03:43:14,0
03:43:15,1
03:43:19,0
03:43:20,1
03:43:23,0
03:43:25,1
03:43:28,0
03:43:30,1
03:43:33,0
03:43:34,1
03:43:37,0
03:43:39,1
03:43:42,0
03:43:43,1
03:43:46,0
03:43:48,1
03:43:51,0
03:43:52,1
03:43:55,0
03:43:56,1
03:43:59,0
03:44:01,1
03:44:04,0
03:44:05,1
03:44:08,0
03:44:09,1
03:44:12,0
03:44:13,1
03:44:16,0
03:44:17,1
03:44:20,0
03:44:21,1
03:44:24,0
03:44:25,1
03:44:28,0
03:44:29,1
03:44:32,0
03:44:33,1
03:44:36,0
03:44:37,1
03:44:40,0
03:44:41,1
03:44:44,0
03:44:45,1
03:44:48,0
03:44:49,1
03:44:51,0
03:44:53,1
03:44:55,0
03:44:57,1
03:44:59,0
03:45:01,1
03:45:03,0
03:45:05,1
03:45:07,0
03:45:08,1
03:45:11,0
03:45:13,1
03:45:15,0
03:45:17,1
03:45:20,0
03:45:21,1
03:45:24,0
03:45:25,1
03:45:28,0
03:45:29,1
03:45:32,0
03:45:34,1
03:45:37,0
03:45:38,1
03:45:42,0
03:45:43,1
03:45:47,0
03:45:48,1
03:45:52,0
03:45:53,1
03:45:57,0
03:45:58,1
03:46:02,0
03:46:03,1
03:46:07,0
03:46:09,1
03:46:12,0
03:46:13,1
03:46:17,0
03:46:18,1
03:46:22,0
03:46:23,1
03:46:26,0
03:46:28,1
03:46:31,0
03:46:32,1
03:46:36,0
03:46:37,1
03:46:40,0
03:46:41,1
03:46:44,0
03:46:46,1
03:46:49,0
03:46:50,1
03:46:53,0
03:46:54,1
03:46:57,0
03:46:58,1
03:47:01,0
03:47:03,1
03:47:06,0
03:47:07,1
03:47:10,0
03:47:11,1
03:47:14,0
03:47:15,1
03:47:18,0
03:47:19,1
03:47:22,0
03:47:23,1
03:47:26,0
03:47:27,1
03:47:30,0
03:47:31,1
03:47:34,0
03:47:35,1
03:47:38,0
03:47:39,1
03:47:42,0
03:47:43,1
03:47:46,0
03:47:47,1
03:47:50,0
03:47:52,1
03:47:55,0
03:47:56,1
03:47:59,0
03:48:01,1
03:48:04,0
03:48:05,1
03:48:08,0
03:48:09,1
03:48:12,0
03:48:14,1
03:48:17,0
03:48:18,1
03:48:21,0
03:48:22,1
03:48:25,0
03:48:26,1
03:48:29,0
03:48:31,1
03:48:34,0
03:48:35,1
03:48:38,0
03:48:39,1
03:48:42,0
03:48:44,1
03:48:47,0
03:48:48,1
03:48:51,0
03:48:52,1
03:48:55,0
03:48:57,1
03:49:00,0
03:49:01,1
03:49:04,0
03:49:05,1
03:49:08,0
03:49:09,1
03:49:12,0
03:49:14,1
03:49:17,0
03:49:18,1
03:49:21,0
03:49:22,1
03:49:25,0
03:49:27,1
03:49:30,0
03:49:31,1
03:49:34,0
03:49:35,1
03:49:39,0
03:49:40,1
03:49:43,0
03:49:45,1
03:49:48,0
03:49:49,1
03:49:53,0
03:49:54,1
03:49:58,0
03:49:59,1
03:50:03,0
03:50:04,1
03:50:08,0
03:50:10,1
03:50:13,0
03:50:15,1
03:50:19,0
03:50:20,1
03:50:24,0
03:50:26,1
03:50:29,0
03:50:31,1
03:50:35,0
03:50:36,1
03:50:40,0
03:50:42,1
03:50:46,0
03:50:47,1
03:50:51,0
03:50:53,1
03:50:56,0
03:50:58,1
03:51:01,0
03:51:03,1
03:51:06,0
03:51:08,1
03:51:11,0
03:51:12,1
03:51:16,0
03:51:17,1
03:51:21,0
03:51:22,1
03:51:26,0
03:51:27,1
03:51:30,0
03:51:32,1
03:51:35,0
03:51:36,1
03:51:39,0
03:51:40,1
03:51:44,0
03:51:46,1
03:51:48,0
03:51:50,1
03:51:54,0
03:51:54,1
03:51:58,0
03:52:00,1
03:52:04,0
03:52:04,1
03:52:08,0
03:52:10,1
03:52:14,0
03:52:14,1
03:52:18,0
03:52:20,1
03:52:24,0
03:52:26,1
03:52:28,0
03:52:31,1
03:52:34,0
03:52:36,1
03:52:40,0
03:52:42,1
03:52:44,0
03:52:46,1
03:52:50,0
03:52:52,1
03:52:54,0
03:52:56,1
03:53:00,0
03:53:00,1
03:53:04,0
03:53:06,1
03:53:08,0
03:53:09,1
03:53:12,0
03:53:14,1
03:53:16,0
03:53:17,1
03:53:20,0
03:53:22,1
03:53:24,0
03:53:25,1
03:53:28,0
03:53:30,1
03:53:32,0
03:53:34,1
03:53:36,0
03:53:39,1
03:53:40,0
03:53:42,1
03:53:46,0
03:53:47,1
03:53:50,0
03:53:51,1
03:53:55,0
03:53:56,1
03:53:59,0
03:54:01,1
03:54:04,0
03:54:06,1
03:54:09,0
03:54:11,1
03:54:14,0
03:54:16,1
03:54:20,0
03:54:21,1
03:54:25,0
03:54:26,1
03:54:30,0
03:54:32,1
03:54:35,0
03:54:37,1
03:54:40,0
03:54:42,1
03:54:45,0
03:54:46,1
03:54:49,0
03:54:51,1
03:54:54,0
03:54:55,1
03:54:59,0
03:55:00,1
03:55:03,0
03:55:04,1
03:55:07,0
03:55:08,1
03:55:11,0
03:55:13,1
03:55:16,0
03:55:17,1
03:55:20,0
03:55:21,1
03:55:24,0
03:55:25,1
03:55:28,0
03:55:29,1
03:55:31,0
03:55:33,1
03:55:35,0
03:55:36,1
03:55:39,0
03:55:40,1
03:55:42,0
03:55:43,1
03:55:46,0
03:55:47,1
03:55:50,0
03:55:51,1
03:55:53,0
03:55:54,1
03:55:57,0
03:55:58,1
03:56:00,0
03:56:02,1
03:56:04,0
03:56:05,1
03:56:08,0
03:56:09,1
03:56:12,0
03:56:13,1
03:56:16,0
03:56:17,1
03:56:20,0
03:56:21,1
03:56:24,0
03:56:25,1
03:56:28,0
03:56:30,1
03:56:33,0
03:56:34,1
03:56:37,0
03:56:39,1
03:56:42,0
03:56:44,1
03:56:47,0
03:56:48,1
03:56:52,0
03:56:53,1
03:56:57,0
03:56:58,1
03:57:01,0
03:57:03,1
03:57:06,0
03:57:08,1
03:57:11,0
03:57:12,1
03:57:15,0
03:57:17,1
03:57:20,0
03:57:21,1
03:57:24,0
03:57:26,1
03:57:29,0
03:57:30,1
03:57:33,0
03:57:35,1
03:57:38,0
03:57:39,1
03:57:42,0
03:57:43,1
03:57:46,0
03:57:47,1
03:57:50,0
03:57:51,1
03:57:54,0
03:57:55,1
03:57:58,0
03:57:59,1
03:58:01,0
03:58:02,1
03:58:05,0
03:58:06,1
03:58:09,0
03:58:10,1
03:58:13,0
03:58:14,1
03:58:17,0
03:58:18,1
03:58:21,0
03:58:23,1
03:58:26,0
03:58:27,1
03:58:30,0
03:58:31,1
03:58:34,0
03:58:35,1
03:58:38,0
03:58:39,1
03:58:43,0
03:58:44,1
03:58:47,0
03:58:49,1
03:58:52,0
03:58:53,1
03:58:57,0
03:58:58,1
03:59:01,0
03:59:03,1
03:59:06,0
03:59:07,1
03:59:11,0
03:59:12,1
03:59:15,0
03:59:17,1
03:59:20,0
03:59:21,1
03:59:25,0
03:59:26,1
03:59:29,0
03:59:31,1
03:59:34,0
03:59:35,1
03:59:38,0
03:59:40,1
03:59:43,0
03:59:44,1
03:59:48,0
03:59:49,1
03:59:52,0
03:59:54,1
03:59:57,0
03:59:58,1
04:00:01,0
04:00:03,1
04:00:06,0
04:00:07,1
04:00:10,0
04:00:12,1
04:00:15,0
04:00:16,1
04:00:19,0
04:00:20,1
04:00:23,0
04:00:24,1
04:00:27,0
04:00:28,1
04:00:31,0
04:00:32,1
04:00:35,0
04:00:36,1
04:00:38,0
04:00:40,1
04:00:42,0
04:00:43,1
04:00:46,0
04:00:47,1
04:00:50,0
04:00:51,1
04:00:54,0
04:00:55,1
04:00:57,0
04:00:59,1
04:01:01,0
04:01:02,1
04:01:05,0
04:01:06,1
04:01:09,0
04:01:10,1
04:01:13,0
04:01:14,1
04:01:17,0
04:01:18,1
04:01:21,0
04:01:22,1
04:01:25,0
04:01:26,1
04:01:29,0
04:01:30,1
04:01:33,0
04:01:35,1
04:01:37,0
04:01:39,1
04:01:42,0
04:01:43,1
04:01:46,0
04:01:47,1
04:01:50,0
04:01:52,1
04:01:55,0
04:01:56,1
04:01:59,0
04:02:00,1
04:02:03,0
04:02:04,1
04:02:07,0
04:02:08,1
04:02:11,0
04:02:12,1
04:02:14,0
04:02:16,1
04:02:18,0
04:02:19,1
04:02:22,0
04:02:23,1
04:02:25,0
04:02:26,1
04:02:29,0
04:02:30,1
04:02:32,0
04:02:33,1
04:02:36,0
04:02:37,1
04:02:40,0
04:02:41,1
04:02:43,0
04:02:44,1
04:02:47,0
04:02:48,1
04:02:51,0
04:02:52,1
04:02:54,0
04:02:56,1
04:02:58,0
04:03:00,1
04:03:02,0
04:03:04,1
04:03:06,0
04:03:08,1
04:03:11,0
04:03:12,1
04:03:15,0
04:03:16,1
04:03:20,0
04:03:21,1
04:03:24,0
04:03:25,1
04:03:28,0
04:03:30,1
04:03:33,0
04:03:34,1
04:03:37,0
04:03:38,1
04:03:41,0
04:03:42,1
04:03:46,0
04:03:47,1
04:03:50,0
04:03:51,1
04:03:54,0
04:03:55,1
04:03:58,0
04:04:00,1
04:04:03,0
04:04:04,1
04:04:07,0
04:04:08,1
04:04:11,0
04:04:12,1
04:04:15,0
04:04:16,1
04:04:19,0
04:04:21,1
04:04:23,0
04:04:25,1
04:04:27,0
04:04:29,1
04:04:31,0
04:04:32,1
04:04:35,0
04:04:36,1
04:04:39,0
04:04:40,1
04:04:44,0
04:04:44,1
04:04:46,0
04:04:48,1
04:04:50,0
04:04:52,1
04:04:53,0
04:04:56,1
04:04:58,0
04:04:58,1
04:05:00,0
04:05:02,1
04:05:05,0
04:05:06,1
04:05:08,0
04:05:08,1
04:05:12,0
04:05:13,1
04:05:15,0
04:05:16,1
04:05:19,0
04:05:20,1
04:05:22,0
04:05:23,1
04:05:26,0
04:05:27,1
04:05:29,0
04:05:30,1
04:05:33,0
04:05:34,1
04:05:37,0
04:05:38,1
04:05:40,0
04:05:41,1
04:05:44,0
04:05:45,1
04:05:48,0
04:05:49,1
04:05:51,0
04:05:53,1
04:05:55,0
04:05:56,1
04:05:59,0
04:06:00,1
04:06:03,0
04:06:04,1
04:06:07,0
04:06:08,1
04:06:11,0
04:06:12,1
04:06:15,0
04:06:16,1
04:06:19,0
04:06:20,1
04:06:22,0
04:06:23,1
04:06:26,0
04:06:27,1
04:06:30,0
04:06:31,1
04:06:33,0
04:06:34,1
04:06:36,0
04:06:37,1
04:06:40,0
04:06:41,1
04:06:43,0
04:06:44,1
04:06:46,0
04:06:47,1
04:06:50,0
04:06:51,1
04:06:53,0
04:06:54,1
04:06:56,0
04:06:57,1
04:06:59,0
04:07:00,1
04:07:02,0
04:07:03,1
04:07:05,0
04:07:06,1
04:07:08,0
04:07:09,1
04:07:12,0
04:07:13,1
04:07:15,0
04:07:16,1
04:07:18,0
04:07:19,1
04:07:26,0
04:07:26,1
04:07:28,0
04:07:29,1
04:07:31,0
04:07:32,1
04:07:35,0
04:07:36,1
04:07:38,0
04:07:39,1
04:07:42,0
04:07:43,1
04:07:45,0
04:07:46,1
04:07:48,0
04:07:49,1
04:07:52,0
04:07:53,1
04:07:55,0
04:07:56,1
04:07:58,0
04:07:59,1
04:08:02,0
04:08:03,1
04:08:05,0
04:08:06,1
04:08:08,0
04:08:10,1
04:08:12,0
04:08:13,1
04:08:15,0
04:08:16,1
04:08:19,0
04:08:20,1
04:08:22,0
04:08:23,1
04:08:25,0
04:08:26,1
04:08:29,0
04:08:30,1
04:08:32,0
04:08:33,1
04:08:36,0
04:08:37,1
04:08:39,0
04:08:40,1
04:08:43,0
04:08:44,1
04:08:46,0
04:08:47,1
04:08:49,0
04:08:50,1
04:08:53,0
04:08:54,1
04:08:56,0
04:08:57,1
04:09:00,0
04:09:01,1
04:09:03,0
04:09:04,1
04:09:07,0
04:09:08,1
04:09:10,0
04:09:11,1
04:09:14,0
04:09:15,1
04:09:17,0
04:09:18,1
04:09:21,0
04:09:22,1
04:09:24,0
04:09:26,1
04:09:28,0
04:09:29,1
04:09:31,0
04:09:32,1
04:09:35,0
04:09:36,1
04:09:39,0
04:09:40,1
04:09:42,0
04:09:43,1
04:09:46,0
04:09:47,1
04:09:49,0
04:09:50,1
04:09:53,0
04:09:54,1
04:09:56,0
04:09:57,1
04:10:00,0
04:10:01,1
04:10:03,0
04:10:04,1
04:10:07,0
04:10:08,1
04:10:10,0
04:10:11,1
04:10:14,0
04:10:15,1
04:10:17,0
04:10:18,1
04:10:20,0
04:10:21,1
04:10:24,0
04:10:25,1
04:10:27,0
04:10:28,1
04:10:30,0
04:10:31,1
04:10:34,0
04:10:35,1
04:10:37,0
04:10:38,1
04:10:41,0
04:10:42,1
04:10:44,0
04:10:45,1
04:10:48,0
04:10:49,1
04:10:51,0
04:10:52,1
04:10:55,0
04:10:56,1
04:10:58,0
04:10:59,1
04:11:02,0
04:11:03,1
04:11:05,0
04:11:06,1
04:11:09,0
04:11:10,1
04:11:13,0
04:11:14,1
04:11:16,0
04:11:17,1
04:11:20,0
04:11:21,1
04:11:24,0
04:11:25,1
04:11:28,0
04:11:29,1
04:11:31,0
04:11:33,1
04:11:36,0
04:11:36,1
04:11:39,0
04:11:40,1
04:11:44,0
04:11:44,1
04:11:48,0
04:11:49,1
04:11:52,0
04:11:53,1
04:11:55,0
04:11:57,1
04:11:59,0
04:12:00,1
04:12:03,0
04:12:04,1
04:12:07,0
04:12:08,1
04:12:11,0
04:12:12,1
04:12:15,0
04:12:16,1
04:12:19,0
04:12:20,1
04:12:23,0
04:12:24,1
04:12:26,0
04:12:27,1
04:12:30,0
04:12:31,1
04:12:34,0
04:12:35,1
04:12:37,0
04:12:38,1
04:12:41,0
04:12:42,1
04:12:45,0
04:12:46,1
04:12:48,0
04:12:50,1
04:12:52,0
04:12:53,1
04:12:56,0
04:12:57,1
04:13:00,0
04:13:01,1
04:13:03,0
04:13:04,1
04:13:07,0
04:13:08,1
04:13:11,0
04:13:12,1
04:13:14,0
04:13:16,1
04:13:18,0
04:13:19,1
04:13:22,0
04:13:23,1
04:13:26,0
04:13:27,1
04:13:30,0
04:13:31,1
04:13:34,0
04:13:35,1
04:13:38,0
04:13:39,1
04:13:42,0
04:13:43,1
04:13:46,0
04:13:47,1
04:13:50,0
04:13:51,1
04:13:54,0
04:13:55,1
04:13:58,0
04:13:59,1
04:14:02,0
04:14:03,1
04:14:06,0
04:14:07,1
04:14:10,0
04:14:11,1
04:14:14,0
04:14:15,1
04:14:17,0
04:14:18,1
04:14:21,0
04:14:22,1
04:14:25,0
04:14:26,1
04:14:28,0
04:14:30,1
04:14:32,0
04:14:33,1
04:14:36,0
04:14:37,1
04:14:39,0
04:14:40,1
04:14:43,0
04:14:44,1
04:14:47,0
04:14:48,1
04:14:51,0
04:14:52,1
04:14:54,0
04:14:56,1
04:14:58,0
04:15:00,1
04:15:03,0
04:15:04,1
04:15:07,0
04:15:08,1
04:15:11,0
04:15:12,1
04:15:15,0
04:15:16,1
04:15:19,0
04:15:20,1
04:15:22,0
04:15:23,1
04:15:26,0
04:15:27,1
04:15:30,0
04:15:31,1
04:15:33,0
04:15:34,1
04:15:37,0
04:15:38,1
04:15:40,0
04:15:41,1
04:15:44,0
04:15:45,1
04:15:48,0
04:15:49,1
04:15:51,0
04:15:53,1
04:15:55,0
04:15:56,1
04:15:59,0
04:16:00,1
04:16:03,0
04:16:04,1
04:16:07,0
04:16:08,1
04:16:10,0
04:16:11,1
04:16:14,0
04:16:15,1
04:16:18,0
04:16:19,1
04:16:22,0
04:16:23,1
04:16:26,0
04:16:28,1
04:16:31,0
04:16:32,1
04:16:35,0
04:16:36,1
04:16:39,0
04:16:40,1
04:16:43,0
04:16:44,1
04:16:47,0
04:16:48,1
04:16:51,0
04:16:52,1
04:16:55,0
04:16:56,1
04:16:59,0
04:17:00,1
04:17:03,0
04:17:04,1
04:17:07,0
04:17:08,1
04:17:11,0
04:17:12,1
04:17:15,0
04:17:17,1
04:17:19,0
04:17:21,1
04:17:23,0
04:17:25,1
04:17:28,0
04:17:29,1
04:17:31,0
04:17:33,1
04:17:35,0
04:17:37,1
04:17:39,0
04:17:40,1
04:17:43,0
04:17:44,1
04:17:47,0
04:17:48,1
04:17:51,0
04:17:52,1
04:17:55,0
04:17:57,1
04:18:00,0
04:18:01,1
04:18:04,0
04:18:06,1
04:18:09,0
04:18:10,1
04:18:13,0
04:18:14,1
04:18:17,0
04:18:18,1
04:18:21,0
04:18:23,1
04:18:25,0
04:18:27,1
04:18:30,0
04:18:31,1
04:18:33,0
04:18:35,1
04:18:37,0
04:18:38,1
04:18:41,0
04:18:42,1
04:18:44,0
04:18:45,1
04:18:48,0
04:18:49,1
04:18:51,0
04:18:52,1
04:18:55,0
04:18:56,1
04:18:58,0
04:18:59,1
04:19:01,0
04:19:02,1
04:19:05,0
04:19:06,1
04:19:08,0
04:19:09,1
04:19:11,0
04:19:12,1
04:19:14,0
04:19:15,1
04:19:18,0
04:19:19,1
04:19:21,0
04:19:22,1
04:19:24,0
04:19:25,1
04:19:27,0
04:19:28,1
04:19:31,0
04:19:32,1
04:19:34,0
04:19:35,1
04:19:37,0
04:19:38,1
04:19:41,0
04:19:42,1
04:19:44,0
04:19:46,1
04:19:48,0
04:19:50,1
04:19:53,0
04:19:54,1
04:19:57,0
04:19:58,1
04:20:00,0
04:20:02,1
04:20:05,0
04:20:06,1
04:20:09,0
04:20:10,1
04:20:13,0
04:20:15,1
04:20:18,0
04:20:18,1
04:20:22,0
04:20:23,1
04:20:26,0
04:20:28,1
04:20:31,0
04:20:32,1
04:20:35,0
04:20:37,1
04:20:40,0
04:20:41,1
04:20:44,0
04:20:46,1
04:20:49,0
04:20:50,1
04:20:53,0
04:20:55,1
04:20:58,0
04:20:59,1
04:21:02,0
04:21:03,1
04:21:06,0
04:21:07,1
04:21:10,0
04:21:12,1
04:21:14,0
04:21:16,1
04:21:19,0
04:21:20,1
04:21:23,0
04:21:24,1
04:21:28,0
04:21:29,1
04:21:32,0
04:21:33,1
04:21:36,0
04:21:37,1
04:21:40,0
04:21:42,1
04:21:45,0
04:21:46,1
04:21:49,0
04:21:50,1
04:21:53,0
04:21:54,1
04:21:56,0
04:21:58,1
04:22:00,0
04:22:01,1
04:22:04,0
04:22:05,1
04:22:08,0
04:22:09,1
04:22:11,0
04:22:12,1
04:22:15,0
04:22:16,1
04:22:19,0
04:22:20,1
04:22:23,0
04:22:24,1
04:22:26,0
04:22:28,1
04:22:30,0
04:22:32,1
04:22:35,0
04:22:36,1
04:22:39,0
04:22:40,1
04:22:43,0
04:22:44,1
04:22:47,0
04:22:48,1
04:22:51,0
04:22:53,1
04:22:56,0
04:22:57,1
04:23:00,0
04:23:01,1
04:23:04,0
04:23:06,1
04:23:09,0
04:23:10,1
04:23:13,0
04:23:14,1
04:23:17,0
04:23:18,1
04:23:21,0
04:23:22,1
04:23:25,0
04:23:26,1
04:23:29,0
04:23:30,1
04:23:33,0
04:23:34,1
04:23:37,0
04:23:38,1
04:23:41,0
04:23:42,1
04:23:45,0
04:23:46,1
04:23:49,0
04:23:51,1
04:23:54,0
04:23:55,1
04:23:59,0
04:24:00,1
04:24:03,0
04:24:05,1
04:24:08,0
04:24:10,1
04:24:13,0
04:24:15,1
04:24:18,0
04:24:20,1
04:24:24,0
04:24:26,1
04:24:30,0
04:24:31,1
04:24:35,0
04:24:37,1
04:24:41,0
04:24:43,1
04:24:46,0
04:24:48,1
04:24:52,0
04:24:53,1
04:24:57,0
04:24:59,1
04:25:02,0
04:25:04,1
04:25:07,0
04:25:08,1
04:25:12,0
04:25:13,1
04:25:16,0
04:25:18,1
04:25:21,0
04:25:22,1
04:25:26,0
04:25:27,1
04:25:30,0
04:25:31,1
04:25:34,0
04:25:35,1
04:25:38,0
04:25:40,1
04:25:43,0
04:25:44,1
04:25:47,0
04:25:48,1
04:25:51,0
04:25:52,1
04:25:55,0
04:25:57,1
04:26:00,0
04:26:01,1
04:26:04,0
04:26:05,1
04:26:08,0
04:26:10,1
04:26:13,0
04:26:14,1
04:26:17,0
04:26:18,1
04:26:22,0
04:26:23,1
04:26:27,0
04:26:28,1
04:26:32,0
04:26:33,1
04:26:37,0
04:26:38,1
04:26:42,0
04:26:43,1
04:26:47,0
04:26:48,1
04:26:52,0
04:26:53,1
04:26:57,0
04:26:58,1
04:27:02,0
04:27:03,1
04:27:07,0
04:27:09,1
04:27:12,0
04:27:14,1
04:27:18,0
04:27:19,1
04:27:23,0
04:27:25,1
04:27:29,0
04:27:31,1
04:27:34,0
04:27:36,1
04:27:39,0
04:27:41,1
04:27:45,0
04:27:46,1
04:27:50,0
04:27:51,1
04:27:55,0
04:27:57,1
04:28:00,0
04:28:02,1
04:28:06,0
04:28:07,1
04:28:11,0
04:28:13,1
04:28:16,0
04:28:18,1
04:28:22,0
04:28:23,1
04:28:27,0
04:28:29,1
04:28:32,0
04:28:34,1
04:28:38,0
04:28:39,1
04:28:43,0
04:28:44,1
04:28:48,0
04:28:50,1
04:28:53,0
04:28:54,1
04:28:58,0
04:28:59,1
04:29:03,0
04:29:04,1
04:29:07,0
04:29:09,1
04:29:12,0
04:29:14,1
04:29:17,0
04:29:18,1
04:29:22,0
04:29:23,1
04:29:27,0
04:29:29,1
04:29:32,0
04:29:34,1
04:29:38,0
04:29:39,1
04:29:43,0
04:29:45,1
04:29:49,0
04:29:50,1
04:29:54,0
04:29:56,1
04:30:00,0
04:30:02,1
04:30:06,0
04:30:07,1
04:30:11,0
04:30:13,1
04:30:17,0
04:30:19,1
04:30:23,0
04:30:25,1
04:30:29,0
04:30:30,1
04:30:34,0
04:30:36,1
04:30:39,0
04:30:41,1
04:30:45,0
04:30:47,1
04:30:51,0
04:30:52,1
04:30:56,0
04:30:58,1
04:31:02,0
04:31:04,1
04:31:08,0
04:31:10,1
04:31:14,0
04:31:16,1
04:31:20,0
04:31:21,1
04:31:25,0
04:31:27,1
04:31:31,0
04:31:33,1
04:31:36,0
04:31:38,1
04:31:42,0
04:31:43,1
04:31:47,0
04:31:49,1
04:31:52,0
04:31:54,1
04:31:57,0
04:31:58,1
04:32:02,0
04:32:03,1
04:32:07,0
04:32:08,1
04:32:12,0
04:32:13,1
04:32:16,0
04:32:18,1
04:32:21,0
04:32:23,1
04:32:26,0
04:32:27,1
04:32:30,0
04:32:32,1
04:32:35,0
04:32:36,1
04:32:39,0
04:32:41,1
04:32:44,0
04:32:45,1
04:32:48,0
04:32:49,1
04:32:52,0
04:32:54,1
04:32:57,0
04:32:58,1
04:33:01,0
04:33:03,1
04:33:06,0
04:33:07,1
04:33:10,0
04:33:11,1
04:33:15,0
04:33:16,1
04:33:19,0
04:33:20,1
04:33:24,0
04:33:25,1
04:33:29,0
04:33:30,1
04:33:33,0
04:33:35,1
04:33:38,0
04:33:39,1
04:33:42,0
04:33:44,1
04:33:47,0
04:33:48,1
04:33:52,0
04:33:53,1
04:33:56,0
04:33:58,1
04:34:01,0
04:34:02,1
04:34:06,0
04:34:07,1
04:34:10,0
04:34:11,1
04:34:14,0
04:34:16,1
04:34:19,0
04:34:20,1
04:34:23,0
04:34:24,1
04:34:27,0
04:34:28,1
04:34:31,0
04:34:32,1
04:34:35,0
04:34:36,1
04:34:39,0
04:34:40,1
04:34:43,0
04:34:45,1
04:34:47,0
04:34:49,1
04:34:52,0
04:34:53,1
04:34:56,0
04:34:57,1
04:35:01,0
04:35:02,1
04:35:05,0
04:35:06,1
04:35:09,0
04:35:11,1
04:35:14,0
04:35:15,1
04:35:18,0
04:35:19,1
04:35:22,0
04:35:23,1
04:35:26,0
04:35:27,1
04:35:30,0
04:35:31,1
04:35:34,0
04:35:35,1
04:35:38,0
04:35:39,1
04:35:41,0
04:35:42,1
04:35:45,0
04:35:46,1
04:35:48,0
04:35:49,1
04:35:52,0
04:35:53,1
04:35:55,0
04:35:56,1
04:35:59,0
04:36:00,1
04:36:02,0
04:36:03,1
04:36:05,0
04:36:06,1
04:36:09,0
04:36:10,1
04:36:12,0
04:36:13,1
04:36:15,0
04:36:16,1
04:36:18,0
04:36:19,1
04:36:21,0
04:36:22,1
04:36:24,0
04:36:25,1
04:36:27,0
04:36:28,1
04:36:30,0
04:36:31,1
04:36:33,0
04:36:34,1
04:36:36,0
04:36:37,1
04:36:39,0
04:36:40,1
04:36:53,0
04:36:53,1
04:36:55,0
04:36:56,1
04:36:58,0
04:36:59,1
04:37:01,0
04:37:02,1
04:37:04,0
04:37:05,1
04:37:07,0
04:37:08,1
04:37:10,0
04:37:12,1
04:37:14,0
04:37:15,1
04:37:17,0
04:37:18,1
04:37:20,0
04:37:21,1
04:37:23,0
04:37:24,1
04:37:26,0
04:37:27,1
04:37:29,0
04:37:30,1
04:37:31,0
04:37:32,1
04:37:34,0
04:37:35,1
04:37:37,0
04:37:38,1
04:37:40,0
04:37:41,1
04:37:42,0
04:37:43,1
04:37:45,0
04:37:46,1
04:37:48,0
04:37:49,1
04:37:50,0
04:37:51,1
04:37:53,0
04:37:54,1
04:37:58,0
04:37:59,1
04:38:01,0
04:38:02,1
04:38:03,0
04:38:04,1
04:38:08,0
04:38:09,1
04:38:13,0
04:38:14,1
04:38:16,0
04:38:17,1
04:38:18,0
04:38:19,1
04:38:21,0
04:38:22,1
04:38:24,0
04:38:25,1
04:38:29,0
04:38:30,1
04:38:32,0
04:38:33,1
04:38:35,0
04:38:36,1
04:38:40,0
04:38:41,1
04:38:43,0
04:38:44,1
04:38:46,0
04:38:47,1
04:38:49,0
04:38:50,1
04:38:54,0
04:38:55,1
04:38:57,0
04:38:58,1
04:39:00,0
04:39:01,1
04:39:03,0
04:39:04,1
04:39:06,0
04:39:07,1
04:39:10,0
04:39:11,1
04:39:13,0
04:39:15,1
04:39:17,0
04:39:18,1
04:39:21,0
04:39:22,1
04:39:24,0
04:39:25,1
04:39:27,0
04:39:28,1
04:39:31,0
04:39:32,1
04:39:34,0
04:39:35,1
04:39:38,0
04:39:39,1
04:39:42,0
04:39:43,1
04:39:45,0
04:39:47,1
04:39:49,0
04:39:50,1
04:39:53,0
04:39:54,1
04:39:57,0
04:39:58,1
04:40:01,0
04:40:02,1
04:40:04,0
04:40:06,1
04:40:08,0
04:40:09,1
04:40:12,0
04:40:13,1
04:40:16,0
04:40:17,1
04:40:20,0
04:40:21,1
04:40:24,0
04:40:25,1
04:40:28,0
04:40:29,1
04:40:32,0
04:40:33,1
04:40:36,0
04:40:37,1
04:40:40,0
04:40:42,1
04:40:44,0
04:40:45,1
04:40:48,0
04:40:49,1
04:40:52,0
04:40:53,1
04:40:56,0
04:40:57,1
04:40:59,0
04:41:01,1
04:41:03,0
04:41:04,1
04:41:07,0
04:41:08,1
04:41:10,0
04:41:11,1
04:41:14,0
04:41:15,1
04:41:17,0
04:41:19,1
04:41:21,0
04:41:22,1
04:41:25,0
04:41:26,1
04:41:29,0
04:41:30,1
04:41:33,0
04:41:34,1
04:41:37,0
04:41:38,1
04:41:40,0
04:41:41,1
04:41:44,0
04:41:45,1
04:41:47,0
04:41:48,1
04:41:51,0
04:41:52,1
04:41:54,0
04:41:55,1
04:41:57,0
04:41:58,1
04:42:01,0
04:42:02,1
04:42:04,0
04:42:05,1
04:42:07,0
04:42:08,1
04:42:11,0
04:42:12,1
04:42:14,0
04:42:15,1
04:42:18,0
04:42:19,1
04:42:21,0
04:42:22,1
04:42:25,0
04:42:26,1
04:42:28,0
04:42:29,1
04:42:32,0
04:42:33,1
04:42:35,0
04:42:36,1
04:42:38,0
04:42:39,1
04:42:42,0
04:42:43,1
04:42:45,0
04:42:46,1
04:42:48,0
04:42:49,1
04:42:52,0
04:42:53,1
04:42:55,0
04:42:56,1
04:42:58,0
04:42:59,1
04:43:01,0
04:43:02,1
04:43:04,0
04:43:05,1
04:43:07,0
04:43:08,1
04:43:11,0
04:43:12,1
04:43:14,0
04:43:15,1
04:43:17,0
04:43:18,1
04:43:20,0
04:43:21,1
04:43:24,0
04:43:25,1
04:43:27,0
04:43:28,1
04:43:30,0
04:43:31,1
04:43:33,0
04:43:34,1
04:43:36,0
04:43:37,1
04:43:40,0
04:43:42,1
04:43:44,0
04:43:44,1
04:43:46,0
04:43:48,1
04:43:50,0
04:43:52,1
04:43:54,0
04:43:55,1
04:43:57,0
04:43:58,1
04:44:01,0
04:44:02,1
04:44:04,0
04:44:05,1
04:44:08,0
04:44:08,1
04:44:11,0
04:44:12,1
04:44:15,0
04:44:16,1
04:44:18,0
04:44:19,1
04:44:21,0
04:44:22,1
04:44:25,0
04:44:26,1
04:44:28,0
04:44:29,1
04:44:31,0
04:44:32,1
04:44:35,0
04:44:36,1
04:44:38,0
04:44:39,1
04:44:41,0
04:44:42,1
04:44:44,0
04:44:45,1
04:44:48,0
04:44:49,1
04:44:51,0
04:44:52,1
04:44:54,0
04:44:55,1
04:44:58,0
04:44:59,1
04:45:01,0
04:45:02,1
04:45:04,0
04:45:05,1
04:45:07,0
04:45:08,1
04:45:10,0
04:45:11,1
04:45:14,0
04:45:15,1
04:45:17,0
04:45:18,1
04:45:20,0
04:45:21,1
04:45:23,0
04:45:24,1
04:45:26,0
04:45:27,1
04:45:34,0
04:45:34,1
04:45:36,0
04:45:37,1
04:45:39,0
04:45:40,1
04:45:42,0
04:45:43,1
04:45:45,0
04:45:46,1
04:45:48,0
04:45:49,1
04:45:51,0
04:45:52,1
04:45:54,0
04:45:55,1
04:45:57,0
04:45:58,1
04:46:00,0
04:46:01,1
04:46:03,0
04:46:04,1
04:46:06,0
04:46:07,1
04:46:09,0
04:46:10,1
04:46:13,0
04:46:14,1
04:46:16,0
04:46:17,1
04:46:19,0
04:46:20,1
04:46:22,0
04:46:23,1
04:46:25,0
04:46:26,1
04:46:28,0
04:46:29,1
04:46:32,0
04:46:33,1
04:46:35,0
04:46:36,1
04:46:38,0
04:46:40,1
04:46:42,0
04:46:43,1
04:46:45,0
04:46:46,1
04:46:49,0
04:46:50,1
04:46:52,0
04:46:53,1
04:46:56,0
04:46:57,1
04:46:59,0
04:47:00,1
04:47:02,0
04:47:03,1
04:47:06,0
04:47:07,1
04:47:09,0
04:47:10,1
04:47:12,0
04:47:13,1
04:47:16,0
04:47:17,1
04:47:19,0
04:47:20,1
04:47:23,0
04:47:24,1
04:47:26,0
04:47:27,1
04:47:29,0
04:47:31,1
04:47:33,0
04:47:34,1
04:47:36,0
04:47:37,1
04:47:40,0
04:47:41,1
04:47:43,0
04:47:44,1
04:47:47,0
04:47:48,1
04:47:50,0
04:47:51,1
04:47:53,0
04:47:54,1
04:47:57,0
04:47:58,1
04:48:00,0
04:48:01,1
04:48:03,0
04:48:04,1
04:48:07,0
04:48:08,1
04:48:10,0
04:48:11,1
04:48:13,0
04:48:14,1
04:48:16,0
04:48:17,1
04:48:19,0
04:48:20,1
04:48:23,0
04:48:24,1
04:48:26,0
04:48:27,1
04:48:29,0
04:48:30,1
04:48:32,0
04:48:33,1
04:48:36,0
04:48:37,1
04:48:39,0
04:48:40,1
04:48:42,0
04:48:43,1
04:48:45,0
04:48:46,1
04:48:49,0
04:48:50,1
04:48:52,0
04:48:53,1
04:48:55,0
04:48:56,1
04:48:59,0
04:49:00,1
04:49:02,0
04:49:03,1
04:49:06,0
04:49:07,1
04:49:09,0
04:49:10,1
04:49:13,0
04:49:15,1
04:49:17,0
04:49:17,1
04:49:19,0
04:49:20,1
04:49:23,0
04:49:24,1
04:49:26,0
04:49:28,1
04:49:29,0
04:49:30,1
04:49:32,0
04:49:34,1
04:49:36,0
04:49:38,1
04:49:40,0
04:49:41,1
04:49:43,0
04:49:44,1
04:49:50,0
04:49:50,1
04:49:52,0
04:49:54,1
04:49:56,0
04:49:57,1
04:50:03,0
04:50:04,1
04:50:06,0
04:50:07,1
04:50:09,0
04:50:10,1
04:50:13,0
04:50:14,1
04:50:16,0
04:50:17,1
04:50:19,0
04:50:20,1
04:50:22,0
04:50:23,1
04:50:26,0
04:50:27,1
04:50:29,0
04:50:30,1
04:50:32,0
04:50:33,1
04:50:36,0
04:50:37,1
04:50:39,0
04:50:40,1
04:50:42,0
04:50:43,1
04:50:46,0
04:50:47,1
04:50:49,0
04:50:50,1
04:50:52,0
04:50:53,1
04:50:56,0
04:50:57,1
04:50:59,0
04:51:00,1
04:51:02,0
04:51:03,1
04:51:05,0
04:51:06,1
04:51:09,0
04:51:10,1
04:51:12,0
04:51:13,1
04:51:15,0
04:51:16,1
04:51:18,0
04:51:19,1
04:51:26,0
04:51:26,1
04:51:28,0
04:51:29,1
04:51:31,0
04:51:32,1
04:51:34,0
04:51:35,1
04:51:37,0
04:51:38,1
04:51:41,0
04:51:42,1
04:51:44,0
04:51:45,1
04:51:47,0
04:51:48,1
04:51:50,0
04:51:51,1
04:51:54,0
04:51:55,1
04:51:57,0
04:51:58,1
04:52:01,0
04:52:02,1
04:52:04,0
04:52:05,1
04:52:08,0
04:52:09,1
04:52:12,0
04:52:13,1
04:52:16,0
04:52:17,1
04:52:20,0
04:52:21,1
04:52:24,0
04:52:25,1
04:52:28,0
04:52:29,1
04:52:31,0
04:52:33,1
04:52:35,0
04:52:36,1
04:52:39,0
04:52:40,1
04:52:43,0
04:52:44,1
04:52:46,0
04:52:47,1
04:52:50,0
04:52:51,1
04:52:53,0
04:52:55,1
04:52:57,0
04:52:58,1
04:53:01,0
04:53:02,1
04:53:04,0
04:53:05,1
04:53:08,0
04:53:09,1
04:53:11,0
04:53:12,1
04:53:14,0
04:53:15,1
04:53:18,0
04:53:19,1
04:53:21,0
04:53:22,1
04:53:24,0
04:53:25,1
04:53:28,0
04:53:29,1
04:53:31,0
04:53:32,1
04:53:34,0
04:53:35,1
04:53:38,0
04:53:39,1
04:53:41,0
04:53:42,1
04:53:45,0
04:53:46,1
04:53:49,0
04:53:50,1
04:53:53,0
04:53:54,1
04:53:56,0
04:53:58,1
04:54:00,0
04:54:01,1
04:54:04,0
04:54:05,1
04:54:07,0
04:54:08,1
04:54:11,0
04:54:12,1
04:54:14,0
04:54:15,1
04:54:17,0
04:54:18,1
04:54:21,0
04:54:22,1
04:54:24,0
04:54:25,1
04:54:28,0
04:54:29,1
04:54:31,0
04:54:32,1
04:54:35,0
04:54:36,1
04:54:38,0
04:54:39,1
04:54:42,0
04:54:43,1
04:54:45,0
04:54:46,1
04:54:48,0
04:54:49,1
04:54:52,0
04:54:53,1
04:54:55,0
04:54:56,1
04:54:59,0
04:54:59,1
04:55:01,0
04:55:02,1
04:55:04,0
04:55:05,1
04:55:08,0
04:55:09,1
04:55:11,0
04:55:12,1
04:55:14,0
04:55:15,1
04:55:17,0
04:55:18,1
04:55:20,0
04:55:21,1
04:55:23,0
04:55:24,1
04:55:31,0
04:55:31,1
04:55:33,0
04:55:34,1
04:55:36,0
04:55:37,1
04:55:39,0
04:55:40,1
04:55:42,0
04:55:43,1
04:55:45,0
04:55:46,1
04:55:48,0
04:55:49,1
04:55:52,0
04:55:54,1
04:55:56,0
04:55:56,1
04:55:58,0
04:56:00,1
04:56:02,0
04:56:03,1
04:56:04,0
04:56:06,1
04:56:08,0
04:56:09,1
04:56:11,0
04:56:12,1
04:56:14,0
04:56:15,1
04:56:17,0
04:56:18,1
04:56:20,0
04:56:21,1
04:56:24,0
04:56:25,1
04:56:27,0
04:56:28,1
04:56:30,0
04:56:31,1
04:56:33,0
04:56:34,1
04:56:36,0
04:56:37,1
04:56:39,0
04:56:40,1
04:56:42,0
04:56:43,1
04:56:45,0
04:56:46,1
04:56:48,0
04:56:49,1
04:56:51,0
04:56:52,1
04:56:59,0
04:56:59,1
04:57:01,0
04:57:02,1
04:57:04,0
04:57:05,1
04:57:07,0
04:57:08,1
04:57:10,0
04:57:11,1
04:57:13,0
04:57:14,1
04:57:16,0
04:57:17,1
04:57:20,0
04:57:21,1
04:57:23,0
04:57:24,1
04:57:26,0
04:57:27,1
04:57:29,0
04:57:30,1
04:57:32,0
04:57:33,1
04:57:35,0
04:57:36,1
04:57:38,0
04:57:39,1
04:57:41,0
04:57:42,1
04:57:44,0
04:57:45,1
04:57:51,0
04:57:52,1
04:57:54,0
04:57:55,1
04:57:57,0
04:57:58,1
04:58:00,0
04:58:01,1
04:58:04,0
04:58:05,1
04:58:07,0
04:58:08,1
04:58:10,0
04:58:11,1
04:58:13,0
04:58:14,1
04:58:17,0
04:58:18,1
04:58:20,0
04:58:21,1
04:58:23,0
04:58:24,1
04:58:27,0
04:58:28,1
04:58:30,0
04:58:31,1
04:58:33,0
04:58:34,1
04:58:36,0
04:58:37,1
04:58:40,0
04:58:41,1
04:58:43,0
04:58:44,1
04:58:46,0
04:58:47,1
04:58:49,0
04:58:50,1
04:58:52,0
04:58:53,1
04:58:56,0
04:58:57,1
04:58:59,0
04:59:00,1
04:59:02,0
04:59:03,1
04:59:05,0
04:59:06,1
04:59:08,0
04:59:09,1
04:59:16,0
04:59:16,1
04:59:18,0
04:59:19,1
04:59:21,0
04:59:22,1
04:59:24,0
04:59:25,1
04:59:27,0
04:59:28,1
04:59:30,0
04:59:31,1
04:59:33,0
04:59:34,1
04:59:36,0
04:59:37,1
04:59:44,0
04:59:44,1
04:59:46,0
04:59:47,1
04:59:49,0
04:59:50,1
04:59:52,0
04:59:53,1
05:00:10,0
05:00:11,1
05:00:13,0
05:00:14,1
05:00:16,0
05:00:17,1
05:00:20,0
05:00:21,1
05:00:24,0
05:00:25,1
05:00:28,0
05:00:29,1
05:00:32,0
05:00:33,1
05:00:36,0
05:00:38,1
05:00:41,0
05:00:42,1
05:00:45,0
05:00:46,1
05:00:50,0
05:00:51,1
05:00:54,0
05:00:56,1
05:00:59,0
05:01:00,1
05:01:04,0
05:01:05,1
05:01:09,0
05:01:10,1
05:01:14,0
05:01:16,1
05:01:19,0
05:01:21,1
05:01:25,0
05:01:27,1
05:01:31,0
05:01:32,1
05:01:36,0
05:01:38,1
05:01:43,0
05:01:45,1
05:01:50,0
05:01:52,1
05:01:57,0
05:01:59,1
05:02:03,0
05:02:05,1
05:02:10,0
05:02:12,1
05:02:16,0
05:02:18,1
05:02:22,0
05:02:24,1
05:02:28,0
05:02:29,1
05:02:33,0
05:02:34,1
05:02:38,0
05:02:40,1
05:02:43,0
05:02:45,1
05:02:48,0
05:02:50,1
05:02:53,0
05:02:55,1
05:02:58,0
05:02:59,1
05:03:02,0
05:03:03,1
05:03:06,0
05:03:07,1
05:03:10,0
05:03:12,1
05:03:14,0
05:03:16,1
05:03:18,0
05:03:19,1
05:03:22,0
05:03:23,1
05:03:26,0
05:03:27,1
05:03:29,0
05:03:30,1
05:03:33,0
05:03:34,1
05:03:36,0
05:03:37,1
05:03:39,0
05:03:40,1
05:03:43,0
05:03:44,1
05:03:46,0
05:03:47,1
05:03:49,0
05:03:50,1
05:03:52,0
05:03:53,1
05:03:55,0
05:03:56,1
05:03:58,0
05:03:59,1
05:04:01,0
05:04:02,1
05:04:04,0
05:04:05,1
05:04:07,0
05:04:08,1
05:04:10,0
05:04:11,1
05:04:13,0
05:04:14,1
05:04:16,0
05:04:17,1
05:04:19,0
05:04:20,1
05:04:22,0
05:04:23,1
05:04:25,0
05:04:26,1
05:04:28,0
05:04:29,1
05:04:31,0
05:04:32,1
05:04:34,0
05:04:35,1
05:04:38,0
05:04:39,1
05:04:41,0
05:04:42,1
05:04:44,0
05:04:45,1
05:04:47,0
05:04:48,1
05:04:51,0
05:04:52,1
05:04:54,0
05:04:55,1
05:04:57,0
05:04:58,1
05:05:00,0
05:05:01,1
05:05:03,0
05:05:04,1
05:05:07,0
05:05:08,1
05:05:10,0
05:05:12,1
05:05:14,0
05:05:14,1
05:05:16,0
05:05:18,1
05:05:20,0
05:05:21,1
05:05:23,0
05:05:24,1
05:05:26,0
05:05:27,1
05:05:29,0
05:05:30,1
05:05:32,0
05:05:33,1
05:05:36,0
05:05:37,1
05:05:39,0
05:05:40,1
05:05:42,0
05:05:43,1
05:05:45,0
05:05:46,1
05:05:48,0
05:05:49,1
05:05:51,0
05:05:52,1
05:05:54,0
05:05:55,1
05:05:57,0
05:05:58,1
05:06:00,0
05:06:01,1
05:06:04,0
05:06:05,1
05:06:07,0
05:06:08,1
05:06:10,0
05:06:11,1
05:06:13,0
05:06:15,1
05:06:17,0
05:06:18,1
05:06:20,0
05:06:21,1
05:06:24,0
05:06:25,1
05:06:27,0
05:06:28,1
05:06:30,0
05:06:31,1
05:06:34,0
05:06:35,1
05:06:37,0
05:06:38,1
05:06:41,0
05:06:42,1
05:06:45,0
05:06:46,1
05:06:49,0
05:06:50,1
05:06:52,0
05:06:53,1
05:06:56,0
05:06:57,1
05:07:00,0
05:07:01,1
05:07:03,0
05:07:04,1
05:07:07,0
05:07:08,1
05:07:10,0
05:07:11,1
05:07:14,0
05:07:15,1
05:07:17,0
05:07:18,1
05:07:20,0
05:07:21,1
05:07:24,0
05:07:25,1
05:07:27,0
05:07:28,1
05:07:31,0
05:07:32,1
05:07:34,0
05:07:35,1
05:07:38,0
05:07:39,1
05:07:41,0
05:07:42,1
05:07:44,0
05:07:46,1
05:07:48,0
05:07:49,1
05:07:51,0
05:07:53,1
05:07:55,0
05:07:56,1
05:07:59,0
05:08:00,1
05:08:02,0
05:08:03,1
05:08:06,0
05:08:07,1
05:08:09,0
05:08:10,1
05:08:13,0
05:08:14,1
05:08:16,0
05:08:18,1
05:08:20,0
05:08:21,1
05:08:24,0
05:08:25,1
05:08:27,0
05:08:28,1
05:08:31,0
05:08:32,1
05:08:35,0
05:08:36,1
05:08:38,0
05:08:39,1
05:08:42,0
05:08:43,1
05:08:45,0
05:08:46,1
05:08:49,0
05:08:50,1
05:08:52,0
05:08:53,1
05:08:56,0
05:08:57,1
05:08:59,0
05:09:01,1
05:09:03,0
05:09:04,1
05:09:07,0
05:09:08,1
05:09:10,0
05:09:11,1
05:09:14,0
05:09:15,1
05:09:17,0
05:09:18,1
05:09:21,0
05:09:22,1
05:09:25,0
05:09:26,1
05:09:29,0
05:09:30,1
05:09:32,0
05:09:33,1
05:09:36,0
05:09:37,1
05:09:39,0
05:09:40,1
05:09:42,0
05:09:43,1
05:09:46,0
05:09:47,1
05:09:49,0
05:09:50,1
05:09:53,0
05:09:54,1
05:09:56,0
05:09:57,1
05:10:00,0
05:10:01,1
05:10:03,0
05:10:04,1
05:10:07,0
05:10:08,1
05:10:11,0
05:10:12,1
05:10:14,0
05:10:16,1
05:10:18,0
05:10:19,1
05:10:22,0
05:10:23,1
05:10:26,0
05:10:27,1
05:10:29,0
05:10:31,1
05:10:34,0
05:10:34,1
05:10:38,0
05:10:38,1
05:10:42,0
05:10:42,1
05:10:46,0
05:10:46,1
05:10:48,0
05:10:50,1
05:10:53,0
05:10:54,1
05:10:57,0
05:10:58,1
05:11:00,0
05:11:01,1
05:11:04,0
05:11:05,1
05:11:08,0
05:11:09,1
05:11:11,0
05:11:12,1
05:11:15,0
05:11:16,1
05:11:18,0
05:11:19,1
05:11:22,0
05:11:23,1
05:11:25,0
05:11:26,1
05:11:29,0
05:11:30,1
05:11:32,0
05:11:33,1
05:11:35,0
05:11:36,1
05:11:39,0
05:11:40,1
05:11:42,0
05:11:43,1
05:11:45,0
05:11:46,1
05:11:49,0
05:11:50,1
05:11:52,0
05:11:53,1
05:11:56,0
05:11:57,1
05:11:59,0
05:12:00,1
05:12:02,0
05:12:03,1
05:12:06,0
05:12:07,1
05:12:09,0
05:12:10,1
05:12:12,0
05:12:13,1
05:12:16,0
05:12:17,1
05:12:19,0
05:12:20,1
05:12:22,0
05:12:23,1
05:12:26,0
05:12:27,1
05:12:29,0
05:12:30,1
05:12:33,0
05:12:34,1
05:12:36,0
05:12:37,1
05:12:40,0
05:12:41,1
05:12:43,0
05:12:44,1
05:12:47,0
05:12:48,1
05:12:50,0
05:12:52,1
05:12:54,0
05:12:55,1
05:12:58,0
05:12:59,1
05:13:01,0
05:13:02,1
05:13:05,0
05:13:06,1
05:13:08,0
05:13:09,1
05:13:12,0
05:13:13,1
05:13:15,0
05:13:16,1
05:13:19,0
05:13:20,1
05:13:22,0
05:13:23,1
05:13:26,0
05:13:27,1
05:13:29,0
05:13:30,1
05:13:33,0
05:13:34,1
05:13:36,0
05:13:37,1
05:13:39,0
05:13:40,1
05:13:43,0
05:13:44,1
05:13:46,0
05:13:47,1
05:13:49,0
05:13:51,1
05:13:53,0
05:13:54,1
05:13:57,0
05:13:58,1
05:14:01,0
05:14:02,1
05:14:04,0
05:14:06,1
05:14:08,0
05:14:09,1
05:14:12,0
05:14:13,1
05:14:16,0
05:14:17,1
05:14:20,0
05:14:21,1
05:14:24,0
05:14:25,1
05:14:28,0
05:14:29,1
05:14:32,0
05:14:33,1
05:14:36,0
05:14:37,1
05:14:40,0
05:14:41,1
05:14:44,0
05:14:45,1
05:14:48,0
05:14:49,1
05:14:52,0
05:14:53,1
05:14:55,0
05:14:57,1
05:14:59,0
05:15:00,1
05:15:03,0
05:15:04,1
05:15:06,0
05:15:07,1
05:15:09,0
05:15:10,1
05:15:13,0
05:15:14,1
05:15:16,0
05:15:17,1
05:15:20,0
05:15:21,1
05:15:23,0
05:15:24,1
05:15:27,0
05:15:28,1
05:15:30,0
05:15:31,1
05:15:34,0
05:15:35,1
05:15:37,0
05:15:38,1
05:15:41,0
05:15:42,1
05:15:45,0
05:15:46,1
05:15:49,0
05:15:50,1
05:15:52,0
05:15:53,1
05:15:56,0
05:15:57,1
05:16:00,0
05:16:01,1
05:16:03,0
05:16:05,1
05:16:07,0
05:16:08,1
05:16:11,0
05:16:12,1
05:16:14,0
05:16:16,1
05:16:18,0
05:16:19,1
05:16:22,0
05:16:23,1
05:16:25,0
05:16:26,1
05:16:29,0
05:16:30,1
05:16:32,0
05:16:33,1
05:16:36,0
05:16:37,1
05:16:39,0
05:16:40,1
05:16:43,0
05:16:44,1
05:16:47,0
05:16:48,1
05:16:51,0
05:16:52,1
05:16:55,0
05:16:56,1
05:16:58,0
05:17:00,1
05:17:02,0
05:17:04,1
05:17:06,0
05:17:08,1
05:17:11,0
05:17:12,1
05:17:15,0
05:17:16,1
05:17:19,0
05:17:20,1
05:17:23,0
05:17:24,1
05:17:27,0
05:17:28,1
05:17:31,0
05:17:32,1
05:17:35,0
05:17:36,1
05:17:39,0
05:17:41,1
05:17:44,0
05:17:45,1
05:17:48,0
05:17:49,1
05:17:52,0
05:17:53,1
05:17:56,0
05:17:57,1
05:17:59,0
05:18:00,1
05:18:03,0
05:18:04,1
05:18:07,0
05:18:08,1
05:18:10,0
05:18:12,1
05:18:14,0
05:18:15,1
05:18:18,0
05:18:19,1
05:18:21,0
05:18:22,1
05:18:26,0
05:18:26,1
05:18:28,0
05:18:30,1
05:18:32,0
05:18:34,1
05:18:35,0
05:18:36,1
05:18:40,0
05:18:40,1
05:18:44,0
05:18:44,1
05:18:46,0
05:18:48,1
05:18:50,0
05:18:52,1
05:18:54,0
05:18:55,1
05:18:57,0
05:18:58,1
05:19:01,0
05:19:02,1
05:19:05,0
05:19:06,1
05:19:09,0
05:19:10,1
05:19:13,0
05:19:14,1
05:19:17,0
05:19:18,1
05:19:20,0
05:19:22,1
05:19:24,0
05:19:26,1
05:19:28,0
05:19:30,1
05:19:32,0
05:19:34,1
05:19:37,0
05:19:38,1
05:19:41,0
05:19:42,1
05:19:45,0
05:19:46,1
05:19:49,0
05:19:51,1
05:19:54,0
05:19:55,1
05:19:58,0
05:19:59,1
05:20:02,0
05:20:03,1
05:20:06,0
05:20:07,1
05:20:10,0
05:20:11,1
05:20:14,0
05:20:15,1
05:20:17,0
05:20:18,1
05:20:21,0
05:20:22,1
05:20:24,0
05:20:26,1
05:20:28,0
05:20:29,1
05:20:32,0
05:20:33,1
05:20:35,0
05:20:36,1
05:20:39,0
05:20:40,1
05:20:42,0
05:20:43,1
05:20:46,0
05:20:48,1
05:20:51,0
05:20:52,1
05:20:55,0
05:20:56,1
05:20:59,0
05:21:01,1
05:21:04,0
05:21:05,1
05:21:08,0
05:21:10,1
05:21:13,0
05:21:14,1
05:21:18,0
05:21:19,1
05:21:22,0
05:21:24,1
05:21:27,0
05:21:28,1
05:21:31,0
05:21:32,1
05:21:35,0
05:21:36,1
05:21:39,0
05:21:40,1
05:21:42,0
05:21:44,1
05:21:46,0
05:21:47,1
05:21:50,0
05:21:51,1
05:21:53,0
05:21:54,1
05:21:57,0
05:21:58,1
05:22:00,0
05:22:01,1
05:22:04,0
05:22:05,1
05:22:07,0
05:22:08,1
05:22:11,0
05:22:12,1
05:22:15,0
05:22:16,1
05:22:19,0
05:22:20,1
05:22:23,0
05:22:24,1
05:22:27,0
05:22:28,1
05:22:31,0
05:22:32,1
05:22:35,0
05:22:36,1
05:22:39,0
05:22:40,1
05:22:43,0
05:22:44,1
05:22:47,0
05:22:48,1
05:22:51,0
05:22:52,1
05:22:54,0
05:22:56,1
05:22:58,0
05:22:59,1
05:23:02,0
05:23:03,1
05:23:06,0
05:23:07,1
05:23:10,0
05:23:11,1
05:23:13,0
05:23:14,1
05:23:17,0
05:23:18,1
05:23:20,0
05:23:21,1
05:23:24,0
05:23:25,1
05:23:28,0
05:23:29,1
05:23:31,0
05:23:32,1
05:23:34,0
05:23:35,1
05:23:38,0
05:23:39,1
05:23:41,0
05:23:42,1
05:23:45,0
05:23:46,1
05:23:48,0
05:23:50,1
05:23:52,0
05:23:53,1
05:23:56,0
05:23:57,1
05:23:59,0
05:24:00,1
05:24:02,0
05:24:03,1
05:24:06,0
05:24:07,1
05:24:09,0
05:24:10,1
05:24:12,0
05:24:13,1
05:24:16,0
05:24:17,1
05:24:19,0
05:24:20,1
05:24:22,0
05:24:23,1
05:24:25,0
05:24:26,1
05:24:29,0
05:24:30,1
05:24:32,0
05:24:33,1
05:24:35,0
05:24:36,1
05:24:38,0
05:24:39,1
05:24:41,0
05:24:42,1
05:24:45,0
05:24:46,1
05:24:48,0
05:24:49,1
05:24:51,0
05:24:52,1
05:24:54,0
05:24:55,1
05:24:58,0
05:24:59,1
05:25:01,0
05:25:02,1
05:25:05,0
05:25:06,1
05:25:08,0
05:25:09,1
05:25:12,0
05:25:13,1
05:25:15,0
05:25:16,1
05:25:19,0
05:25:20,1
05:25:22,0
05:25:23,1
05:25:26,0
05:25:27,1
05:25:29,0
05:25:30,1
05:25:32,0
05:25:33,1
05:25:35,0
05:25:36,1
05:25:38,0
05:25:39,1
05:25:41,0
05:25:42,1
05:25:44,0
05:25:46,1
05:25:47,0
05:25:48,1
05:25:50,0
05:25:52,1
05:25:54,0
05:25:54,1
05:25:56,0
05:25:58,1
05:26:00,0
05:26:01,1
05:26:03,0
05:26:04,1
05:26:08,0
05:26:09,1
05:26:11,0
05:26:12,1
05:26:14,0
05:26:15,1
05:26:17,0
05:26:18,1
05:26:20,0
05:26:21,1
05:26:25,0
05:26:26,1
05:26:28,0
05:26:29,1
05:26:31,0
05:26:32,1
05:26:34,0
05:26:35,1
05:26:37,0
05:26:38,1
05:26:40,0
05:26:41,1
05:26:43,0
05:26:44,1
05:26:47,0
05:26:48,1
05:26:50,0
05:26:51,1
05:26:53,0
05:26:54,1
05:26:57,0
05:26:58,1
05:27:00,0
05:27:01,1
05:27:03,0
05:27:04,1
05:27:07,0
05:27:08,1
05:27:10,0
05:27:11,1
05:27:14,0
05:27:15,1
05:27:17,0
05:27:18,1
05:27:20,0
05:27:22,1
05:27:24,0
05:27:25,1
05:27:27,0
05:27:28,1
05:27:31,0
05:27:32,1
05:27:34,0
05:27:35,1
05:27:38,0
05:27:39,1
05:27:41,0
05:27:42,1
05:27:44,0
05:27:45,1
05:27:48,0
05:27:49,1
05:27:51,0
05:27:52,1
05:27:59,0
05:27:59,1
05:28:02,0
05:28:03,1
05:28:05,0
05:28:06,1
05:28:09,0
05:28:10,1
05:28:12,0
05:28:13,1
05:28:15,0
05:28:16,1
05:28:19,0
05:28:20,1
05:28:22,0
05:28:23,1
05:28:25,0
05:28:26,1
05:28:29,0
05:28:30,1
05:28:32,0
05:28:33,1
05:28:35,0
05:28:36,1
05:28:38,0
05:28:39,1
05:28:41,0
05:28:42,1
05:28:45,0
05:28:46,1
05:28:48,0
05:28:49,1
05:28:51,0
05:28:52,1
05:28:54,0
05:28:55,1
05:28:57,0
05:28:58,1
05:29:01,0
05:29:02,1
05:29:04,0
05:29:05,1
05:29:07,0
05:29:08,1
05:29:10,0
05:29:11,1
05:29:13,0
05:29:14,1
05:29:16,0
05:29:17,1
05:29:19,0
05:29:20,1
05:29:22,0
05:29:23,1
05:29:25,0
05:29:26,1
05:29:28,0
05:29:29,1
05:29:32,0
05:29:33,1
05:29:35,0
05:29:36,1
05:29:38,0
05:29:39,1
05:29:41,0
05:29:42,1
05:29:44,0
05:29:45,1
05:29:48,0
05:29:49,1
05:29:51,0
05:29:52,1
05:29:54,0
05:29:55,1
05:29:57,0
05:29:58,1
05:30:01,0
05:30:02,1
05:30:04,0
05:30:05,1
05:30:07,0
05:30:08,1
05:30:10,0
05:30:11,1
05:30:14,0
05:30:15,1
05:30:17,0
05:30:18,1
05:30:20,0
05:30:21,1
05:30:23,0
05:30:24,1
05:30:27,0
05:30:28,1
05:30:30,0
05:30:31,1
05:30:33,0
05:30:34,1
05:30:36,0
05:30:37,1
05:30:40,0
05:30:41,1
05:30:43,0
05:30:44,1
05:30:46,0
05:30:47,1
05:30:50,0
05:30:51,1
05:30:53,0
05:30:54,1
05:30:58,0
05:30:58,1
05:31:00,0
05:31:01,1
05:31:04,0
05:31:05,1
05:31:08,0
05:31:09,1
05:31:11,0
05:31:12,1
05:31:15,0
05:31:16,1
05:31:19,0
05:31:20,1
05:31:23,0
05:31:24,1
05:31:26,0
05:31:27,1
05:31:30,0
05:31:31,1
05:31:34,0
05:31:35,1
05:31:37,0
05:31:38,1
05:31:41,0
05:31:42,1
05:31:44,0
05:31:46,1
05:31:48,0
05:31:50,1
05:31:52,0
05:31:53,1
05:31:55,0
05:31:56,1
05:31:58,0
05:31:59,1
05:32:01,0
05:32:02,1
05:32:08,0
05:32:09,1
05:32:11,0
05:32:12,1
05:32:14,0
05:32:15,1
05:32:17,0
05:32:18,1
05:32:20,0
05:32:21,1
05:32:23,0
05:32:24,1
05:32:26,0
05:32:27,1
05:32:29,0
05:32:30,1
05:32:32,0
05:32:33,1
05:32:35,0
05:32:36,1
05:32:39,0
05:32:40,1
05:32:42,0
05:32:43,1
05:32:45,0
05:32:46,1
05:32:48,0
05:32:49,1
05:32:51,0
05:32:52,1
05:32:54,0
05:32:55,1
05:32:57,0
05:32:58,1
05:33:01,0
05:33:02,1
05:33:04,0
05:33:05,1
05:33:07,0
05:33:08,1
05:33:10,0
05:33:11,1
05:33:13,0
05:33:14,1
05:33:27,0
05:33:28,1
05:33:30,0
05:33:31,1
05:33:40,0
05:33:41,1
05:33:43,0
05:33:44,1
05:33:46,0
05:33:47,1
05:33:49,0
05:33:50,1
05:33:52,0
05:33:53,1
05:33:55,0
05:33:56,1
05:33:58,0
05:33:59,1
05:34:01,0
05:34:02,1
05:34:05,0
05:34:06,1
05:34:08,0
05:34:09,1
05:34:11,0
05:34:12,1
05:34:14,0
05:34:16,1
05:34:18,0
05:34:19,1
05:34:21,0
05:34:22,1
05:34:25,0
05:34:26,1
05:34:28,0
05:34:29,1
05:34:32,0
05:34:33,1
05:34:35,0
05:34:37,1
05:34:39,0
05:34:40,1
05:34:43,0
05:34:44,1
05:34:46,0
05:34:47,1
05:34:50,0
05:34:51,1
05:34:53,0
05:34:54,1
05:34:57,0
05:34:58,1
05:35:00,0
05:35:01,1
05:35:03,0
05:35:04,1
05:35:07,0
05:35:08,1
05:35:10,0
05:35:11,1
05:35:14,0
05:35:15,1
05:35:17,0
05:35:18,1
05:35:21,0
05:35:22,1
05:35:24,0
05:35:25,1
05:35:28,0
05:35:29,1
05:35:31,0
05:35:32,1
05:35:35,0
05:35:36,1
05:35:38,0
05:35:39,1
05:35:41,0
05:35:42,1
05:35:45,0
05:35:46,1
05:35:48,0
05:35:49,1
05:35:51,0
05:35:52,1
05:35:55,0
05:35:56,1
05:35:58,0
05:35:59,1
05:36:01,0
05:36:02,1
05:36:05,0
05:36:06,1
05:36:08,0
05:36:09,1
05:36:11,0
05:36:12,1
05:36:15,0
05:36:16,1
05:36:18,0
05:36:19,1
05:36:21,0
05:36:22,1
05:36:24,0
05:36:25,1
05:36:28,0
05:36:29,1
05:36:31,0
05:36:32,1
05:36:34,0
05:36:35,1
05:36:38,0
05:36:39,1
05:36:41,0
05:36:42,1
05:36:45,0
05:36:46,1
05:36:48,0
05:36:49,1
05:36:52,0
05:36:53,1
05:36:55,0
05:36:56,1
05:36:59,0
05:37:00,1
05:37:02,0
05:37:03,1
05:37:05,0
05:37:06,1
05:37:09,0
05:37:10,1
05:37:12,0
05:37:13,1
05:37:16,0
05:37:17,1
05:37:19,0
05:37:20,1
05:37:22,0
05:37:23,1
05:37:25,0
05:37:26,1
05:37:28,0
05:37:29,1
05:37:31,0
05:37:32,1
05:37:35,0
05:37:36,1
05:37:38,0
05:37:39,1
05:37:41,0
05:37:42,1
05:37:44,0
05:37:45,1
05:37:48,0
05:37:49,1
05:37:51,0
05:37:52,1
05:37:54,0
05:37:55,1
05:38:02,0
05:38:02,1
05:38:04,0
05:38:05,1
05:38:07,0
05:38:08,1
05:38:10,0
05:38:11,1
05:38:13,0
05:38:14,1
05:38:16,0
05:38:17,1
05:38:19,0
05:38:20,1
05:38:22,0
05:38:23,1
05:38:26,0
05:38:28,1
05:38:30,0
05:38:30,1
05:38:32,0
05:38:34,1
05:38:37,0
05:38:38,1
05:38:40,0
05:38:40,1
05:38:44,0
05:38:45,1
05:38:48,0
05:38:48,1
05:38:51,0
05:38:52,1
05:38:55,0
05:38:56,1
05:38:59,0
05:39:00,1
05:39:02,0
05:39:03,1
05:39:06,0
05:39:07,1
05:39:10,0
05:39:11,1
05:39:14,0
05:39:15,1
05:39:17,0
05:39:18,1
05:39:21,0
05:39:22,1
05:39:25,0
05:39:26,1
05:39:29,0
05:39:30,1
05:39:32,0
05:39:33,1
05:39:36,0
05:39:37,1
05:39:40,0
05:39:41,1
05:39:43,0
05:39:44,1
05:39:47,0
05:39:48,1
05:39:51,0
05:39:52,1
05:39:54,0
05:39:55,1
05:39:58,0
05:39:59,1
05:40:01,0
05:40:02,1
05:40:05,0
05:40:06,1
05:40:08,0
05:40:09,1
05:40:12,0
05:40:13,1
05:40:16,0
05:40:17,1
05:40:19,0
05:40:20,1
05:40:23,0
05:40:24,1
05:40:26,0
05:40:27,1
05:40:30,0
05:40:31,1
05:40:34,0
05:40:35,1
05:40:37,0
05:40:38,1
05:40:41,0
05:40:42,1
05:40:44,0
05:40:45,1
05:40:48,0
05:40:49,1
05:40:51,0
05:40:52,1
05:40:54,0
05:40:55,1
05:40:57,0
05:40:58,1
05:41:01,0
05:41:02,1
05:41:04,0
05:41:05,1
05:41:07,0
05:41:08,1
05:41:11,0
05:41:12,1
05:41:14,0
05:41:15,1
05:41:17,0
05:41:18,1
05:41:21,0
05:41:22,1
05:41:24,0
05:41:25,1
05:41:28,0
05:41:29,1
05:41:31,0
05:41:32,1
05:41:35,0
05:41:36,1
05:41:39,0
05:41:40,1
05:41:43,0
05:41:44,1
05:41:47,0
05:41:48,1
05:41:51,0
05:41:52,1
05:41:55,0
05:41:56,1
05:41:58,0
05:41:59,1
05:42:02,0
05:42:03,1
05:42:06,0
05:42:07,1
05:42:10,0
05:42:11,1
05:42:13,0
05:42:15,1
05:42:17,0
05:42:18,1
05:42:21,0
05:42:22,1
05:42:25,0
05:42:26,1
05:42:28,0
05:42:30,1
05:42:32,0
05:42:33,1
05:42:36,0
05:42:37,1
05:42:40,0
05:42:41,1
05:42:44,0
05:42:45,1
05:42:47,0
05:42:49,1
05:42:51,0
05:42:52,1
05:42:55,0
05:42:56,1
05:42:59,0
05:43:00,1
05:43:02,0
05:43:03,1
05:43:06,0
05:43:07,1
05:43:10,0
05:43:11,1
05:43:13,0
05:43:14,1
05:43:17,0
05:43:18,1
05:43:20,0
05:43:22,1
05:43:24,0
05:43:25,1
05:43:28,0
05:43:29,1
05:43:31,0
05:43:32,1
05:43:35,0
05:43:36,1
05:43:38,0
05:43:39,1
05:43:42,0
05:43:43,1
05:43:45,0
05:43:47,1
05:43:49,0
05:43:50,1
05:43:53,0
05:43:54,1
05:43:57,0
05:43:58,1
05:44:00,0
05:44:01,1
05:44:04,0
05:44:05,1
05:44:08,0
05:44:09,1
05:44:11,0
05:44:12,1
05:44:15,0
05:44:16,1
05:44:19,0
05:44:20,1
05:44:23,0
05:44:25,1
05:44:28,0
05:44:29,1
05:44:32,0
05:44:33,1
05:44:36,0
05:44:37,1
05:44:40,0
05:44:41,1
05:44:45,0
05:44:46,1
05:44:49,0
05:44:50,1
05:44:53,0
05:44:55,1
05:44:58,0
05:44:59,1
05:45:02,0
05:45:03,1
05:45:06,0
05:45:07,1
05:45:10,0
05:45:12,1
05:45:14,0
05:45:15,1
05:45:18,0
05:45:19,1
05:45:22,0
05:45:23,1
05:45:25,0
05:45:26,1
05:45:28,0
05:45:29,1
05:45:32,0
05:45:33,1
05:45:35,0
05:45:36,1
05:45:38,0
05:45:39,1
05:45:42,0
05:45:43,1
05:45:45,0
05:45:46,1
05:45:48,0
05:45:50,1
05:45:52,0
05:45:53,1
05:45:56,0
05:45:56,1
05:46:00,0
05:46:00,1
05:46:04,0
05:46:04,1
05:46:06,0
05:46:08,1
05:46:10,0
05:46:12,1
05:46:15,0
05:46:16,1
05:46:18,0
05:46:19,1
05:46:22,0
05:46:23,1
05:46:26,0
05:46:27,1
05:46:29,0
05:46:30,1
05:46:33,0
05:46:34,1
05:46:36,0
05:46:37,1
05:46:39,0
05:46:40,1
05:46:42,0
05:46:43,1
05:46:45,0
05:46:46,1
05:46:48,0
05:46:49,1
05:46:51,0
05:46:52,1
05:46:54,0
05:46:55,1
05:46:57,0
05:46:58,1
05:47:00,0
05:47:01,1
05:47:03,0
05:47:04,1
05:47:06,0
05:47:07,1
05:47:09,0
05:47:10,1
05:47:14,0
05:47:15,1
05:47:17,0
05:47:18,1
05:47:20,0
05:47:21,1
05:47:23,0
05:47:24,1
05:47:26,0
05:47:27,1
05:47:31,0
05:47:32,1
05:47:34,0
05:47:35,1
05:47:37,0
05:47:38,1
05:47:40,0
05:47:41,1
05:47:43,0
05:47:44,1
05:47:52,0
05:47:53,1
05:47:55,0
05:47:56,1
05:47:58,0
05:47:59,1
05:48:01,0
05:48:02,1
05:48:05,0
05:48:06,1
05:48:08,0
05:48:09,1
05:48:12,0
05:48:13,1
05:48:15,0
05:48:16,1
05:48:19,0
05:48:20,1
05:48:22,0
05:48:23,1
05:48:26,0
05:48:27,1
05:48:30,0
05:48:31,1
05:48:34,0
05:48:35,1
05:48:38,0
05:48:39,1
05:48:42,0
05:48:43,1
05:48:46,0
05:48:47,1
05:48:50,0
05:48:51,1
05:48:54,0
05:48:55,1
05:48:58,0
05:48:59,1
05:49:02,0
05:49:04,1
05:49:07,0
05:49:08,1
05:49:11,0
05:49:13,1
05:49:16,0
05:49:17,1
05:49:21,0
05:49:22,1
05:49:25,0
05:49:27,1
05:49:30,0
05:49:31,1
05:49:34,0
05:49:36,1
05:49:39,0
05:49:40,1
05:49:44,0
05:49:45,1
05:49:48,0
05:49:49,1
05:49:53,0
05:49:54,1
05:49:57,0
05:49:58,1
05:50:02,0
05:50:03,1
05:50:06,0
05:50:07,1
05:50:10,0
05:50:12,1
05:50:15,0
05:50:16,1
05:50:19,0
05:50:20,1
05:50:23,0
05:50:25,1
05:50:27,0
05:50:29,1
05:50:32,0
05:50:33,1
05:50:36,0
05:50:37,1
05:50:40,0
05:50:42,1
05:50:45,0
05:50:46,1
05:50:49,0
05:50:50,1
05:50:53,0
05:50:54,1
05:50:57,0
05:50:58,1
05:51:01,0
05:51:02,1
05:51:05,0
05:51:06,1
05:51:09,0
05:51:10,1
05:51:13,0
05:51:14,1
05:51:17,0
05:51:18,1
05:51:20,0
05:51:22,1
05:51:24,0
05:51:25,1
05:51:28,0
05:51:29,1
05:51:32,0
05:51:33,1
05:51:35,0
05:51:36,1
05:51:39,0
05:51:40,1
05:51:43,0
05:51:44,1
05:51:47,0
05:51:48,1
05:51:51,0
05:51:52,1
05:51:55,0
05:51:56,1
05:51:59,0
05:52:00,1
05:52:02,0
05:52:03,1
05:52:06,0
05:52:07,1
05:52:10,0
05:52:11,1
05:52:13,0
05:52:14,1
05:52:17,0
05:52:18,1
05:52:21,0
05:52:22,1
05:52:25,0
05:52:26,1
05:52:29,0
05:52:30,1
05:52:33,0
05:52:34,1
05:52:37,0
05:52:38,1
05:52:41,0
05:52:42,1
05:52:45,0
05:52:46,1
05:52:49,0
05:52:50,1
05:52:53,0
05:52:54,1
05:52:56,0
05:52:57,1
05:53:00,0
05:53:01,1
05:53:03,0
05:53:04,1
05:53:07,0
05:53:08,1
05:53:10,0
05:53:11,1
05:53:13,0
05:53:14,1
05:53:16,0
05:53:17,1
05:53:20,0
05:53:22,1
05:53:24,0
05:53:24,1
05:53:26,0
05:53:28,1
05:53:30,0
05:53:31,1
05:53:32,0
05:53:34,1
05:53:36,0
05:53:37,1
05:53:39,0
05:53:40,1
05:53:42,0
05:53:43,1
05:53:45,0
05:53:46,1
05:53:48,0
05:53:49,1
05:53:52,0
05:53:53,1
05:53:55,0
05:53:56,1
05:53:58,0
05:53:59,1
05:54:02,0
05:54:03,1
05:54:05,0
05:54:06,1
05:54:08,0
05:54:09,1
05:54:12,0
05:54:13,1
05:54:16,0
05:54:17,1
05:54:19,0
05:54:20,1
05:54:23,0
05:54:24,1
05:54:26,0
05:54:28,1
05:54:30,0
05:54:31,1
05:54:34,0
05:54:35,1
05:54:38,0
05:54:39,1
05:54:42,0
05:54:43,1
05:54:46,0
05:54:47,1
05:54:49,0
05:54:50,1
05:54:53,0
05:54:54,1
05:54:57,0
05:54:58,1
05:55:00,0
05:55:01,1
05:55:04,0
05:55:05,1
05:55:08,0
05:55:09,1
05:55:11,0
05:55:12,1
05:55:15,0
05:55:16,1
05:55:19,0
05:55:20,1
05:55:22,0
05:55:24,1
05:55:26,0
05:55:27,1
05:55:30,0
05:55:31,1
05:55:34,0
05:55:35,1
05:55:38,0
05:55:39,1
05:55:42,0
05:55:43,1
05:55:46,0
05:55:48,1
05:55:51,0
05:55:52,1
05:55:55,0
05:55:57,1
05:56:00,0
05:56:01,1
05:56:04,0
05:56:06,1
05:56:09,0
05:56:10,1
05:56:13,0
05:56:14,1
05:56:18,0
05:56:19,1
05:56:22,0
05:56:24,1
05:56:27,0
05:56:28,1
05:56:31,0
05:56:32,1
05:56:36,0
05:56:37,1
05:56:40,0
05:56:41,1
05:56:45,0
05:56:46,1
05:56:49,0
05:56:50,1
05:56:54,0
05:56:55,1
05:56:59,0
05:57:00,1
05:57:04,0
05:57:05,1
05:57:09,0
05:57:10,1
05:57:14,0
05:57:15,1
05:57:19,0
05:57:20,1
05:57:24,0
05:57:26,1
05:57:29,0
05:57:31,1
05:57:35,0
05:57:37,1
05:57:40,0
05:57:42,1
05:57:46,0
05:57:47,1
05:57:51,0
05:57:52,1
05:57:56,0
05:57:57,1
05:58:01,0
05:58:02,1
05:58:05,0
05:58:07,1
05:58:10,0
05:58:11,1
05:58:14,0
05:58:16,1
05:58:18,0
05:58:20,1
05:58:23,0
05:58:24,1
05:58:27,0
05:58:28,1
05:58:31,0
05:58:33,1
05:58:36,0
05:58:37,1
05:58:40,0
05:58:41,1
05:58:44,0
05:58:45,1
05:58:48,0
05:58:49,1
05:58:52,0
05:58:53,1
05:58:56,0
05:58:58,1
05:59:00,0
05:59:02,1
05:59:04,0
05:59:06,1
05:59:09,0
05:59:10,1
05:59:13,0
05:59:14,1
05:59:17,0
05:59:18,1
05:59:21,0
05:59:22,1
05:59:25,0
05:59:26,1
05:59:29,0
05:59:31,1
05:59:34,0
05:59:35,1
05:59:38,0
05:59:40,1
05:59:43,0
05:59:45,1
05:59:48,0
05:59:49,1
05:59:52,0
05:59:54,1
05:59:57,0
05:59:58,1
06:00:02,0
06:00:03,1
06:00:07,0
06:00:08,1
06:00:12,0
06:00:13,1
06:00:16,0
06:00:17,1
06:00:21,0
06:00:22,1
06:00:25,0
06:00:26,1
06:00:29,0
06:00:30,1
06:00:33,0
06:00:35,1
06:00:38,0
06:00:39,1
06:00:42,0
06:00:44,1
06:00:47,0
06:00:48,1
06:00:51,0
06:00:53,1
06:00:56,0
06:00:58,1
06:01:01,0
06:01:02,1
06:01:05,0
06:01:07,1
06:01:10,0
06:01:11,1
06:01:14,0
06:01:15,1
06:01:18,0
06:01:20,1
06:01:22,0
06:01:24,1
06:01:27,0
06:01:28,1
06:01:31,0
06:01:32,1
06:01:35,0
06:01:36,1
06:01:39,0
06:01:40,1
06:01:43,0
06:01:44,1
06:01:47,0
06:01:48,1
06:01:51,0
06:01:52,1
06:01:55,0
06:01:56,1
06:01:59,0
06:02:00,1
06:02:03,0
06:02:04,1
06:02:07,0
06:02:08,1
06:02:11,0
06:02:12,1
06:02:15,0
06:02:16,1
06:02:19,0
06:02:20,1
06:02:23,0
06:02:24,1
06:02:26,0
06:02:27,1
06:02:30,0
06:02:31,1
06:02:34,0
06:02:35,1
06:02:37,0
06:02:39,1
06:02:41,0
06:02:42,1
06:02:45,0
06:02:47,1
06:02:49,0
06:02:51,1
06:02:54,0
06:02:55,1
06:02:58,0
06:03:00,1
06:03:03,0
06:03:04,1
06:03:08,0
06:03:09,1
06:03:12,0
06:03:14,1
06:03:17,0
06:03:19,1
06:03:22,0
06:03:23,1
06:03:26,0
06:03:28,1
06:03:31,0
06:03:32,1
06:03:35,0
06:03:37,1
06:03:40,0
06:03:41,1
06:03:44,0
06:03:45,1
06:03:48,0
06:03:49,1
06:03:52,0
06:03:53,1
06:03:56,0
06:03:57,1
06:04:00,0
06:04:01,1
06:04:04,0
06:04:05,1
06:04:07,0
06:04:08,1
06:04:11,0
06:04:12,1
06:04:15,0
06:04:16,1
06:04:18,0
06:04:19,1
06:04:22,0
06:04:23,1
06:04:26,0
06:04:27,1
06:04:29,0
06:04:30,1
06:04:33,0
06:04:34,1
06:04:37,0
06:04:38,1
06:04:41,0
06:04:42,1
06:04:45,0
06:04:46,1
06:04:49,0
06:04:50,1
06:04:53,0
06:04:54,1
06:04:57,0
06:04:58,1
06:05:01,0
06:05:02,1
06:05:05,0
06:05:06,1
06:05:09,0
06:05:10,1
06:05:13,0
06:05:14,1
06:05:16,0
06:05:17,1
06:05:20,0
06:05:21,1
06:05:24,0
06:05:25,1
06:05:27,0
06:05:28,1
06:05:31,0
06:05:32,1
06:05:35,0
06:05:36,1
06:05:38,0
06:05:40,1
06:05:42,0
06:05:44,1
06:05:46,0
06:05:47,1
06:05:50,0
06:05:51,1
06:05:54,0
06:05:55,1
06:05:57,0
06:05:58,1
06:06:01,0
06:06:02,1
06:06:04,0
06:06:05,1
06:06:08,0
06:06:09,1
06:06:11,0
06:06:12,1
06:06:15,0
06:06:16,1
06:06:18,0
06:06:19,1
06:06:22,0
06:06:23,1
06:06:25,0
06:06:26,1
06:06:29,0
06:06:30,1
06:06:32,0
06:06:33,1
06:06:36,0
06:06:37,1
06:06:39,0
06:06:40,1
06:06:43,0
06:06:44,1
06:06:46,0
06:06:47,1
06:06:50,0
06:06:51,1
06:06:54,0
06:06:55,1
06:06:57,0
06:06:59,1
06:07:01,0
06:07:02,1
06:07:05,0
06:07:06,1
06:07:09,0
06:07:10,1
06:07:13,0
06:07:14,1
06:07:17,0
06:07:18,1
06:07:21,0
06:07:22,1
06:07:24,0
06:07:26,1
06:07:28,0
06:07:29,1
06:07:32,0
06:07:33,1
06:07:36,0
06:07:37,1
06:07:40,0
06:07:41,1
06:07:44,0
06:07:45,1
06:07:48,0
06:07:49,1
06:07:52,0
06:07:53,1
06:07:55,0
06:07:57,1
06:08:00,0
06:08:01,1
06:08:04,0
06:08:05,1
06:08:08,0
06:08:09,1
06:08:12,0
06:08:14,1
06:08:17,0
06:08:18,1
06:08:22,0
06:08:23,1
06:08:27,0
06:08:28,1
06:08:32,0
06:08:33,1
06:08:37,0
06:08:38,1
06:08:42,0
06:08:43,1
06:08:47,0
06:08:48,1
06:08:52,0
06:08:53,1
06:08:57,0
06:08:58,1
06:09:01,0
06:09:03,1
06:09:06,0
06:09:08,1
06:09:11,0
06:09:12,1
06:09:15,0
06:09:16,1
06:09:19,0
06:09:21,1
06:09:25,0
06:09:26,1
06:09:30,0
06:09:31,1
06:09:35,0
06:09:37,1
06:09:41,0
06:09:43,1
06:09:47,0
06:09:49,1
06:09:53,0
06:09:54,1
06:09:59,0
06:10:00,1
06:10:04,0
06:10:06,1
06:10:10,0
06:10:11,1
06:10:15,0
06:10:17,1
06:10:20,0
06:10:21,1
06:10:24,0
06:10:26,1
06:10:29,0
06:10:30,1
06:10:33,0
06:10:34,1
06:10:37,0
06:10:39,1
06:10:42,0
06:10:43,1
06:10:46,0
06:10:47,1
06:10:50,0
06:10:51,1
06:10:54,0
06:10:55,1
06:10:58,0
06:10:59,1
06:11:02,0
06:11:04,1
06:11:07,0
06:11:08,1
06:11:11,0
06:11:12,1
06:11:15,0
06:11:16,1
06:11:19,0
06:11:20,1
06:11:23,0
06:11:25,1
06:11:28,0
06:11:29,1
06:11:32,0
06:11:34,1
06:11:37,0
06:11:38,1
06:11:41,0
06:11:43,1
06:11:46,0
06:11:47,1
06:11:51,0
06:11:52,1
06:11:55,0
06:11:57,1
06:12:00,0
06:12:01,1
06:12:05,0
06:12:06,1
06:12:10,0
06:12:11,1
06:12:14,0
06:12:16,1
06:12:19,0
06:12:21,1
06:12:24,0
06:12:25,1
06:12:28,0
06:12:30,1
06:12:33,0
06:12:34,1
06:12:37,0
06:12:39,1
06:12:42,0
06:12:43,1
06:12:46,0
06:12:47,1
06:12:50,0
06:12:52,1
06:12:55,0
06:12:56,1
06:12:59,0
06:13:00,1
06:13:03,0
06:13:04,1
06:13:07,0
06:13:08,1
06:13:10,0
06:13:11,1
06:13:14,0
06:13:15,1
06:13:18,0
06:13:19,1
06:13:22,0
06:13:23,1
06:13:25,0
06:13:26,1
06:13:29,0
06:13:30,1
06:13:33,0
06:13:34,1
06:13:37,0
06:13:38,1
06:13:41,0
06:13:42,1
06:13:45,0
06:13:46,1
06:13:48,0
06:13:50,1
06:13:52,0
06:13:54,1
06:13:56,0
06:13:58,1
06:14:00,0
06:14:02,1
06:14:04,0
06:14:06,1
06:14:08,0
06:14:10,1
06:14:13,0
06:14:14,1
06:14:17,0
06:14:18,1
06:14:21,0
06:14:22,1
06:14:25,0
06:14:26,1
06:14:29,0
06:14:30,1
06:14:33,0
06:14:34,1
06:14:37,0
06:14:39,1
06:14:41,0
06:14:43,1
06:14:46,0
06:14:47,1
06:14:50,0
06:14:51,1
06:14:54,0
06:14:55,1
06:14:58,0
06:14:59,1
06:15:02,0
06:15:03,1
06:15:06,0
06:15:07,1
06:15:10,0
06:15:12,1
06:15:14,0
06:15:16,1
06:15:18,0
06:15:19,1
06:15:22,0
06:15:23,1
06:15:26,0
06:15:27,1
06:15:30,0
06:15:31,1
06:15:34,0
06:15:35,1
06:15:38,0
06:15:39,1
06:15:42,0
06:15:43,1
06:15:46,0
06:15:47,1
06:15:50,0
06:15:51,1
06:15:54,0
06:15:55,1
06:15:58,0
06:16:00,1
06:16:02,0
06:16:04,1
06:16:07,0
06:16:08,1
06:16:11,0
06:16:12,1
06:16:15,0
06:16:16,1
06:16:19,0
06:16:21,1
06:16:24,0
06:16:25,1
06:16:28,0
06:16:29,1
06:16:32,0
06:16:33,1
06:16:36,0
06:16:37,1
06:16:40,0
06:16:41,1
06:16:44,0
06:16:45,1
06:16:48,0
06:16:49,1
06:16:52,0
06:16:53,1
06:16:56,0
06:16:57,1
06:17:00,0
06:17:01,1
06:17:04,0
06:17:05,1
06:17:08,0
06:17:09,1
06:17:12,0
06:17:14,1
06:17:17,0
06:17:18,1
06:17:21,0
06:17:22,1
06:17:25,0
06:17:26,1
06:17:29,0
06:17:31,1
06:17:33,0
06:17:35,1
06:17:37,0
06:17:38,1
06:17:41,0
06:17:42,1
06:17:45,0
06:17:46,1
06:17:49,0
06:17:50,1
06:17:53,0
06:17:54,1
06:17:57,0
06:17:58,1
06:18:01,0
06:18:02,1
06:18:05,0
06:18:06,1
06:18:09,0
06:18:10,1
06:18:13,0
06:18:14,1
06:18:17,0
06:18:18,1
06:18:21,0
06:18:22,1
06:18:24,0
06:18:26,1
06:18:28,0
06:18:29,1
06:18:32,0
06:18:33,1
06:18:36,0
06:18:37,1
06:18:39,0
06:18:41,1
06:18:43,0
06:18:44,1
06:18:48,0
06:18:48,1
06:18:50,0
06:18:52,1
06:18:54,0
06:18:56,1
06:18:58,0
06:19:00,1
06:19:02,0
06:19:03,1
06:19:06,0
06:19:07,1
06:19:10,0
06:19:11,1
06:19:13,0
06:19:14,1
06:19:17,0
06:19:18,1
06:19:20,0
06:19:21,1
06:19:24,0
06:19:25,1
06:19:27,0
06:19:28,1
06:19:31,0
06:19:32,1
06:19:34,0
06:19:35,1
06:19:38,0
06:19:39,1
06:19:41,0
06:19:42,1
06:19:44,0
06:19:45,1
06:19:47,0
06:19:48,1
06:19:55,0
06:19:55,1
06:19:57,0
06:19:58,1
06:20:00,0
06:20:01,1
06:20:03,0
06:20:04,1
06:20:07,0
06:20:08,1
06:20:11,0
06:20:12,1
06:20:15,0
06:20:16,1
06:20:19,0
06:20:20,1
06:20:23,0
06:20:24,1
06:20:27,0
06:20:28,1
06:20:31,0
06:20:32,1
06:20:35,0
06:20:37,1
06:20:40,0
06:20:41,1
06:20:44,0
06:20:45,1
06:20:48,0
06:20:49,1
06:20:53,0
06:20:54,1
06:20:57,0
06:20:58,1
06:21:01,0
06:21:02,1
06:21:05,0
06:21:07,1
06:21:10,0
06:21:11,1
06:21:14,0
06:21:16,1
06:21:19,0
06:21:20,1
06:21:23,0
06:21:24,1
06:21:28,0
06:21:29,1
06:21:32,0
06:21:33,1
06:21:36,0
06:21:37,1
06:21:40,0
06:21:41,1
06:21:44,0
06:21:46,1
06:21:49,0
06:21:50,1
06:21:53,0
06:21:55,1
06:21:58,0
06:22:00,1
06:22:03,0
06:22:04,1
06:22:07,0
06:22:08,1
06:22:12,0
06:22:13,1
06:22:16,0
06:22:17,1
06:22:20,0
06:22:21,1
06:22:24,0
06:22:25,1
06:22:27,0
06:22:29,1
06:22:31,0
06:22:32,1
06:22:35,0
06:22:36,1
06:22:39,0
06:22:40,1
06:22:43,0
06:22:44,1
06:22:46,0
06:22:47,1
06:22:50,0
06:22:51,1
06:22:54,0
06:22:55,1
06:22:58,0
06:22:59,1
06:23:02,0
06:23:03,1
06:23:06,0
06:23:07,1
06:23:10,0
06:23:11,1
06:23:14,0
06:23:15,1
06:23:18,0
06:23:19,1
06:23:22,0
06:23:23,1
06:23:25,0
06:23:26,1
06:23:29,0
06:23:30,1
06:23:33,0
06:23:34,1
06:23:36,0
06:23:37,1
06:23:40,0
06:23:41,1
06:23:43,0
06:23:44,1
06:23:47,0
06:23:48,1
06:23:51,0
06:23:52,1
06:23:54,0
06:23:55,1
06:23:58,0
06:23:59,1
06:24:02,0
06:24:03,1
06:24:05,0
06:24:06,1
06:24:09,0
06:24:10,1
06:24:13,0
06:24:14,1
06:24:16,0
06:24:17,1
06:24:20,0
06:24:21,1
06:24:24,0
06:24:25,1
06:24:28,0
06:24:29,1
06:24:32,0
06:24:33,1
06:24:36,0
06:24:37,1
06:24:40,0
06:24:41,1
06:24:44,0
06:24:45,1
06:24:48,0
06:24:49,1
06:24:51,0
06:24:52,1
06:24:55,0
06:24:56,1
06:24:59,0
06:25:00,1
06:25:03,0
06:25:04,1
06:25:07,0
06:25:08,1
06:25:10,0
06:25:12,1
06:25:14,0
06:25:15,1
06:25:18,0
06:25:20,1
06:25:22,0
06:25:24,1
06:25:27,0
06:25:28,1
06:25:32,0
06:25:33,1
06:25:36,0
06:25:38,1
06:25:41,0
06:25:42,1
06:25:46,0
06:25:47,1
06:25:50,0
06:25:52,1
06:25:55,0
06:25:57,1
06:26:00,0
06:26:01,1
06:26:05,0
06:26:06,1
06:26:09,0
06:26:11,1
06:26:14,0
06:26:15,1
06:26:18,0
06:26:20,1
06:26:23,0
06:26:24,1
06:26:27,0
06:26:28,1
06:26:31,0
06:26:32,1
06:26:35,0
06:26:36,1
06:26:39,0
06:26:40,1
06:26:43,0
06:26:44,1
06:26:47,0
06:26:49,1
06:26:52,0
06:26:53,1
06:26:57,0
06:26:57,1
06:27:00,0
06:27:01,1
06:27:04,0
06:27:05,1
06:27:08,0
06:27:09,1
06:27:12,0
06:27:13,1
06:27:16,0
06:27:18,1
06:27:21,0
06:27:22,1
06:27:25,0
06:27:27,1
06:27:30,0
06:27:32,1
06:27:34,0
06:27:36,1
06:27:38,0
06:27:40,1
06:27:44,0
06:27:44,1
06:27:48,0
06:27:48,1
06:27:52,0
06:27:54,1
06:27:56,0
06:27:57,1
06:28:00,0
06:28:02,1
06:28:05,0
06:28:06,1
06:28:10,0
06:28:10,1
06:28:15,0
06:28:16,1
06:28:19,0
06:28:20,1
06:28:23,0
06:28:25,1
06:28:28,0
06:28:28,1
06:28:33,0
06:28:34,1
06:28:36,0
06:28:39,1
06:28:42,0
06:28:43,1
06:28:46,0
06:28:48,1
06:28:51,0
06:28:52,1
06:28:56,0
06:28:57,1
06:29:00,0
06:29:02,1
06:29:05,0
06:29:06,1
06:29:10,0
06:29:11,1
06:29:14,0
06:29:16,1
06:29:19,0
06:29:20,1
06:29:24,0
06:29:25,1
06:29:28,0
06:29:30,1
06:29:33,0
06:29:34,1
06:29:37,0
06:29:38,1
06:29:41,0
06:29:42,1
06:29:45,0
06:29:46,1
06:29:49,0
06:29:50,1
06:29:52,0
06:29:53,1
06:29:56,0
06:29:57,1
06:30:00,0
06:30:01,1
06:30:03,0
06:30:04,1
06:30:07,0
06:30:08,1
06:30:11,0
06:30:12,1
06:30:14,0
06:30:15,1
06:30:18,0
06:30:19,1
06:30:21,0
06:30:22,1
06:30:25,0
06:30:26,1
06:30:29,0
06:30:30,1
06:30:32,0
06:30:34,1
06:30:36,0
06:30:37,1
06:30:40,0
06:30:41,1
06:30:43,0
06:30:44,1
06:30:47,0
06:30:48,1
06:30:50,0
06:30:51,1
06:30:53,0
06:30:54,1
06:30:56,0
06:30:57,1
06:31:00,0
06:31:01,1
06:31:03,0
06:31:04,1
06:31:06,0
06:31:07,1
06:31:09,0
06:31:10,1
06:31:12,0
06:31:13,1
06:31:15,0
06:31:16,1
06:31:18,0
06:31:19,1
06:31:21,0
06:31:22,1
06:31:24,0
06:31:25,1
06:31:27,0
06:31:28,1
06:31:30,0
06:31:31,1
06:31:33,0
06:31:34,1
06:31:36,0
06:31:37,1
06:31:39,0
06:31:40,1
06:31:42,0
06:31:43,1
06:31:45,0
06:31:46,1
06:31:49,0
06:31:50,1
06:31:52,0
06:31:53,1
06:31:55,0
06:31:56,1
06:31:58,0
06:31:59,1
06:32:02,0
06:32:03,1
06:32:05,0
06:32:06,1
06:32:09,0
06:32:10,1
06:32:12,0
06:32:13,1
06:32:16,0
06:32:17,1
06:32:20,0
06:32:21,1
06:32:23,0
06:32:24,1
06:32:27,0
06:32:28,1
06:32:31,0
06:32:32,1
06:32:35,0
06:32:36,1
06:32:38,0
06:32:40,1
06:32:42,0
06:32:44,1
06:32:46,0
06:32:48,1
06:32:50,0
06:32:52,1
06:32:54,0
06:32:56,1
06:32:58,0
06:33:00,1
06:33:02,0
06:33:04,1
06:33:07,0
06:33:08,1
06:33:11,0
06:33:12,1
06:33:15,0
06:33:16,1
06:33:19,0
06:33:20,1
06:33:23,0
06:33:24,1
06:33:27,0
06:33:28,1
06:33:31,0
06:33:32,1
06:33:35,0
06:33:36,1
06:33:39,0
06:33:40,1
06:33:43,0
06:33:44,1
06:33:46,0
06:33:47,1
06:33:50,0
06:33:51,1
06:33:54,0
06:33:56,1
06:33:58,0
06:34:00,1
06:34:03,0
06:34:04,1
06:34:07,0
06:34:08,1
06:34:12,0
06:34:13,1
06:34:16,0
06:34:17,1
06:34:20,0
06:34:21,1
06:34:24,0
06:34:26,1
06:34:29,0
06:34:30,1
06:34:33,0
06:34:35,1
06:34:38,0
06:34:39,1
06:34:42,0
06:34:44,1
06:34:47,0
06:34:48,1
06:34:52,0
06:34:53,1
06:34:56,0
06:34:58,1
06:35:01,0
06:35:02,1
06:35:05,0
06:35:06,1
06:35:09,0
06:35:10,1
06:35:13,0
06:35:15,1
06:35:18,0
06:35:19,1
06:35:22,0
06:35:23,1
06:35:27,0
06:35:28,1
06:35:31,0
06:35:33,1
06:35:36,0
06:35:37,1
06:35:40,0
06:35:42,1
06:35:45,0
06:35:46,1
06:35:49,0
06:35:50,1
06:35:53,0
06:35:54,1
06:35:58,0
06:35:59,1
06:36:02,0
06:36:03,1
06:36:06,0
06:36:08,1
06:36:11,0
06:36:12,1
06:36:15,0
06:36:16,1
06:36:19,0
06:36:20,1
06:36:23,0
06:36:25,1
06:36:28,0
06:36:29,1
06:36:32,0
06:36:33,1
06:36:36,0
06:36:37,1
06:36:40,0
06:36:41,1
06:36:43,0
06:36:45,1
06:36:47,0
06:36:48,1
06:36:51,0
06:36:52,1
06:36:55,0
06:36:56,1
06:36:58,0
06:36:59,1
06:37:02,0
06:37:03,1
06:37:05,0
06:37:06,1
06:37:09,0
06:37:10,1
06:37:13,0
06:37:14,1
06:37:16,0
06:37:17,1
06:37:20,0
06:37:21,1
06:37:24,0
06:37:24,1
06:37:28,0
06:37:28,1
06:37:30,0
06:37:32,1
06:37:34,0
06:37:36,1
06:37:39,0
06:37:40,1
06:37:42,0
06:37:43,1
06:37:46,0
06:37:47,1
06:37:48,0
06:37:50,1
06:37:53,0
06:37:54,1
06:37:56,0
06:37:57,1
06:37:59,0
06:38:00,1
06:38:03,0
06:38:04,1
06:38:06,0
06:38:07,1
06:38:09,0
06:38:10,1
06:38:12,0
06:38:13,1
06:38:16,0
06:38:17,1
06:38:19,0
06:38:20,1
06:38:22,0
06:38:23,1
06:38:25,0
06:38:26,1
06:38:28,0
06:38:29,1
06:38:31,0
06:38:32,1
06:38:35,0
06:38:36,1
06:38:38,0
06:38:39,1
06:38:41,0
06:38:42,1
06:38:44,0
06:38:45,1
06:38:47,0
06:38:48,1
06:38:50,0
06:38:51,1
06:38:53,0
06:38:54,1
06:38:56,0
06:38:57,1
06:38:59,0
06:39:00,1
06:39:02,0
06:39:03,1
06:39:05,0
06:39:06,1
06:39:08,0
06:39:09,1
06:39:11,0
06:39:12,1
06:39:14,0
06:39:15,1
06:39:17,0
06:39:18,1
06:39:21,0
06:39:22,1
06:39:24,0
06:39:25,1
06:39:28,0
06:39:29,1
06:39:31,0
06:39:32,1
06:39:34,0
06:39:35,1
06:39:38,0
06:39:39,1
06:39:41,0
06:39:42,1
06:39:44,0
06:39:45,1
06:39:48,0
06:39:49,1
06:39:51,0
06:39:52,1
06:39:55,0
06:39:56,1
06:39:58,0
06:40:00,1
06:40:02,0
06:40:03,1
06:40:06,0
06:40:07,1
06:40:09,0
06:40:10,1
06:40:13,0
06:40:14,1
06:40:16,0
06:40:17,1
06:40:20,0
06:40:21,1
06:40:24,0
06:40:25,1
06:40:27,0
06:40:29,1
06:40:31,0
06:40:32,1
06:40:35,0
06:40:37,1
06:40:39,0
06:40:41,1
06:40:43,0
06:40:44,1
06:40:47,0
06:40:48,1
06:40:51,0
06:40:52,1
06:40:55,0
06:40:56,1
06:40:59,0
06:41:00,1
06:41:03,0
06:41:04,1
06:41:07,0
06:41:09,1
06:41:12,0
06:41:13,1
06:41:16,0
06:41:17,1
06:41:20,0
06:41:21,1
06:41:25,0
06:41:26,1
06:41:29,0
06:41:30,1
06:41:34,0
06:41:35,1
06:41:38,0
06:41:39,1
06:41:42,0
06:41:43,1
06:41:46,0
06:41:47,1
06:41:50,0
06:41:51,1
06:41:54,0
06:41:55,1
06:41:58,0
06:41:59,1
06:42:02,0
06:42:03,1
06:42:05,0
06:42:06,1
06:42:09,0
06:42:10,1
06:42:13,0
06:42:14,1
06:42:16,0
06:42:17,1
06:42:20,0
06:42:21,1
06:42:23,0
06:42:24,1
06:42:26,0
06:42:28,1
06:42:30,0
06:42:31,1
06:42:34,0
06:42:35,1
06:42:37,0
06:42:38,1
06:42:41,0
06:42:42,1
06:42:44,0
06:42:45,1
06:42:48,0
06:42:49,1
06:42:51,0
06:42:52,1
06:42:55,0
06:42:56,1
06:42:58,0
06:42:59,1
06:43:01,0
06:43:02,1
06:43:05,0
06:43:06,1
06:43:08,0
06:43:09,1
06:43:12,0
06:43:13,1
06:43:15,0
06:43:16,1
06:43:19,0
06:43:20,1
06:43:23,0
06:43:24,1
06:43:27,0
06:43:28,1
06:43:31,0
06:43:32,1
06:43:35,0
06:43:37,1
06:43:40,0
06:43:41,1
06:43:44,0
06:43:45,1
06:43:48,0
06:43:49,1
06:43:52,0
06:43:53,1
06:43:56,0
06:43:57,1
06:44:00,0
06:44:01,1
06:44:04,0
06:44:05,1
06:44:08,0
06:44:09,1
06:44:12,0
06:44:13,1
06:44:16,0
06:44:17,1
06:44:20,0
06:44:21,1
06:44:24,0
06:44:25,1
06:44:28,0
06:44:29,1
06:44:32,0
06:44:33,1
06:44:36,0
06:44:37,1
06:44:40,0
06:44:41,1
06:44:43,0
06:44:45,1
06:44:47,0
06:44:48,1
06:44:51,0
06:44:52,1
06:44:55,0
06:44:56,1
06:44:59,0
06:45:00,1
06:45:03,0
06:45:04,1
06:45:07,0
06:45:08,1
06:45:11,0
06:45:12,1
06:45:15,0
06:45:16,1
06:45:19,0
06:45:20,1
06:45:22,0
06:45:23,1
06:45:26,0
06:45:27,1
06:45:30,0
06:45:31,1
06:45:33,0
06:45:34,1
06:45:37,0
06:45:38,1
06:45:41,0
06:45:42,1
06:45:44,0
06:45:45,1
06:45:48,0
06:45:49,1
06:45:52,0
06:45:53,1
06:45:55,0
06:45:57,1
06:45:59,0
06:46:00,1
06:46:03,0
06:46:04,1
06:46:07,0
06:46:08,1
06:46:12,0
06:46:13,1
06:46:16,0
06:46:18,1
06:46:20,0
06:46:22,1
06:46:26,0
06:46:26,1
06:46:31,0
06:46:32,1
06:46:35,0
06:46:36,1
06:46:39,0
06:46:41,1
06:46:44,0
06:46:44,1
06:46:48,0
06:46:49,1
06:46:51,0
06:46:54,1
06:46:56,0
06:46:58,1
06:47:00,0
06:47:00,1
06:47:04,0
06:47:05,1
06:47:08,0
06:47:08,1
06:47:12,0
06:47:13,1
06:47:16,0
06:47:16,1
06:47:20,0
06:47:21,1
06:47:24,0
06:47:24,1
06:47:28,0
06:47:29,1
06:47:32,0
06:47:32,1
06:47:36,0
06:47:37,1
06:47:40,0
06:47:40,1
06:47:44,0
06:47:45,1
06:47:48,0
06:47:48,1
06:47:51,0
06:47:52,1
06:47:55,0
06:47:56,1
06:47:59,0
06:48:00,1
06:48:02,0
06:48:03,1
06:48:06,0
06:48:07,1
06:48:10,0
06:48:11,1
06:48:14,0
06:48:15,1
06:48:18,0
06:48:19,1
06:48:22,0
06:48:23,1
06:48:26,0
06:48:27,1
06:48:31,0
06:48:32,1
06:48:35,0
06:48:37,1
06:48:40,0
06:48:42,1
06:48:45,0
06:48:47,1
06:48:50,0
06:48:52,1
06:48:56,0
06:48:58,1
06:49:02,0
06:49:03,1
06:49:07,0
06:49:09,1
06:49:13,0
06:49:14,1
06:49:18,0
06:49:20,1
06:49:23,0
06:49:25,1
06:49:29,0
06:49:30,1
06:49:34,0
06:49:35,1
06:49:39,0
06:49:40,1
06:49:44,0
06:49:45,1
06:49:49,0
06:49:51,1
06:49:54,0
06:49:55,1
06:49:59,0
06:50:00,1
06:50:04,0
06:50:05,1
06:50:09,0
06:50:10,1
06:50:14,0
06:50:15,1
06:50:18,0
06:50:20,1
06:50:23,0
06:50:24,1
06:50:27,0
06:50:28,1
06:50:31,0
06:50:32,1
06:50:35,0
06:50:36,1
06:50:39,0
06:50:40,1
06:50:43,0
06:50:44,1
06:50:47,0
06:50:48,1
06:50:51,0
06:50:52,1
06:50:54,0
06:50:55,1
06:50:58,0
06:50:59,1
06:51:01,0
06:51:02,1
06:51:05,0
06:51:06,1
06:51:08,0
06:51:09,1
06:51:12,0
06:51:13,1
06:51:15,0
06:51:16,1
06:51:18,0
06:51:20,1
06:51:22,0
06:51:23,1
06:51:26,0
06:51:27,1
06:51:30,0
06:51:31,1
06:51:33,0
06:51:34,1
06:51:37,0
06:51:38,1
06:51:41,0
06:51:42,1
06:51:45,0
06:51:46,1
06:51:49,0
06:51:50,1
06:51:52,0
06:51:53,1
06:51:56,0
06:51:57,1
06:52:00,0
06:52:01,1
06:52:03,0
06:52:04,1
06:52:07,0
06:52:08,1
06:52:11,0
06:52:12,1
06:52:15,0
06:52:16,1
06:52:19,0
06:52:20,1
06:52:23,0
06:52:25,1
06:52:28,0
06:52:29,1
06:52:32,0
06:52:34,1
06:52:37,0
06:52:38,1
06:52:41,0
06:52:42,1
06:52:45,0
06:52:47,1
06:52:50,0
06:52:51,1
06:52:54,0
06:52:55,1
06:52:58,0
06:52:59,1
06:53:03,0
06:53:04,1
06:53:08,0
06:53:09,1
06:53:12,0
06:53:14,1
06:53:17,0
06:53:19,1
06:53:22,0
06:53:23,1
06:53:27,0
06:53:28,1
06:53:32,0
06:53:33,1
06:53:36,0
06:53:37,1
06:53:40,0
06:53:42,1
06:53:45,0
06:53:46,1
06:53:49,0
06:53:50,1
06:53:53,0
06:53:54,1
06:53:57,0
06:53:58,1
06:54:00,0
06:54:01,1
06:54:04,0
06:54:05,1
06:54:08,0
06:54:09,1
06:54:12,0
06:54:13,1
06:54:15,0
06:54:17,1
06:54:19,0
06:54:21,1
06:54:23,0
06:54:25,1
06:54:27,0
06:54:29,1
06:54:31,0
06:54:32,1
06:54:35,0
06:54:37,1
06:54:40,0
06:54:41,1
06:54:44,0
06:54:45,1
06:54:48,0
06:54:49,1
06:54:53,0
06:54:54,1
06:54:58,0
06:54:59,1
06:55:03,0
06:55:05,1
06:55:09,0
06:55:11,1
06:55:15,0
06:55:17,1
06:55:21,0
06:55:23,1
06:55:27,0
06:55:28,1
06:55:32,0
06:55:34,1
06:55:37,0
06:55:39,1
06:55:42,0
06:55:43,1
06:55:46,0
06:55:48,1
06:55:51,0
06:55:52,1
06:55:55,0
06:55:56,1
06:55:59,0
06:56:00,1
06:56:03,0
06:56:04,1
06:56:07,0
06:56:08,1
06:56:11,0
06:56:12,1
06:56:14,0
06:56:15,1
06:56:18,0
06:56:19,1
06:56:21,0
06:56:23,1
06:56:25,0
06:56:26,1
06:56:28,0
06:56:30,1
06:56:32,0
06:56:33,1
06:56:35,0
06:56:36,1
06:56:39,0
06:56:40,1
06:56:42,0
06:56:43,1
06:56:46,0
06:56:47,1
06:56:49,0
06:56:50,1
06:56:53,0
06:56:54,1
06:56:57,0
06:56:58,1
06:57:01,0
06:57:02,1
06:57:04,0
06:57:05,1
06:57:08,0
06:57:09,1
06:57:12,0
06:57:13,1
06:57:16,0
06:57:17,1
06:57:20,0
06:57:21,1
06:57:24,0
06:57:25,1
06:57:28,0
06:57:29,1
06:57:32,0
06:57:33,1
06:57:36,0
06:57:37,1
06:57:40,0
06:57:41,1
06:57:44,0
06:57:45,1
06:57:48,0
06:57:49,1
06:57:51,0
06:57:52,1
06:57:55,0
06:57:56,1
06:57:59,0
06:58:00,1
06:58:03,0
06:58:04,1
06:58:07,0
06:58:08,1
06:58:11,0
06:58:12,1
06:58:15,0
06:58:16,1
06:58:20,0
06:58:21,1
06:58:24,0
06:58:25,1
06:58:29,0
06:58:30,1
06:58:34,0
06:58:35,1
06:58:38,0
06:58:40,1
06:58:43,0
06:58:45,1
06:58:48,0
06:58:50,1
06:58:53,0
06:58:55,1
06:58:58,0
06:59:00,1
06:59:04,0
06:59:06,1
06:59:10,0
06:59:11,1
06:59:16,0
06:59:17,1
06:59:21,0
06:59:23,1
06:59:27,0
06:59:28,1
06:59:32,0
06:59:34,1
06:59:38,0
06:59:39,1
06:59:43,0
06:59:45,1
06:59:48,0
06:59:50,1
06:59:53,0
06:59:55,1
06:59:58,0
07:00:00,1
07:00:03,0
07:00:04,1
07:00:08,0
07:00:09,1
07:00:13,0
07:00:14,1
07:00:17,0
07:00:18,1
07:00:21,0
07:00:23,1
07:00:26,0
07:00:27,1
07:00:31,0
07:00:32,1
07:00:35,0
07:00:36,1
07:00:40,0
07:00:41,1
07:00:45,0
07:00:46,1
07:00:49,0
07:00:51,1
07:00:54,0
07:00:55,1
07:00:58,0
07:01:00,1
07:01:03,0
07:01:04,1
07:01:07,0
07:01:09,1
07:01:12,0
07:01:13,1
07:01:16,0
07:01:17,1
07:01:20,0
07:01:22,1
07:01:24,0
07:01:25,1
07:01:28,0
07:01:30,1
07:01:32,0
07:01:34,1
07:01:37,0
07:01:38,1
07:01:41,0
07:01:42,1
07:01:45,0
07:01:46,1
07:01:49,0
07:01:51,1
07:01:53,0
07:01:55,1
07:01:57,0
07:01:59,1
07:02:02,0
07:02:04,1
07:02:05,0
07:02:08,1
07:02:10,0
07:02:12,1
07:02:13,0
07:02:16,1
07:02:18,0
07:02:18,1
07:02:22,0
07:02:22,1
07:02:24,0
07:02:26,1
07:02:28,0
07:02:30,1
07:02:32,0
07:02:33,1
07:02:36,0
07:02:37,1
07:02:39,0
07:02:40,1
07:02:42,0
07:02:43,1
07:02:46,0
07:02:47,1
07:02:49,0
07:02:50,1
07:02:52,0
07:02:53,1
07:02:56,0
07:02:57,1
07:02:59,0
07:03:00,1
07:03:03,0
07:03:04,1
07:03:07,0
07:03:08,1
07:03:10,0
07:03:11,1
07:03:14,0
07:03:15,1
07:03:17,0
07:03:19,1
07:03:21,0
07:03:22,1
07:03:25,0
07:03:26,1
07:03:29,0
07:03:30,1
07:03:32,0
07:03:34,1
07:03:36,0
07:03:38,1
07:03:40,0
07:03:42,1
07:03:44,0
07:03:45,1
07:03:48,0
07:03:49,1
07:03:52,0
07:03:53,1
07:03:56,0
07:03:57,1
07:04:00,0
07:04:01,1
07:04:04,0
07:04:05,1
07:04:08,0
07:04:09,1
07:04:12,0
07:04:13,1
07:04:16,0
07:04:17,1
07:04:20,0
07:04:21,1
07:04:24,0
07:04:25,1
07:04:27,0
07:04:29,1
07:04:31,0
07:04:32,1
07:04:35,0
07:04:36,1
07:04:39,0
07:04:40,1
07:04:43,0
07:04:44,1
07:04:47,0
07:04:48,1
07:04:51,0
07:04:52,1
07:04:55,0
07:04:56,1
07:04:58,0
07:04:59,1
07:05:02,0
07:05:03,1
07:05:06,0
07:05:07,1
07:05:09,0
07:05:10,1
07:05:13,0
07:05:14,1
07:05:17,0
07:05:18,1
07:05:20,0
07:05:21,1
07:05:24,0
07:05:25,1
07:05:28,0
07:05:29,1
07:05:32,0
07:05:33,1
07:05:36,0
07:05:37,1
07:05:40,0
07:05:41,1
07:05:44,0
07:05:46,1
07:05:49,0
07:05:50,1
07:05:53,0
07:05:54,1
07:05:57,0
07:05:59,1
07:06:02,0
07:06:03,1
07:06:06,0
07:06:07,1
07:06:10,0
07:06:11,1
07:06:14,0
07:06:15,1
07:06:18,0
07:06:19,1
07:06:22,0
07:06:23,1
07:06:25,0
07:06:26,1
07:06:29,0
07:06:30,1
07:06:32,0
07:06:33,1
07:06:36,0
07:06:37,1
07:06:39,0
07:06:40,1
07:06:42,0
07:06:43,1
07:06:46,0
07:06:47,1
07:06:49,0
07:06:50,1
07:06:53,0
07:06:54,1
07:06:56,0
07:06:58,1
07:07:00,0
07:07:01,1
07:07:04,0
07:07:05,1
07:07:08,0
07:07:09,1
07:07:12,0
07:07:13,1
07:07:15,0
07:07:16,1
07:07:19,0
07:07:20,1
07:07:23,0
07:07:24,1
07:07:27,0
07:07:28,1
07:07:30,0
07:07:31,1
07:07:34,0
07:07:35,1
07:07:38,0
07:07:39,1
07:07:41,0
07:07:42,1
07:07:45,0
07:07:46,1
07:07:48,0
07:07:49,1
07:07:52,0
07:07:53,1
07:07:55,0
07:07:57,1
07:07:59,0
07:08:00,1
07:08:03,0
07:08:04,1
07:08:06,0
07:08:08,1
07:08:10,0
07:08:11,1
07:08:14,0
07:08:15,1
07:08:18,0
07:08:19,1
07:08:22,0
07:08:23,1
07:08:26,0
07:08:27,1
07:08:30,0
07:08:32,1
07:08:35,0
07:08:36,1
07:08:39,0
07:08:40,1
07:08:43,0
07:08:44,1
07:08:47,0
07:08:48,1
07:08:51,0
07:08:52,1
07:08:55,0
07:08:56,1
07:08:58,0
07:08:59,1
07:09:02,0
07:09:03,1
07:09:05,0
07:09:06,1
07:09:09,0
07:09:10,1
07:09:13,0
07:09:14,1
07:09:16,0
07:09:17,1
07:09:20,0
07:09:21,1
07:09:24,0
07:09:25,1
07:09:28,0
07:09:29,1
07:09:32,0
07:09:33,1
07:09:36,0
07:09:37,1
07:09:40,0
07:09:41,1
07:09:44,0
07:09:45,1
07:09:47,0
07:09:48,1
07:09:51,0
07:09:52,1
07:09:55,0
07:09:56,1
07:09:59,0
07:10:00,1
07:10:03,0
07:10:04,1
07:10:08,0
07:10:09,1
07:10:12,0
07:10:13,1
07:10:16,0
07:10:18,1
07:10:21,0
07:10:22,1
07:10:25,0
07:10:26,1
07:10:29,0
07:10:30,1
07:10:33,0
07:10:34,1
07:10:37,0
07:10:38,1
07:10:40,0
07:10:41,1
07:10:44,0
07:10:45,1
07:10:47,0
07:10:48,1
07:10:51,0
07:10:52,1
07:10:54,0
07:10:55,1
07:10:58,0
07:11:00,1
07:11:01,0
07:11:02,1
07:11:04,0
07:11:06,1
07:11:08,0
07:11:09,1
07:11:12,0
07:11:12,1
07:11:14,0
07:11:16,1
07:11:18,0
07:11:20,1
07:11:23,0
07:11:24,1
07:11:27,0
07:11:28,1
07:11:30,0
07:11:31,1
07:11:34,0
07:11:35,1
07:11:38,0
07:11:39,1
07:11:42,0
07:11:43,1
07:11:46,0
07:11:47,1
07:11:50,0
07:11:51,1
07:11:54,0
07:11:56,1
07:11:59,0
07:12:00,1
07:12:03,0
07:12:05,1
07:12:08,0
07:12:09,1
07:12:12,0
07:12:14,1
07:12:17,0
07:12:18,1
07:12:21,0
07:12:22,1
07:12:25,0
07:12:26,1
07:12:29,0
07:12:31,1
07:12:33,0
07:12:35,1
07:12:37,0
07:12:39,1
07:12:41,0
07:12:43,1
07:12:46,0
07:12:47,1
07:12:49,0
07:12:51,1
07:12:53,0
07:12:55,1
07:12:57,0
07:12:58,1
07:13:01,0
07:13:02,1
07:13:05,0
07:13:06,1
07:13:09,0
07:13:10,1
07:13:13,0
07:13:14,1
07:13:17,0
07:13:18,1
07:13:21,0
07:13:22,1
07:13:25,0
07:13:26,1
07:13:29,0
07:13:30,1
07:13:33,0
07:13:34,1
07:13:36,0
07:13:37,1
07:13:40,0
07:13:41,1
07:13:43,0
07:13:44,1
07:13:46,0
07:13:47,1
07:13:54,0
07:13:54,1
07:13:56,0
07:13:57,1
07:13:59,0
07:14:00,1
07:14:02,0
07:14:03,1
07:14:05,0
07:14:06,1
07:14:08,0
07:14:09,1
07:14:11,0
07:14:12,1
07:14:14,0
07:14:15,1
07:14:17,0
07:14:18,1
07:14:21,0
07:14:22,1
07:14:24,0
07:14:25,1
07:14:27,0
07:14:28,1
07:14:30,0
07:14:31,1
07:14:33,0
07:14:34,1
07:14:37,0
07:14:38,1
07:14:40,0
07:14:41,1
07:14:44,0
07:14:45,1
07:14:47,0
07:14:48,1
07:14:54,0
07:14:55,1
07:14:57,0
07:14:58,1
07:15:01,0
07:15:02,1
07:15:04,0
07:15:05,1
07:15:08,0
07:15:09,1
07:15:12,0
07:15:13,1
07:15:16,0
07:15:17,1
07:15:20,0
07:15:21,1
07:15:24,0
07:15:25,1
07:15:28,0
07:15:29,1
07:15:32,0
07:15:33,1
07:15:35,0
07:15:37,1
07:15:39,0
07:15:40,1
07:15:43,0
07:15:44,1
07:15:47,0
07:15:48,1
07:15:50,0
07:15:51,1
07:15:54,0
07:15:55,1
07:15:57,0
07:15:58,1
07:16:01,0
07:16:02,1
07:16:04,0
07:16:05,1
07:16:08,0
07:16:09,1
07:16:11,0
07:16:12,1
07:16:15,0
07:16:16,1
07:16:18,0
07:16:19,1
07:16:22,0
07:16:23,1
07:16:25,0
07:16:26,1
07:16:29,0
07:16:30,1
07:16:32,0
07:16:33,1
07:16:36,0
07:16:37,1
07:16:39,0
07:16:40,1
07:16:43,0
07:16:44,1
07:16:46,0
07:16:47,1
07:16:50,0
07:16:51,1
07:16:54,0
07:16:55,1
07:16:57,0
07:16:58,1
07:17:01,0
07:17:02,1
07:17:05,0
07:17:06,1
07:17:08,0
07:17:10,1
07:17:12,0
07:17:13,1
07:17:16,0
07:17:17,1
07:17:20,0
07:17:21,1
07:17:24,0
07:17:25,1
07:17:27,0
07:17:29,1
07:17:31,0
07:17:33,1
07:17:35,0
07:17:36,1
07:17:39,0
07:17:40,1
07:17:43,0
07:17:44,1
07:17:47,0
07:17:48,1
07:17:50,0
07:17:52,1
07:17:54,0
07:17:55,1
07:17:58,0
07:17:59,1
07:18:03,0
07:18:04,1
07:18:06,0
07:18:08,1
07:18:11,0
07:18:12,1
07:18:16,0
07:18:16,1
07:18:19,0
07:18:21,1
07:18:23,0
07:18:24,1
07:18:27,0
07:18:28,1
07:18:31,0
07:18:32,1
07:18:35,0
07:18:36,1
07:18:38,0
07:18:39,1
07:18:42,0
07:18:43,1
07:18:45,0
07:18:46,1
07:18:50,0
07:18:50,1
07:18:53,0
07:18:54,1
07:18:56,0
07:18:58,1
07:19:01,0
07:19:02,1
07:19:04,0
07:19:05,1
07:19:08,0
07:19:09,1
07:19:11,0
07:19:12,1
07:19:15,0
07:19:16,1
07:19:19,0
07:19:20,1
07:19:22,0
07:19:23,1
07:19:26,0
07:19:27,1
07:19:30,0
07:19:31,1
07:19:33,0
07:19:35,1
07:19:37,0
07:19:38,1
07:19:41,0
07:19:42,1
07:19:45,0
07:19:46,1
07:19:49,0
07:19:50,1
07:19:52,0
07:19:53,1
07:19:56,0
07:19:57,1
07:20:00,0
07:20:01,1
07:20:03,0
07:20:05,1
07:20:07,0
07:20:08,1
07:20:11,0
07:20:12,1
07:20:15,0
07:20:16,1
07:20:19,0
07:20:20,1
07:20:23,0
07:20:24,1
07:20:26,0
07:20:28,1
07:20:30,0
07:20:31,1
07:20:34,0
07:20:35,1
07:20:38,0
07:20:39,1
07:20:42,0
07:20:43,1
07:20:46,0
07:20:47,1
07:20:50,0
07:20:51,1
07:20:53,0
07:20:54,1
07:20:57,0
07:20:58,1
07:21:01,0
07:21:02,1
07:21:04,0
07:21:05,1
07:21:08,0
07:21:09,1
07:21:12,0
07:21:13,1
07:21:16,0
07:21:17,1
07:21:19,0
07:21:21,1
07:21:23,0
07:21:24,1
07:21:27,0
07:21:28,1
07:21:31,0
07:21:33,1
07:21:35,0
07:21:37,1
07:21:40,0
07:21:41,1
07:21:44,0
07:21:45,1
07:21:48,0
07:21:49,1
07:21:52,0
07:21:53,1
07:21:56,0
07:21:57,1
07:22:00,0
07:22:01,1
07:22:04,0
07:22:05,1
07:22:07,0
07:22:08,1
07:22:11,0
07:22:12,1
07:22:15,0
07:22:16,1
07:22:18,0
07:22:19,1
07:22:22,0
07:22:23,1
07:22:25,0
07:22:26,1
07:22:29,0
07:22:30,1
07:22:32,0
07:22:33,1
07:22:36,0
07:22:37,1
07:22:39,0
07:22:40,1
07:22:43,0
07:22:44,1
07:22:46,0
07:22:48,1
07:22:50,0
07:22:51,1
07:22:54,0
07:22:55,1
07:22:58,0
07:22:59,1
07:23:02,0
07:23:03,1
07:23:06,0
07:23:07,1
07:23:10,0
07:23:11,1
07:23:14,0
07:23:15,1
07:23:18,0
07:23:19,1
07:23:22,0
07:23:23,1
07:23:26,0
07:23:27,1
07:23:31,0
07:23:32,1
07:23:35,0
07:23:36,1
07:23:39,0
07:23:41,1
07:23:44,0
07:23:45,1
07:23:48,0
07:23:49,1
07:23:52,0
07:23:53,1
07:23:56,0
07:23:57,1
07:24:00,0
07:24:01,1
07:24:04,0
07:24:05,1
07:24:09,0
07:24:10,1
07:24:13,0
07:24:14,1
07:24:17,0
07:24:19,1
07:24:22,0
07:24:23,1
07:24:26,0
07:24:27,1
07:24:30,0
07:24:31,1
07:24:34,0
07:24:35,1
07:24:38,0
07:24:39,1
07:24:42,0
07:24:43,1
07:24:46,0
07:24:47,1
07:24:49,0
07:24:51,1
07:24:53,0
07:24:54,1
07:24:57,0
07:24:58,1
07:25:00,0
07:25:01,1
07:25:04,0
07:25:05,1
07:25:07,0
07:25:08,1
07:25:11,0
07:25:12,1
07:25:15,0
07:25:16,1
07:25:18,0
07:25:19,1
07:25:22,0
07:25:23,1
07:25:26,0
07:25:28,1
07:25:31,0
07:25:32,1
07:25:35,0
07:25:37,1
07:25:40,0
07:25:41,1
07:25:45,0
07:25:46,1
07:25:49,0
07:25:51,1
07:25:54,0
07:25:55,1
07:25:58,0
07:25:59,1
07:26:02,0
07:26:03,1
07:26:07,0
07:26:08,1
07:26:11,0
07:26:12,1
07:26:15,0
07:26:16,1
07:26:19,0
07:26:20,1
07:26:22,0
07:26:24,1
07:26:26,0
07:26:27,1
07:26:30,0
07:26:31,1
07:26:33,0
07:26:35,1
07:26:37,0
07:26:38,1
07:26:41,0
07:26:42,1
07:26:44,0
07:26:46,1
07:26:48,0
07:26:49,1
07:26:52,0
07:26:53,1
07:26:56,0
07:26:57,1
07:26:59,0
07:27:00,1
07:27:03,0
07:27:04,1
07:27:06,0
07:27:08,1
07:27:10,0
07:27:11,1
07:27:15,0
07:27:15,1
07:27:17,0
07:27:18,1
07:27:21,0
07:27:22,1
07:27:24,0
07:27:25,1
07:27:27,0
07:27:28,1
07:27:31,0
07:27:32,1
07:27:34,0
07:27:36,1
07:27:38,0
07:27:38,1
07:27:40,0
07:27:42,1
07:27:44,0
07:27:46,1
07:27:47,0
07:27:48,1
07:27:50,0
07:27:52,1
07:27:54,0
07:27:54,1
07:27:57,0
07:27:58,1
07:28:04,0
07:28:04,1
07:28:07,0
07:28:08,1
07:28:10,0
07:28:11,1
07:28:14,0
07:28:15,1
07:28:17,0
07:28:18,1
07:28:20,0
07:28:21,1
07:28:24,0
07:28:25,1
07:28:27,0
07:28:28,1
07:28:31,0
07:28:32,1
07:28:34,0
07:28:35,1
07:28:38,0
07:28:39,1
07:28:41,0
07:28:42,1
07:28:45,0
07:28:46,1
07:28:48,0
07:28:50,1
07:28:52,0
07:28:53,1
07:28:56,0
07:28:57,1
07:28:59,0
07:29:01,1
07:29:03,0
07:29:04,1
07:29:07,0
07:29:08,1
07:29:11,0
07:29:12,1
07:29:14,0
07:29:16,1
07:29:18,0
07:29:19,1
07:29:22,0
07:29:23,1
07:29:26,0
07:29:27,1
07:29:29,0
07:29:31,1
07:29:33,0
07:29:34,1
07:29:37,0
07:29:38,1
07:29:40,0
07:29:41,1
07:29:44,0
07:29:45,1
07:29:47,0
07:29:48,1
07:29:51,0
07:29:52,1
07:29:54,0
07:29:55,1
07:29:58,0
07:29:59,1
07:30:01,0
07:30:02,1
07:30:04,0
07:30:05,1
07:30:08,0
07:30:09,1
07:30:11,0
07:30:12,1
07:30:15,0
07:30:16,1
07:30:18,0
07:30:19,1
07:30:21,0
07:30:22,1
07:30:25,0
07:30:26,1
07:30:28,0
07:30:29,1
07:30:32,0
07:30:33,1
07:30:35,0
07:30:36,1
07:30:38,0
07:30:39,1
07:30:42,0
07:30:43,1
07:30:45,0
07:30:46,1
07:30:48,0
07:30:49,1
07:30:52,0
07:30:53,1
07:30:55,0
07:30:56,1
07:30:58,0
07:30:59,1
07:31:01,0
07:31:02,1
07:31:04,0
07:31:05,1
07:31:08,0
07:31:09,1
07:31:11,0
07:31:12,1
07:31:14,0
07:31:15,1
07:31:17,0
07:31:18,1
07:31:20,0
07:31:21,1
07:31:23,0
07:31:24,1
07:31:26,0
07:31:27,1
07:31:29,0
07:31:30,1
07:31:34,0
07:31:35,1
07:31:37,0
07:31:38,1
07:31:40,0
07:31:41,1
07:31:45,0
07:31:46,1
07:31:50,0
07:31:51,1
07:31:55,0
07:31:56,1
07:31:57,0
07:31:58,1
07:32:00,0
07:32:01,1
07:32:02,0
07:32:03,1
07:32:07,0
07:32:08,1
07:32:12,0
07:32:13,1
07:32:14,0
07:32:15,1
07:32:17,0
07:32:18,1
07:32:22,0
07:32:23,1
07:32:25,0
07:32:26,1
07:32:28,0
07:32:29,1
07:32:31,0
07:32:32,1
07:32:34,0
07:32:35,1
07:32:37,0
07:32:38,1
07:32:40,0
07:32:41,1
07:32:43,0
07:32:44,1
07:32:46,0
07:32:47,1
07:32:49,0
07:32:50,1
07:32:52,0
07:32:53,1
07:32:56,0
07:32:57,1
07:32:59,0
07:33:00,1
07:33:02,0
07:33:03,1
07:33:05,0
07:33:06,1
07:33:09,0
07:33:10,1
07:33:12,0
07:33:13,1
07:33:15,0
07:33:16,1
07:33:18,0
07:33:19,1
07:33:22,0
07:33:23,1
07:33:25,0
07:33:26,1
07:33:28,0
07:33:29,1
07:33:32,0
07:33:33,1
07:33:35,0
07:33:36,1
07:33:39,0
07:33:40,1
07:33:42,0
07:33:43,1
07:33:46,0
07:33:48,1
07:33:49,0
07:33:50,1
07:33:54,0
07:33:54,1
07:33:58,0
07:33:58,1
07:34:02,0
07:34:03,1
07:34:06,0
07:34:07,1
07:34:10,0
07:34:11,1
07:34:14,0
07:34:15,1
07:34:18,0
07:34:19,1
07:34:22,0
07:34:24,1
07:34:27,0
07:34:28,1
07:34:32,0
07:34:33,1
07:34:36,0
07:34:38,1
07:34:41,0
07:34:42,1
07:34:46,0
07:34:47,1
07:34:50,0
07:34:51,1
07:34:55,0
07:34:56,1
07:34:59,0
07:35:00,1
07:35:03,0
07:35:05,1
07:35:08,0
07:35:10,1
07:35:13,0
07:35:14,1
07:35:18,0
07:35:19,1
07:35:23,0
07:35:24,1
07:35:27,0
07:35:28,1
07:35:31,0
07:35:32,1
07:35:35,0
07:35:36,1
07:35:39,0
07:35:40,1
07:35:43,0
07:35:44,1
07:35:47,0
07:35:48,1
07:35:51,0
07:35:53,1
07:35:56,0
07:35:57,1
07:36:00,0
07:36:01,1
07:36:04,0
07:36:05,1
07:36:09,0
07:36:10,1
07:36:13,0
07:36:14,1
07:36:17,0
07:36:19,1
07:36:22,0
07:36:23,1
07:36:26,0
07:36:27,1
07:36:30,0
07:36:31,1
07:36:34,0
07:36:35,1
07:36:38,0
07:36:39,1
07:36:42,0
07:36:43,1
07:36:46,0
07:36:47,1
07:36:50,0
07:36:51,1
07:36:54,0
07:36:55,1
07:36:58,0
07:36:59,1
07:37:02,0
07:37:03,1
07:37:06,0
07:37:07,1
07:37:10,0
07:37:11,1
07:37:14,0
07:37:16,1
07:37:19,0
07:37:20,1
07:37:23,0
07:37:24,1
07:37:27,0
07:37:29,1
07:37:32,0
07:37:33,1
07:37:37,0
07:37:38,1
07:37:41,0
07:37:43,1
07:37:46,0
07:37:47,1
07:37:51,0
07:37:52,1
07:37:56,0
07:37:57,1
07:38:01,0
07:38:02,1
07:38:06,0
07:38:07,1
07:38:11,0
07:38:13,1
07:38:16,0
07:38:18,1
07:38:21,0
07:38:22,1
07:38:25,0
07:38:27,1
07:38:30,0
07:38:31,1
07:38:34,0
07:38:36,1
07:38:39,0
07:38:41,1
07:38:44,0
07:38:45,1
07:38:49,0
07:38:50,1
07:38:54,0
07:38:55,1
07:38:59,0
07:39:01,1
07:39:04,0
07:39:06,1
07:39:09,0
07:39:11,1
07:39:14,0
07:39:16,1
07:39:19,0
07:39:20,1
07:39:24,0
07:39:25,1
07:39:28,0
07:39:29,1
07:39:33,0
07:39:34,1
07:39:37,0
07:39:39,1
07:39:42,0
07:39:43,1
07:39:47,0
07:39:48,1
07:39:51,0
07:39:52,1
07:39:55,0
07:39:56,1
07:39:59,0
07:40:01,1
07:40:04,0
07:40:05,1
07:40:08,0
07:40:09,1
07:40:13,0
07:40:14,1
07:40:17,0
07:40:18,1
07:40:21,0
07:40:22,1
07:40:25,0
07:40:26,1
07:40:29,0
07:40:30,1
07:40:33,0
07:40:35,1
07:40:37,0
07:40:39,1
07:40:41,0
07:40:42,1
07:40:45,0
07:40:46,1
07:40:49,0
07:40:50,1
07:40:53,0
07:40:54,1
07:40:57,0
07:40:59,1
07:41:02,0
07:41:03,1
07:41:06,0
07:41:07,1
07:41:10,0
07:41:12,1
07:41:15,0
07:41:16,1
07:41:19,0
07:41:20,1
07:41:24,0
07:41:25,1
07:41:28,0
07:41:30,1
07:41:33,0
07:41:35,1
07:41:38,0
07:41:40,1
07:41:43,0
07:41:44,1
07:41:48,0
07:41:49,1
07:41:52,0
07:41:54,1
07:41:57,0
07:41:59,1
07:42:02,0
07:42:04,1
07:42:07,0
07:42:09,1
07:42:12,0
07:42:14,1
07:42:17,0
07:42:19,1
07:42:23,0
07:42:24,1
07:42:28,0
07:42:29,1
07:42:33,0
07:42:35,1
07:42:38,0
07:42:39,1
07:42:43,0
07:42:44,1
07:42:47,0
07:42:49,1
07:42:52,0
07:42:53,1
07:42:56,0
07:42:57,1
07:43:00,0
07:43:01,1
07:43:04,0
07:43:06,1
07:43:09,0
07:43:10,1
07:43:14,0
07:43:15,1
07:43:18,0
07:43:20,1
07:43:23,0
07:43:25,1
07:43:28,0
07:43:29,1
07:43:33,0
07:43:34,1
07:43:37,0
07:43:38,1
07:43:41,0
07:43:43,1
07:43:46,0
07:43:47,1
07:43:50,0
07:43:52,1
07:43:55,0
07:43:56,1
07:43:59,0
07:44:01,1
07:44:04,0
07:44:05,1
07:44:08,0
07:44:09,1
07:44:12,0
07:44:14,1
07:44:17,0
07:44:18,1
07:44:21,0
07:44:22,1
07:44:25,0
07:44:27,1
07:44:30,0
07:44:31,1
07:44:34,0
07:44:35,1
07:44:39,0
07:44:40,1
07:44:43,0
07:44:44,1
07:44:47,0
07:44:49,1
07:44:52,0
07:44:53,1
07:44:56,0
07:44:58,1
07:45:01,0
07:45:02,1
07:45:05,0
07:45:07,1
07:45:10,0
07:45:11,1
07:45:14,0
07:45:16,1
07:45:19,0
07:45:20,1
07:45:24,0
07:45:25,1
07:45:28,0
07:45:30,1
07:45:33,0
07:45:35,1
07:45:38,0
07:45:39,1
07:45:43,0
07:45:44,1
07:45:47,0
07:45:49,1
07:45:52,0
07:45:54,1
07:45:57,0
07:45:59,1
07:46:02,0
07:46:04,1
07:46:08,0
07:46:09,1
07:46:13,0
07:46:14,1
07:46:18,0
07:46:19,1
07:46:23,0
07:46:24,1
07:46:28,0
07:46:29,1
07:46:33,0
07:46:34,1
07:46:38,0
07:46:39,1
07:46:43,0
07:46:44,1
07:46:48,0
07:46:49,1
07:46:52,0
07:46:54,1
07:46:57,0
07:46:58,1
07:47:02,0
07:47:03,1
07:47:06,0
07:47:08,1
07:47:11,0
07:47:12,1
07:47:15,0
07:47:17,1
07:47:20,0
07:47:21,1
07:47:24,0
07:47:26,1
07:47:29,0
07:47:30,1
07:47:33,0
07:47:34,1
07:47:37,0
07:47:38,1
07:47:41,0
07:47:42,1
07:47:45,0
07:47:46,1
07:47:49,0
07:47:50,1
07:47:52,0
07:47:53,1
07:47:56,0
07:47:57,1
07:48:00,0
07:48:01,1
07:48:03,0
07:48:05,1
07:48:07,0
07:48:08,1
07:48:11,0
07:48:12,1
07:48:15,0
07:48:16,1
07:48:19,0
07:48:20,1
07:48:22,0
07:48:23,1
07:48:26,0
07:48:27,1
07:48:30,0
07:48:31,1
07:48:34,0
07:48:35,1
07:48:38,0
07:48:40,1
07:48:43,0
07:48:44,1
07:48:47,0
07:48:48,1
07:48:52,0
07:48:53,1
07:48:56,0
07:48:58,1
07:49:01,0
07:49:03,1
07:49:06,0
07:49:08,1
07:49:11,0
07:49:13,1
07:49:16,0
07:49:18,1
07:49:21,0
07:49:23,1
07:49:26,0
07:49:28,1
07:49:31,0
07:49:33,1
07:49:36,0
07:49:38,1
07:49:41,0
07:49:42,1
07:49:46,0
07:49:47,1
07:49:50,0
07:49:51,1
07:49:54,0
07:49:56,1
07:49:59,0
07:50:00,1
07:50:03,0
07:50:04,1
07:50:07,0
07:50:08,1
07:50:11,0
07:50:12,1
07:50:15,0
07:50:17,1
07:50:20,0
07:50:21,1
07:50:24,0
07:50:25,1
07:50:28,0
07:50:29,1
07:50:32,0
07:50:33,1
07:50:36,0
07:50:37,1
07:50:40,0
07:50:41,1
07:50:44,0
07:50:45,1
07:50:48,0
07:50:49,1
07:50:52,0
07:50:53,1
07:50:56,0
07:50:57,1
07:51:00,0
07:51:01,1
07:51:04,0
07:51:05,1
07:51:08,0
07:51:09,1
07:51:12,0
07:51:13,1
07:51:16,0
07:51:17,1
07:51:19,0
07:51:21,1
07:51:24,0
07:51:24,1
07:51:28,0
07:51:28,1
07:51:32,0
07:51:32,1
07:51:36,0
07:51:36,1
07:51:40,0
07:51:40,1
07:51:44,0
07:51:44,1
07:51:48,0
07:51:48,1
07:51:50,0
07:51:52,1
07:51:54,0
07:51:56,1
07:51:58,0
07:52:00,1
07:52:03,0
07:52:04,1
07:52:07,0
07:52:08,1
07:52:11,0
07:52:12,1
07:52:15,0
07:52:17,1
07:52:20,0
07:52:21,1
07:52:24,0
07:52:26,1
07:52:29,0
07:52:31,1
07:52:34,0
07:52:35,1
07:52:39,0
07:52:40,1
07:52:44,0
07:52:45,1
07:52:49,0
07:52:50,1
07:52:54,0
07:52:55,1
07:52:59,0
07:53:00,1
07:53:04,0
07:53:06,1
07:53:09,0
07:53:11,1
07:53:15,0
07:53:16,1
07:53:20,0
07:53:21,1
07:53:25,0
07:53:26,1
07:53:30,0
07:53:32,1
07:53:35,0
07:53:36,1
07:53:40,0
07:53:41,1
07:53:44,0
07:53:45,1
07:53:48,0
07:53:50,1
07:53:53,0
07:53:54,1
07:53:57,0
07:53:58,1
07:54:01,0
07:54:02,1
07:54:05,0
07:54:06,1
07:54:09,0
07:54:10,1
07:54:12,0
07:54:14,1
07:54:16,0
07:54:17,1
07:54:20,0
07:54:21,1
07:54:24,0
07:54:25,1
07:54:27,0
07:54:28,1
07:54:31,0
07:54:32,1
07:54:34,0
07:54:35,1
07:54:38,0
07:54:39,1
07:54:41,0
07:54:42,1
07:54:45,0
07:54:46,1
07:54:49,0
07:54:50,1
07:54:52,0
07:54:53,1
07:54:56,0
07:54:57,1
07:55:00,0
07:55:01,1
07:55:04,0
07:55:05,1
07:55:08,0
07:55:09,1
07:55:12,0
07:55:13,1
07:55:16,0
07:55:17,1
07:55:20,0
07:55:22,1
07:55:24,0
07:55:26,1
07:55:29,0
07:55:30,1
07:55:33,0
07:55:34,1
07:55:37,0
07:55:38,1
07:55:40,0
07:55:41,1
07:55:44,0
07:55:45,1
07:55:47,0
07:55:48,1
07:55:51,0
07:55:52,1
07:55:54,0
07:55:55,1
07:55:57,0
07:55:58,1
07:56:00,0
07:56:01,1
07:56:04,0
07:56:05,1
07:56:07,0
07:56:08,1
07:56:10,0
07:56:11,1
07:56:13,0
07:56:14,1
07:56:17,0
07:56:18,1
07:56:20,0
07:56:21,1
07:56:23,0
07:56:24,1
07:56:26,0
07:56:27,1
07:56:30,0
07:56:31,1
07:56:33,0
07:56:34,1
07:56:36,0
07:56:38,1
07:56:40,0
07:56:41,1
07:56:44,0
07:56:45,1
07:56:47,0
07:56:48,1
07:56:51,0
07:56:52,1
07:56:55,0
07:56:56,1
07:56:59,0
07:57:00,1
07:57:02,0
07:57:03,1
07:57:06,0
07:57:07,1
07:57:10,0
07:57:11,1
07:57:14,0
07:57:15,1
07:57:18,0
07:57:19,1
07:57:21,0
07:57:23,1
07:57:25,0
07:57:26,1
07:57:29,0
07:57:30,1
07:57:33,0
07:57:34,1
07:57:37,0
07:57:38,1
07:57:40,0
07:57:42,1
07:57:44,0
07:57:45,1
07:57:48,0
07:57:49,1
07:57:52,0
07:57:53,1
07:57:55,0
07:57:56,1
07:57:59,0
07:58:00,1
07:58:03,0
07:58:04,1
07:58:06,0
07:58:07,1
07:58:10,0
07:58:11,1
07:58:14,0
07:58:15,1
07:58:17,0
07:58:19,1
07:58:21,0
07:58:22,1
07:58:25,0
07:58:26,1
07:58:29,0
07:58:30,1
07:58:33,0
07:58:35,1
07:58:37,0
07:58:39,1
07:58:41,0
07:58:43,1
07:58:46,0
07:58:47,1
07:58:50,0
07:58:51,1
07:58:54,0
07:58:55,1
07:58:58,0
07:58:59,1
07:59:02,0
07:59:03,1
07:59:06,0
07:59:07,1
07:59:10,0
07:59:12,1
07:59:15,0
07:59:16,1
07:59:19,0
07:59:20,1
07:59:23,0
07:59:25,1
07:59:28,0
07:59:30,1
07:59:33,0
07:59:34,1
07:59:37,0
07:59:39,1
07:59:42,0
07:59:43,1
07:59:46,0
07:59:48,1
07:59:51,0
07:59:52,1
07:59:55,0
07:59:56,1
07:59:59,0
08:00:01,1
08:00:04,0
08:00:05,1
08:00:08,0
08:00:09,1
08:00:12,0
08:00:13,1
08:00:15,0
08:00:16,1
08:00:19,0
08:00:20,1
08:00:22,0
08:00:23,1
08:00:26,0
08:00:27,1
08:00:30,0
08:00:31,1
08:00:34,0
08:00:35,1
08:00:38,0
08:00:39,1
08:00:42,0
08:00:43,1
08:00:46,0
08:00:47,1
08:00:50,0
08:00:51,1
08:00:54,0
08:00:55,1
08:00:58,0
08:00:59,1
08:01:02,0
08:01:04,1
08:01:07,0
08:01:08,1
08:01:11,0
08:01:13,1
08:01:16,0
08:01:17,1
08:01:20,0
08:01:22,1
08:01:25,0
08:01:26,1
08:01:30,0
08:01:31,1
08:01:34,0
08:01:36,1
08:01:39,0
08:01:41,1
08:01:45,0
08:01:46,1
08:01:50,0
08:01:51,1
08:01:55,0
08:01:57,1
08:02:00,0
08:02:02,1
08:02:05,0
08:02:07,1
08:02:10,0
08:02:11,1
08:02:14,0
08:02:16,1
08:02:19,0
08:02:20,1
08:02:23,0
08:02:25,1
08:02:28,0
08:02:29,1
08:02:32,0
08:02:33,1
08:02:36,0
08:02:37,1
08:02:40,0
08:02:42,1
08:02:44,0
08:02:46,1
08:02:48,0
08:02:50,1
08:02:52,0
08:02:54,1
08:02:56,0
08:02:58,1
08:03:00,0
08:03:01,1
08:03:04,0
08:03:06,1
08:03:08,0
08:03:09,1
08:03:12,0
08:03:14,1
08:03:16,0
08:03:17,1
08:03:20,0
08:03:22,1
08:03:24,0
08:03:24,1
08:03:28,0
08:03:28,1
08:03:30,0
08:03:32,1
08:03:34,0
08:03:36,1
08:03:38,0
08:03:39,1
08:03:42,0
08:03:43,1
08:03:46,0
08:03:47,1
08:03:50,0
08:03:51,1
08:03:54,0
08:03:55,1
08:03:58,0
08:03:59,1
08:04:02,0
08:04:03,1
08:04:06,0
08:04:08,1
08:04:11,0
08:04:12,1
08:04:15,0
08:04:16,1
08:04:20,0
08:04:21,1
08:04:24,0
08:04:25,1
08:04:28,0
08:04:29,1
08:04:32,0
08:04:33,1
08:04:36,0
08:04:37,1
08:04:40,0
08:04:41,1
08:04:44,0
08:04:45,1
08:04:48,0
08:04:49,1
08:04:52,0
08:04:53,1
08:04:55,0
08:04:56,1
08:04:59,0
08:05:00,1
08:05:03,0
08:05:04,1
08:05:07,0
08:05:09,1
08:05:12,0
08:05:13,1
08:05:16,0
08:05:17,1
08:05:20,0
08:05:22,1
08:05:25,0
08:05:26,1
08:05:29,0
08:05:30,1
08:05:33,0
08:05:34,1
08:05:37,0
08:05:38,1
08:05:41,0
08:05:42,1
08:05:45,0
08:05:46,1
08:05:49,0
08:05:50,1
08:05:53,0
08:05:54,1
08:05:57,0
08:05:58,1
08:06:01,0
08:06:02,1
08:06:06,0
08:06:07,1
08:06:10,0
08:06:12,1
08:06:15,0
08:06:16,1
08:06:20,0
08:06:21,1
08:06:24,0
08:06:26,1
08:06:29,0
08:06:30,1
08:06:34,0
08:06:35,1
08:06:38,0
08:06:40,1
08:06:43,0
08:06:44,1
08:06:47,0
08:06:51,0
08:06:52,1
08:06:55,0
08:06:57,1
08:06:59,0
08:07:01,1
08:07:03,0
08:07:04,1
08:07:07,0
08:07:08,1
08:07:11,0
08:07:12,1
08:07:14,0
08:07:16,1
08:07:18,0
08:07:20,1
08:07:22,0
08:07:24,1
08:07:27,0
08:07:28,1
08:07:31,0
08:07:32,1
08:07:35,0
08:07:37,1
08:07:40,0
08:07:41,1
08:07:45,0
08:07:46,1
08:07:50,0
08:07:51,1
08:07:55,0
08:07:56,1
08:08:00,0
08:08:01,1
08:08:05,0
08:08:06,1
08:08:09,0
08:08:11,1
08:08:14,0
08:08:15,1
08:08:18,0
08:08:19,1
08:08:22,0
08:08:24,1
08:08:26,0
08:08:28,1
08:08:31,0
08:08:32,1
08:08:35,0
08:08:36,1
08:08:39,0
08:08:40,1
08:08:43,0
08:08:44,1
08:08:47,0
08:08:48,1
08:08:51,0
08:08:52,1
08:08:55,0
08:08:56,1
08:08:59,0
08:09:00,1
08:09:03,0
08:09:04,1
08:09:06,0
08:09:08,1
08:09:10,0
08:09:11,1
08:09:14,0
08:09:15,1
08:09:17,0
08:09:19,1
08:09:21,0
08:09:22,1
08:09:25,0
08:09:26,1
08:09:28,0
08:09:29,1
08:09:32,0
08:09:33,1
08:09:35,0
08:09:36,1
08:09:39,0
08:09:40,1
08:09:42,0
08:09:43,1
08:09:45,0
08:09:46,1
08:09:48,0
08:09:49,1
08:09:52,0
08:09:53,1
08:09:55,0
08:09:56,1
08:09:59,0
08:10:00,1
08:10:02,0
08:10:04,1
08:10:06,0
08:10:07,1
08:10:10,0
08:10:11,1
08:10:14,0
08:10:15,1
08:10:18,0
08:10:19,1
08:10:22,0
08:10:23,1
08:10:26,0
08:10:27,1
08:10:29,0
08:10:31,1
08:10:33,0
08:10:34,1
08:10:37,0
08:10:38,1
08:10:41,0
08:10:42,1
08:10:45,0
08:10:46,1
08:10:48,0
08:10:49,1
08:10:52,0
08:10:53,1
08:10:56,0
08:10:57,1
08:10:59,0
08:11:01,1
08:11:03,0
08:11:04,1
08:11:07,0
08:11:08,1
08:11:10,0
08:11:12,1
08:11:14,0
08:11:15,1
08:11:18,0
08:11:19,1
08:11:22,0
08:11:23,1
08:11:26,0
08:11:27,1
08:11:30,0
08:11:31,1
08:11:34,0
08:11:35,1
08:11:38,0
08:11:39,1
08:11:42,0
08:11:43,1
08:11:46,0
08:11:47,1
08:11:50,0
08:11:51,1
08:11:54,0
08:11:55,1
08:11:58,0
08:11:59,1
08:12:02,0
08:12:03,1
08:12:06,0
08:12:08,1
08:12:11,0
08:12:12,1
08:12:15,0
08:12:17,1
08:12:20,0
08:12:21,1
08:12:25,0
08:12:26,1
08:12:30,0
08:12:32,1
08:12:35,0
08:12:37,1
08:12:41,0
08:12:42,1
08:12:46,0
08:12:48,1
08:12:51,0
08:12:53,1
08:12:56,0
08:12:58,1
08:13:01,0
08:13:02,1
08:13:06,0
08:13:07,1
08:13:10,0
08:13:12,1
08:13:15,0
08:13:16,1
08:13:19,0
08:13:20,1
08:13:23,0
08:13:24,1
08:13:27,0
08:13:28,1
08:13:31,0
08:13:32,1
08:13:35,0
08:13:36,1
08:13:39,0
08:13:40,1
08:13:43,0
08:13:44,1
08:13:46,0
08:13:48,1
08:13:50,0
08:13:51,1
08:13:54,0
08:13:55,1
08:13:57,0
08:13:58,1
08:14:00,0
08:14:02,1
08:14:04,0
08:14:05,1
08:14:08,0
08:14:10,1
08:14:12,0
08:14:12,1
08:14:16,0
08:14:16,1
08:14:19,0
08:14:20,1
08:14:23,0
08:14:24,1
08:14:27,0
08:14:28,1
08:14:31,0
08:14:33,1
08:14:36,0
08:14:37,1
08:14:40,0
08:14:41,1
08:14:44,0
08:14:46,1
08:14:49,0
08:14:51,1
08:14:54,0
08:14:56,1
08:14:59,0
08:15:01,1
08:15:04,0
08:15:05,1
08:15:08,0
08:15:10,1
08:15:13,0
08:15:14,1
08:15:17,0
08:15:19,1
08:15:21,0
08:15:23,1
08:15:26,0
08:15:27,1
08:15:30,0
08:15:31,1
08:15:34,0
08:15:35,1
08:15:37,0
08:15:39,1
08:15:41,0
08:15:42,1
08:15:45,0
08:15:46,1
08:15:49,0
08:15:50,1
08:15:52,0
08:15:54,1
08:15:56,0
08:15:58,1
08:16:00,0
08:16:02,1
08:16:04,0
08:16:06,1
08:16:08,0
08:16:10,1
08:16:12,0
08:16:14,1
08:16:16,0
08:16:18,1
08:16:20,0
08:16:22,1
08:16:25,0
08:16:26,1
08:16:29,0
08:16:30,1
08:16:34,0
08:16:35,1
08:16:38,0
08:16:40,1
08:16:43,0
08:16:44,1
08:16:48,0
08:16:49,1
08:16:53,0
08:16:54,1
08:16:57,0
08:16:59,1
08:17:02,0
08:17:04,1
08:17:07,0
08:17:09,1
08:17:12,0
08:17:13,1
08:17:16,0
08:17:18,1
08:17:21,0
08:17:23,1
08:17:26,0
08:17:28,1
08:17:31,0
08:17:32,1
08:17:35,0
08:17:37,1
08:17:40,0
08:17:41,1
08:17:44,0
08:17:45,1
08:17:48,0
08:17:50,1
08:17:52,0
08:17:54,1
08:17:56,0
08:17:58,1
08:18:01,0
08:18:02,1
08:18:05,0
08:18:06,1
08:18:09,0
08:18:10,1
08:18:13,0
08:18:15,1
08:18:18,0
08:18:19,1
08:18:23,0
08:18:24,1
08:18:27,0
08:18:29,1
08:18:32,0
08:18:34,1
08:18:37,0
08:18:39,1
08:18:42,0
08:18:44,1
08:18:47,0
08:18:49,1
08:18:52,0
08:18:53,1
08:18:57,0
08:18:58,1
08:19:01,0
08:19:03,1
08:19:06,0
08:19:07,1
08:19:10,0
08:19:11,1
08:19:14,0
08:19:15,1
08:19:18,0
08:19:19,1
08:19:22,0
08:19:23,1
08:19:25,0
08:19:26,1
08:19:29,0
08:19:30,1
08:19:33,0
08:19:34,1
08:19:36,0
08:19:37,1
08:19:40,0
08:19:41,1
08:19:43,0
08:19:44,1
08:19:47,0
08:19:48,1
08:19:50,0
08:19:51,1
08:19:54,0
08:19:55,1
08:19:57,0
08:19:58,1
08:20:01,0
08:20:02,1
08:20:04,0
08:20:05,1
08:20:08,0
08:20:09,1
08:20:11,0
08:20:12,1
08:20:15,0
08:20:16,1
08:20:19,0
08:20:20,1
08:20:23,0
08:20:24,1
08:20:27,0
08:20:28,1
08:20:31,0
08:20:32,1
08:20:35,0
08:20:36,1
08:20:39,0
08:20:41,1
08:20:44,0
08:20:45,1
08:20:48,0
08:20:50,1
08:20:53,0
08:20:55,1
08:20:58,0
08:21:00,1
08:21:03,0
08:21:05,1
08:21:08,0
08:21:10,1
08:21:13,0
08:21:15,1
08:21:18,0
08:21:19,1
08:21:22,0
08:21:24,1
08:21:27,0
08:21:28,1
08:21:32,0
08:21:33,1
08:21:36,0
08:21:37,1
08:21:40,0
08:21:42,1
08:21:45,0
08:21:46,1
08:21:49,0
08:21:51,1
08:21:54,0
08:21:55,1
08:21:58,0
08:21:59,1
08:22:02,0
08:22:03,1
08:22:06,0
08:22:07,1
08:22:09,0
08:22:11,1
08:22:13,0
08:22:15,1
08:22:17,0
08:22:19,1
08:22:21,0
08:22:22,1
08:22:25,0
08:22:26,1
08:22:28,0
08:22:29,1
08:22:31,0
08:22:32,1
08:22:35,0
08:22:36,1
08:22:38,0
08:22:39,1
08:22:41,0
08:22:42,1
08:22:44,0
08:22:45,1
08:22:47,0
08:22:48,1
08:22:50,0
08:22:51,1
08:22:53,0
08:22:54,1
08:22:56,0
08:22:57,1
08:23:01,0
08:23:02,1
08:23:04,0
08:23:05,1
08:23:07,0
08:23:08,1
08:23:12,0
08:23:13,1
08:23:15,0
08:23:16,1
08:23:18,0
08:23:19,1
08:23:23,0
08:23:24,1
08:23:26,0
08:23:27,1
08:23:29,0
08:23:30,1
08:23:31,0
08:23:32,1
08:23:34,0
08:23:35,1
08:23:37,0
08:23:38,1
08:23:40,0
08:23:41,1
08:23:43,0
08:23:44,1
08:23:46,0
08:23:47,1
08:23:49,0
08:23:50,1
08:23:52,0
08:23:53,1
08:23:55,0
08:23:56,1
08:23:58,0
08:23:59,1
08:24:01,0
08:24:02,1
08:24:04,0
08:24:05,1
08:24:07,0
08:24:08,1
08:24:11,0
08:24:12,1
08:24:14,0
08:24:15,1
08:24:17,0
08:24:18,1
08:24:20,0
08:24:21,1
08:24:23,0
08:24:24,1
08:24:27,0
08:24:28,1
08:24:30,0
08:24:31,1
08:24:34,0
08:24:35,1
08:24:37,0
08:24:38,1
08:24:41,0
08:24:42,1
08:24:45,0
08:24:46,1
08:24:48,0
08:24:49,1
08:24:52,0
08:24:53,1
08:24:55,0
08:24:56,1
08:24:59,0
08:25:00,1
08:25:02,0
08:25:03,1
08:25:06,0
08:25:07,1
08:25:10,0
08:25:12,1
08:25:14,0
08:25:16,1
08:25:18,0
08:25:20,1
08:25:22,0
08:25:24,1
08:25:26,0
08:25:28,1
08:25:31,0
08:25:32,1
08:25:36,0
08:25:37,1
08:25:40,0
08:25:42,1
08:25:45,0
08:25:47,1
08:25:50,0
08:25:51,1
08:25:54,0
08:25:55,1
08:25:59,0
08:26:00,1
08:26:03,0
08:26:04,1
08:26:08,0
08:26:09,1
08:26:12,0
08:26:14,1
08:26:17,0
08:26:18,1
08:26:22,0
08:26:23,1
08:26:26,0
08:26:27,1
08:26:31,0
08:26:32,1
08:26:35,0
08:26:37,1
08:26:40,0
08:26:42,1
08:26:45,0
08:26:46,1
08:26:49,0
08:26:51,1
08:26:54,0
08:26:55,1
08:26:58,0
08:26:59,1
08:27:02,0
08:27:04,1
08:27:07,0
08:27:08,1
08:27:11,0
08:27:12,1
08:27:14,0
08:27:16,1
08:27:18,0
08:27:19,1
08:27:22,0
08:27:23,1
08:27:26,0
08:27:27,1
08:27:29,0
08:27:30,1
08:27:33,0
08:27:34,1
08:27:37,0
08:27:38,1
08:27:40,0
08:27:41,1
08:27:44,0
08:27:45,1
08:27:47,0
08:27:48,1
08:27:50,0
08:27:51,1
08:27:53,0
08:27:54,1
08:27:57,0
08:27:58,1
08:28:00,0
08:28:01,1
08:28:03,0
08:28:04,1
08:28:06,0
08:28:07,1
08:28:09,0
08:28:10,1
08:28:12,0
08:28:13,1
08:28:15,0
08:28:16,1
08:28:18,0
08:28:19,1
08:28:21,0
08:28:22,1
08:28:24,0
08:28:25,1
08:28:27,0
08:28:28,1
08:28:30,0
08:28:31,1
08:28:33,0
08:28:34,1
08:28:36,0
08:28:37,1
08:28:39,0
08:28:40,1
08:28:42,0
08:28:43,1
08:28:46,0
08:28:47,1
08:28:49,0
08:28:50,1
08:28:52,0
08:28:53,1
08:28:56,0
08:28:57,1
08:28:59,0
08:29:00,1
08:29:02,0
08:29:04,1
08:29:06,0
08:29:07,1
08:29:09,0
08:29:10,1
08:29:13,0
08:29:14,1
08:29:16,0
08:29:17,1
08:29:19,0
08:29:20,1
08:29:23,0
08:29:24,1
08:29:26,0
08:29:27,1
08:29:29,0
08:29:31,1
08:29:33,0
08:29:34,1
08:29:36,0
08:29:37,1
08:29:40,0
08:29:41,1
08:29:43,0
08:29:44,1
08:29:47,0
08:29:48,1
08:29:50,0
08:29:51,1
08:29:54,0
08:29:55,1
08:29:58,0
08:29:59,1
08:30:01,0
08:30:02,1
08:30:05,0
08:30:06,1
08:30:09,0
08:30:10,1
08:30:12,0
08:30:14,1
08:30:16,0
08:30:17,1
08:30:20,0
08:30:21,1
08:30:24,0
08:30:25,1
08:30:28,0
08:30:29,1
08:30:32,0
08:30:34,1
08:30:37,0
08:30:38,1
08:30:41,0
08:30:42,1
08:30:45,0
08:30:47,1
08:30:50,0
08:30:51,1
08:30:54,0
08:30:55,1
08:30:58,0
08:30:59,1
08:31:02,0
08:31:03,1
08:31:06,0
08:31:07,1
08:31:09,0
08:31:10,1
08:31:13,0
08:31:14,1
08:31:16,0
08:31:17,1
08:31:19,0
08:31:20,1
08:31:23,0
08:31:24,1
08:31:26,0
08:31:27,1
08:31:29,0
08:31:30,1
08:31:33,0
08:31:34,1
08:31:36,0
08:31:37,1
08:31:39,0
08:31:40,1
08:31:42,0
08:31:43,1
08:31:45,0
08:31:46,1
08:31:49,0
08:31:50,1
08:31:52,0
08:31:53,1
08:31:55,0
08:31:56,1
08:31:58,0
08:31:59,1
08:32:02,0
08:32:03,1
08:32:05,0
08:32:06,1
08:32:08,0
08:32:09,1
08:32:12,0
08:32:13,1
08:32:15,0
08:32:16,1
08:32:19,0
08:32:20,1
08:32:22,0
08:32:23,1
08:32:26,0
08:32:27,1
08:32:30,0
08:32:31,1
08:32:34,0
08:32:35,1
08:32:37,0
08:32:39,1
08:32:41,0
08:32:43,1
08:32:45,0
08:32:47,1
08:32:49,0
08:32:51,1
08:32:54,0
08:32:55,1
08:32:58,0
08:32:59,1
08:33:02,0
08:33:03,1
08:33:05,0
08:33:07,1
08:33:09,0
08:33:10,1
08:33:13,0
08:33:14,1
08:33:17,0
08:33:18,1
08:33:21,0
08:33:22,1
08:33:25,0
08:33:26,1
08:33:29,0
08:33:30,1
08:33:32,0
08:33:33,1
08:33:36,0
08:33:37,1
08:33:39,0
08:33:40,1
08:33:43,0
08:33:44,1
08:33:48,0
08:33:48,1
08:33:50,0
08:33:52,1
08:33:54,0
08:33:56,1
08:33:57,0
08:33:58,1
08:34:02,0
08:34:02,1
08:34:06,0
08:34:07,1
08:34:09,0
08:34:10,1
08:34:13,0
08:34:14,1
08:34:16,0
08:34:18,1
08:34:20,0
08:34:22,1
08:34:24,0
08:34:26,1
08:34:29,0
08:34:30,1
08:34:33,0
08:34:34,1
08:34:37,0
08:34:38,1
08:34:41,0
08:34:42,1
08:34:45,0
08:34:46,1
08:34:49,0
08:34:51,1
08:34:53,0
08:34:55,1
08:34:57,0
08:34:58,1
08:35:01,0
08:35:02,1
08:35:05,0
08:35:06,1
08:35:09,0
08:35:10,1
08:35:13,0
08:35:14,1
08:35:16,0
08:35:17,1
08:35:20,0
08:35:21,1
08:35:23,0
08:35:24,1
08:35:27,0
08:35:28,1
08:35:31,0
08:35:32,1
08:35:34,0
08:35:35,1
08:35:38,0
08:35:39,1
08:35:41,0
08:35:42,1
08:35:45,0
08:35:46,1
08:35:49,0
08:35:50,1
08:35:53,0
08:35:54,1
08:35:56,0
08:35:57,1
08:36:00,0
08:36:01,1
08:36:04,0
08:36:05,1
08:36:08,0
08:36:09,1
08:36:12,0
08:36:13,1
08:36:16,0
08:36:17,1
08:36:20,0
08:36:21,1
08:36:24,0
08:36:25,1
08:36:28,0
08:36:29,1
08:36:32,0
08:36:33,1
08:36:35,0
08:36:37,1
08:36:39,0
08:36:41,1
08:36:43,0
08:36:44,1
08:36:47,0
08:36:48,1
08:36:51,0
08:36:52,1
08:36:54,0
08:36:55,1
08:36:58,0
08:36:59,1
08:37:01,0
08:37:02,1
08:37:05,0
08:37:06,1
08:37:08,0
08:37:09,1
08:37:12,0
08:37:13,1
08:37:15,0
08:37:16,1
08:37:18,0
08:37:19,1
08:37:22,0
08:37:23,1
08:37:25,0
08:37:26,1
08:37:28,0
08:37:29,1
08:37:32,0
08:37:33,1
08:37:35,0
08:37:36,1
08:37:39,0
08:37:40,1
08:37:42,0
08:37:43,1
08:37:46,0
08:37:47,1
08:37:49,0
08:37:50,1
08:37:53,0
08:37:54,1
08:37:56,0
08:37:57,1
08:37:59,0
08:38:00,1
08:38:03,0
08:38:04,1
08:38:06,0
08:38:07,1
08:38:10,0
08:38:11,1
08:38:13,0
08:38:15,1
08:38:17,0
08:38:19,1
08:38:21,0
08:38:22,1
08:38:25,0
08:38:26,1
08:38:29,0
08:38:30,1
08:38:32,0
08:38:33,1
08:38:36,0
08:38:37,1
08:38:40,0
08:38:41,1
08:38:43,0
08:38:45,1
08:38:47,0
08:38:48,1
08:38:51,0
08:38:52,1
08:38:54,0
08:38:55,1
08:38:58,0
08:38:59,1
08:39:01,0
08:39:02,1
08:39:05,0
08:39:06,1
08:39:09,0
08:39:10,1
08:39:12,0
08:39:13,1
08:39:16,0
08:39:17,1
08:39:20,0
08:39:21,1
08:39:23,0
08:39:25,1
08:39:27,0
08:39:29,1
08:39:32,0
08:39:33,1
08:39:36,0
08:39:37,1
08:39:40,0
08:39:41,1
08:39:44,0
08:39:45,1
08:39:48,0
08:39:50,1
08:39:53,0
08:39:54,1
08:39:57,0
08:39:58,1
08:40:01,0
08:40:02,1
08:40:05,0
08:40:06,1
08:40:09,0
08:40:10,1
08:40:12,0
08:40:13,1
08:40:16,0
08:40:17,1
08:40:20,0
08:40:21,1
08:40:24,0
08:40:25,1
08:40:28,0
08:40:29,1
08:40:32,0
08:40:33,1
08:40:36,0
08:40:38,1
08:40:41,0
08:40:42,1
08:40:45,0
08:40:46,1
08:40:49,0
08:40:51,1
08:40:54,0
08:40:55,1
08:40:58,0
08:40:59,1
08:41:01,0
08:41:03,1
08:41:05,0
08:41:06,1
08:41:09,0
08:41:10,1
08:41:12,0
08:41:13,1
08:41:16,0
08:41:17,1
08:41:19,0
08:41:20,1
08:41:22,0
08:41:24,1
08:41:26,0
08:41:28,1
08:41:30,0
08:41:30,1
08:41:32,0
08:41:34,1
08:41:37,0
08:41:38,1
08:41:40,0
08:41:40,1
08:41:43,0
08:41:44,1
08:41:50,0
08:41:50,1
08:41:53,0
08:41:54,1
08:41:56,0
08:41:57,1
08:42:00,0
08:42:01,1
08:42:03,0
08:42:04,1
08:42:06,0
08:42:07,1
08:42:10,0
08:42:11,1
08:42:13,0
08:42:14,1
08:42:17,0
08:42:18,1
08:42:20,0
08:42:21,1
08:42:23,0
08:42:24,1
08:42:27,0
08:42:28,1
08:42:30,0
08:42:31,1
08:42:33,0
08:42:34,1
08:42:37,0
08:42:38,1
08:42:40,0
08:42:41,1
08:42:44,0
08:42:45,1
08:42:47,0
08:42:48,1
08:42:51,0
08:42:52,1
08:42:54,0
08:42:55,1
08:42:57,0
08:42:58,1
08:43:00,0
08:43:01,1
08:43:04,0
08:43:05,1
08:43:07,0
08:43:08,1
08:43:11,0
08:43:12,1
08:43:14,0
08:43:15,1
08:43:18,0
08:43:19,1
08:43:21,0
08:43:22,1
08:43:25,0
08:43:26,1
08:43:28,0
08:43:29,1
08:43:31,0
08:43:33,1
08:43:35,0
08:43:36,1
08:43:38,0
08:43:39,1
08:43:41,0
08:43:42,1
08:43:44,0
08:43:45,1
08:43:48,0
08:43:49,1
08:43:51,0
08:43:52,1
08:43:54,0
08:43:55,1
08:43:57,0
08:43:58,1
08:44:01,0
08:44:02,1
08:44:04,0
08:44:05,1
08:44:07,0
08:44:08,1
08:44:11,0
08:44:12,1
08:44:15,0
08:44:16,1
08:44:18,0
08:44:19,1
08:44:22,0
08:44:23,1
08:44:25,0
08:44:26,1
08:44:28,0
08:44:29,1
08:44:32,0
08:44:33,1
08:44:35,0
08:44:36,1
08:44:39,0
08:44:40,1
08:44:42,0
08:44:43,1
08:44:45,0
08:44:46,1
08:44:49,0
08:44:50,1
08:44:52,0
08:44:53,1
08:44:56,0
08:44:57,1
08:45:00,0
08:45:01,1
08:45:03,0
08:45:04,1
08:45:07,0
08:45:08,1
08:45:11,0
08:45:12,1
08:45:14,0
08:45:16,1
08:45:18,0
08:45:19,1
08:45:22,0
08:45:23,1
08:45:26,0
08:45:28,1
08:45:30,0
08:45:32,1
08:45:35,0
08:45:36,1
08:45:39,0
08:45:40,1
08:45:42,0
08:45:44,1
08:45:46,0
08:45:47,1
08:45:50,0
08:45:51,1
08:45:54,0
08:45:55,1
08:45:57,0
08:45:58,1
08:46:01,0
08:46:02,1
08:46:05,0
08:46:06,1
08:46:08,0
08:46:09,1
08:46:12,0
08:46:13,1
08:46:16,0
08:46:17,1
08:46:20,0
08:46:21,1
08:46:23,0
08:46:24,1
08:46:27,0
08:46:28,1
08:46:31,0
08:46:32,1
08:46:34,0
08:46:35,1
08:46:38,0
08:46:39,1
08:46:41,0
08:46:42,1
08:46:45,0
08:46:46,1
08:46:48,0
08:46:49,1
08:46:51,0
08:46:52,1
08:46:54,0
08:46:55,1
08:46:57,0
08:46:58,1
08:47:01,0
08:47:02,1
08:47:04,0
08:47:05,1
08:47:07,0
08:47:08,1
08:47:11,0
08:47:12,1
08:47:14,0
08:47:15,1
08:47:18,0
08:47:19,1
08:47:21,0
08:47:22,1
08:47:25,0
08:47:26,1
08:47:29,0
08:47:30,1
08:47:32,0
08:47:33,1
08:47:36,0
08:47:37,1
08:47:39,0
08:47:41,1
08:47:43,0
08:47:44,1
08:47:47,0
08:47:49,1
08:47:51,0
08:47:53,1
08:47:56,0
08:47:57,1
08:48:00,0
08:48:02,1
08:48:04,0
08:48:06,1
08:48:09,0
08:48:10,1
08:48:13,0
08:48:14,1
08:48:17,0
08:48:18,1
08:48:21,0
08:48:22,1
08:48:25,0
08:48:27,1
08:48:29,0
08:48:31,1
08:48:33,0
08:48:35,1
08:48:38,0
08:48:39,1
08:48:42,0
08:48:44,1
08:48:46,0
08:48:48,1
08:48:50,0
08:48:52,1
08:48:54,0
08:48:56,1
08:48:59,0
08:49:00,1
08:49:03,0
08:49:04,1
08:49:07,0
08:49:08,1
08:49:11,0
08:49:12,1
08:49:15,0
08:49:16,1
08:49:19,0
08:49:21,1
08:49:23,0
08:49:25,1
08:49:27,0
08:49:28,1
08:49:31,0
08:49:32,1
08:49:35,0
08:49:36,1
08:49:39,0
08:49:40,1
08:49:43,0
08:49:44,1
08:49:47,0
08:49:48,1
08:49:51,0
08:49:52,1
08:49:55,0
08:49:56,1
08:49:59,0
08:50:00,1
08:50:03,0
08:50:04,1
08:50:07,0
08:50:08,1
08:50:11,0
08:50:12,1
08:50:14,0
08:50:15,1
08:50:18,0
08:50:19,1
08:50:22,0
08:50:23,1
08:50:25,0
08:50:26,1
08:50:28,0
08:50:29,1
08:50:32,0
08:50:33,1
08:50:35,0
08:50:36,1
08:50:39,0
08:50:40,1
08:50:42,0
08:50:43,1
08:50:45,0
08:50:46,1
08:50:49,0
08:50:50,1
08:50:52,0
08:50:53,1
08:50:55,0
08:50:56,1
08:50:59,0
08:51:00,1
08:51:02,0
08:51:03,1
08:51:05,0
08:51:06,1
08:51:08,0
08:51:09,1
08:51:11,0
08:51:12,1
08:51:14,0
08:51:15,1
08:51:18,0
08:51:19,1
08:51:21,0
08:51:22,1
08:51:24,0
08:51:25,1
08:51:27,0
08:51:28,1
08:51:30,0
08:51:31,1
08:51:33,0
08:51:34,1
08:51:36,0
08:51:37,1
08:51:39,0
08:51:40,1
08:51:42,0
08:51:43,1
08:51:45,0
08:51:46,1
08:51:48,0
08:51:49,1
08:51:51,0
08:51:52,1
08:51:54,0
08:51:55,1
08:52:06,0
08:52:07,1
08:52:09,0
08:52:10,1
08:52:12,0
08:52:13,1
08:52:15,0
08:52:16,1
08:52:18,0
08:52:19,1
08:52:21,0
08:52:22,1
08:52:24,0
08:52:25,1
08:52:27,0
08:52:28,1
08:52:30,0
08:52:31,1
08:52:33,0
08:52:34,1
08:52:36,0
08:52:37,1
08:52:39,0
08:52:40,1
08:52:42,0
08:52:43,1
08:52:45,0
08:52:46,1
08:52:48,0
08:52:49,1
08:52:51,0
08:52:52,1
08:52:56,0
08:52:57,1
08:52:59,0
08:53:00,1
08:53:02,0
08:53:03,1
08:53:04,0
08:53:05,1
08:53:07,0
08:53:08,1
08:53:12,0
08:53:13,1
08:53:15,0
08:53:16,1
08:53:20,0
08:53:21,1
08:53:23,0
08:53:24,1
08:53:26,0
08:53:27,1
08:53:31,0
08:53:32,1
08:53:34,0
08:53:35,1
08:53:36,0
08:53:37,1
08:53:39,0
08:53:40,1
08:53:42,0
08:53:43,1
08:53:47,0
08:53:48,1
08:53:50,0
08:53:51,1
08:53:53,0
08:53:54,1
08:53:56,0
08:53:57,1
08:54:04,0
08:54:05,1
08:54:14,0
08:54:15,1
08:54:17,0
08:54:18,1
08:54:20,0
08:54:21,1
08:54:23,0
08:54:24,1
08:54:26,0
08:54:27,1
08:54:29,0
08:54:30,1
08:54:32,0
08:54:33,1
08:54:35,0
08:54:36,1
08:54:38,0
08:54:39,1
08:54:41,0
08:54:42,1
08:54:44,0
08:54:45,1
08:54:47,0
08:54:48,1
08:54:50,0
08:54:51,1
08:54:53,0
08:54:54,1
08:54:56,0
08:54:57,1
08:54:59,0
08:55:00,1
08:55:02,0
08:55:03,1
08:55:05,0
08:55:06,1
08:55:08,0
08:55:09,1
08:55:11,0
08:55:12,1
08:55:14,0
08:55:15,1
08:55:17,0
08:55:18,1
08:55:20,0
08:55:21,1
08:55:23,0
08:55:24,1
08:55:25,0
08:55:26,1
08:55:28,0
08:55:29,1
08:55:31,0
08:55:32,1
08:55:36,0
08:55:37,1
08:55:39,0
08:55:40,1
08:55:41,0
08:55:42,1
08:55:44,0
08:55:45,1
08:55:50,0
08:55:51,1
08:55:52,0
08:55:53,1
08:55:54,0
08:55:55,1
08:55:57,0
08:55:58,1
08:56:02,0
08:56:03,1
08:56:05,0
08:56:06,1
08:56:08,0
08:56:08,1
08:56:10,0
08:56:11,1
08:56:16,0
08:56:16,1
08:56:18,0
08:56:19,1
08:56:22,0
08:56:22,1
08:56:24,0
08:56:25,1
08:56:26,0
08:56:28,1
08:56:30,0
08:56:31,1
08:56:35,0
08:56:36,1
08:56:38,0
08:56:39,1
08:56:41,0
08:56:42,1
08:56:43,0
08:56:44,1
08:56:46,0
08:56:47,1
08:56:49,0
08:56:50,1
08:56:52,0
08:56:53,1
08:56:55,0
08:56:56,1
08:57:00,0
08:57:01,1
08:57:03,0
08:57:04,1
08:57:06,0
08:57:07,1
08:57:09,0
08:57:10,1
08:57:12,0
08:57:13,1
08:57:15,0
08:57:16,1
08:57:18,0
08:57:19,1
08:57:21,0
08:57:22,1
08:57:25,0
08:57:26,1
08:57:28,0
08:57:29,1
08:57:31,0
08:57:32,1
08:57:34,0
08:57:35,1
08:57:37,0
08:57:38,1
08:57:40,0
08:57:41,1
08:57:43,0
08:57:44,1
08:57:46,0
08:57:47,1
08:57:53,0
08:57:54,1
08:57:56,0
08:57:57,1
08:58:00,0
08:58:01,1
08:58:03,0
08:58:05,1
08:58:07,0
08:58:08,1
08:58:10,0
08:58:11,1
08:58:14,0
08:58:15,1
08:58:17,0
08:58:18,1
08:58:21,0
08:58:22,1
08:58:25,0
08:58:26,1
08:58:28,0
08:58:29,1
08:58:32,0
08:58:33,1
08:58:36,0
08:58:37,1
08:58:40,0
08:58:41,1
08:58:43,0
08:58:45,1
08:58:47,0
08:58:48,1
08:58:51,0
08:58:52,1
08:58:55,0
08:58:56,1
08:58:59,0
08:59:00,1
08:59:03,0
08:59:04,1
08:59:07,0
08:59:08,1
08:59:11,0
08:59:12,1
08:59:15,0
08:59:17,1
08:59:20,0
08:59:21,1
08:59:24,0
08:59:25,1
08:59:28,0
08:59:30,1
08:59:32,0
08:59:34,1
08:59:36,0
08:59:38,1
08:59:41,0
08:59:42,1
08:59:45,0
08:59:46,1
08:59:49,0
08:59:50,1
08:59:53,0
08:59:54,1
08:59:57,0
08:59:58,1
09:00:01,0
09:00:03,1
09:00:06,0
09:00:07,1
09:00:10,0
09:00:11,1
09:00:14,0
09:00:15,1
09:00:18,0
09:00:19,1
09:00:21,0
09:00:22,1
09:00:25,0
09:00:26,1
09:00:29,0
09:00:30,1
09:00:33,0
09:00:34,1
09:00:37,0
09:00:38,1
09:00:41,0
09:00:43,1
09:00:46,0
09:00:47,1
09:00:50,0
09:00:51,1
09:00:54,0
09:00:55,1
09:00:59,0
09:01:00,1
09:01:03,0
09:01:04,1
09:01:07,0
09:01:09,1
09:01:12,0
09:01:14,1
09:01:17,0
09:01:18,1
09:01:22,0
09:01:23,1
09:01:27,0
09:01:28,1
09:01:31,0
09:01:33,1
09:01:36,0
09:01:37,1
09:01:41,0
09:01:42,1
09:01:45,0
09:01:47,1
09:01:50,0
09:01:51,1
09:01:54,0
09:01:56,1
09:01:59,0
09:02:00,1
09:02:03,0
09:02:04,1
09:02:07,0
09:02:09,1
09:02:11,0
09:02:13,1
09:02:16,0
09:02:17,1
09:02:20,0
09:02:22,1
09:02:25,0
09:02:26,1
09:02:30,0
09:02:31,1
09:02:34,0
09:02:36,1
09:02:39,0
09:02:40,1
09:02:43,0
09:02:44,1
09:02:48,0
09:02:49,1
09:02:52,0
09:02:53,1
09:02:56,0
09:02:58,1
09:03:01,0
09:03:02,1
09:03:05,0
09:03:06,1
09:03:10,0
09:03:11,1
09:03:14,0
09:03:15,1
09:03:18,0
09:03:19,1
09:03:22,0
09:03:23,1
09:03:26,0
09:03:27,1
09:03:30,0
09:03:31,1
09:03:34,0
09:03:35,1
09:03:37,0
09:03:39,1
09:03:42,0
09:03:43,1
09:03:46,0
09:03:47,1
09:03:50,0
09:03:51,1
09:03:54,0
09:03:55,1
09:03:58,0
09:04:00,1
09:04:03,0
09:04:04,1
09:04:07,0
09:04:08,1
09:04:11,0
09:04:12,1
09:04:15,0
09:04:16,1
09:04:19,0
09:04:20,1
09:04:22,0
09:04:23,1
09:04:26,0
09:04:27,1
09:04:30,0
09:04:31,1
09:04:33,0
09:04:34,1
09:04:37,0
09:04:38,1
09:04:40,0
09:04:41,1
09:04:44,0
09:04:45,1
09:04:48,0
09:04:49,1
09:04:52,0
09:04:53,1
09:04:55,0
09:04:57,1
09:04:59,0
09:05:00,1
09:05:03,0
09:05:04,1
09:05:07,0
09:05:09,1
09:05:12,0
09:05:13,1
09:05:16,0
09:05:17,1
09:05:20,0
09:05:21,1
09:05:24,0
09:05:25,1
09:05:29,0
09:05:30,1
09:05:33,0
09:05:35,1
09:05:38,0
09:05:39,1
09:05:43,0
09:05:44,1
09:05:48,0
09:05:49,1
09:05:52,0
09:05:54,1
09:05:57,0
09:05:59,1
09:06:02,0
09:06:03,1
09:06:06,0
09:06:08,1
09:06:11,0
09:06:12,1
09:06:15,0
09:06:17,1
09:06:20,0
09:06:21,1
09:06:24,0
09:06:26,1
09:06:29,0
09:06:30,1
09:06:34,0
09:06:35,1
09:06:39,0
09:06:40,1
09:06:44,0
09:06:45,1
09:06:49,0
09:06:50,1
09:06:54,0
09:06:56,1
09:07:00,0
09:07:01,1
09:07:05,0
09:07:07,1
09:07:11,0
09:07:12,1
09:07:16,0
09:07:18,1
09:07:22,0
09:07:23,1
09:07:27,0
09:07:29,1
09:07:32,0
09:07:34,1
09:07:37,0
09:07:38,1
09:07:42,0
09:07:43,1
09:07:46,0
09:07:48,1
09:07:51,0
09:07:52,1
09:07:55,0
09:07:57,1
09:08:00,0
09:08:01,1
09:08:04,0
09:08:06,1
09:08:09,0
09:08:10,1
09:08:13,0
09:08:14,1
09:08:18,0
09:08:19,1
09:08:22,0
09:08:23,1
09:08:27,0
09:08:28,1
09:08:31,0
09:08:33,1
09:08:36,0
09:08:37,1
09:08:40,0
09:08:41,1
09:08:44,0
09:08:46,1
09:08:48,0
09:08:50,1
09:08:53,0
09:08:54,1
09:08:57,0
09:08:58,1
09:09:01,0
09:09:02,1
09:09:05,0
09:09:06,1
09:09:09,0
09:09:10,1
09:09:12,0
09:09:14,1
09:09:16,0
09:09:17,1
09:09:20,0
09:09:21,1
09:09:24,0
09:09:25,1
09:09:27,0
09:09:28,1
09:09:31,0
09:09:32,1
09:09:35,0
09:09:36,1
09:09:38,0
09:09:40,1
09:09:42,0
09:09:43,1
09:09:46,0
09:09:48,1
09:09:50,0
09:09:52,1
09:09:54,0
09:09:56,1
09:09:58,0
09:10:00,1
09:10:02,0
09:10:04,1
09:10:06,0
09:10:08,1
09:10:10,0
09:10:12,1
09:10:14,0
09:10:16,1
09:10:18,0
09:10:20,1
09:10:22,0
09:10:24,1
09:10:26,0
09:10:28,1
09:10:31,0
09:10:32,1
09:10:35,0
09:10:36,1
09:10:40,0
09:10:42,1
09:10:45,0
09:10:46,1
09:10:49,0
09:10:50,1
09:10:54,0
09:10:55,1
09:10:58,0
09:11:00,1
09:11:03,0
09:11:05,1
09:11:08,0
09:11:09,1
09:11:12,0
09:11:13,1
09:11:16,0
09:11:17,1
09:11:20,0
09:11:21,1
09:11:24,0
09:11:25,1
09:11:27,0
09:11:28,1
09:11:31,0
09:11:32,1
09:11:34,0
09:11:35,1
09:11:37,0
09:11:38,1
09:11:41,0
09:11:42,1
09:11:44,0
09:11:45,1
09:11:47,0
09:11:48,1
09:11:50,0
09:11:51,1
09:11:53,0
09:11:54,1
09:12:01,0
09:12:01,1
09:12:03,0
09:12:04,1
09:12:06,0
09:12:07,1
09:12:10,0
09:12:11,1
09:12:13,0
09:12:14,1
09:12:17,0
09:12:18,1
09:12:20,0
09:12:21,1
09:12:24,0
09:12:25,1
09:12:27,0
09:12:28,1
09:12:31,0
09:12:32,1
09:12:35,0
09:12:36,1
09:12:38,0
09:12:39,1
09:12:42,0
09:12:43,1
09:12:45,0
09:12:46,1
09:12:49,0
09:12:50,1
09:12:52,0
09:12:53,1
09:12:56,0
09:12:57,1
09:13:00,0
09:13:01,1
09:13:03,0
09:13:04,1
09:13:07,0
09:13:08,1
09:13:11,0
09:13:12,1
09:13:15,0
09:13:17,1
09:13:20,0
09:13:21,1
09:13:24,0
09:13:26,1
09:13:29,0
09:13:30,1
09:13:33,0
09:13:35,1
09:13:38,0
09:13:40,1
09:13:43,0
09:13:44,1
09:13:48,0
09:13:49,1
09:13:52,0
09:13:54,1
09:13:57,0
09:13:59,1
09:14:02,0
09:14:04,1
09:14:07,0
09:14:08,1
09:14:12,0
09:14:13,1
09:14:16,0
09:14:17,1
09:14:20,0
09:14:22,1
09:14:25,0
09:14:26,1
09:14:29,0
09:14:30,1
09:14:33,0
09:14:34,1
09:14:37,0
09:14:38,1
09:14:41,0
09:14:43,1
09:14:45,0
09:14:47,1
09:14:50,0
09:14:51,1
09:14:54,0
09:14:55,1
09:14:58,0
09:14:59,1
09:15:01,0
09:15:03,1
09:15:05,0
09:15:06,1
09:15:09,0
09:15:10,1
09:15:12,0
09:15:14,1
09:15:16,0
09:15:17,1
09:15:20,0
09:15:21,1
09:15:23,0
09:15:25,1
09:15:27,0
09:15:28,1
09:15:31,0
09:15:32,1
09:15:35,0
09:15:37,1
09:15:39,0
09:15:41,1
09:15:44,0
09:15:45,1
09:15:48,0
09:15:49,1
09:15:52,0
09:15:53,1
09:15:56,0
09:15:57,1
09:16:00,0
09:16:02,1
09:16:05,0
09:16:06,1
09:16:09,0
09:16:11,1
09:16:14,0
09:16:15,1
09:16:18,0
09:16:20,1
09:16:23,0
09:16:24,1
09:16:27,0
09:16:28,1
09:16:31,0
09:16:32,1
09:16:35,0
09:16:36,1
09:16:38,0
09:16:40,1
09:16:42,0
09:16:43,1
09:16:46,0
09:16:47,1
09:16:50,0
09:16:51,1
09:16:53,0
09:16:54,1
09:16:57,0
09:16:58,1
09:17:00,0
09:17:01,1
09:17:04,0
09:17:05,1
09:17:08,0
09:17:09,1
09:17:11,0
09:17:12,1
09:17:15,0
09:17:16,1
09:17:18,0
09:17:19,1
09:17:22,0
09:17:23,1
09:17:25,0
09:17:27,1
09:17:29,0
09:17:30,1
09:17:33,0
09:17:34,1
09:17:36,0
09:17:38,1
09:17:40,0
09:17:41,1
09:17:44,0
09:17:45,1
09:17:48,0
09:17:49,1
09:17:51,0
09:17:52,1
09:17:55,0
09:17:56,1
09:17:59,0
09:18:00,1
09:18:02,0
09:18:04,1
09:18:06,0
09:18:07,1
09:18:10,0
09:18:11,1
09:18:14,0
09:18:15,1
09:18:18,0
09:18:19,1
09:18:22,0
09:18:23,1
09:18:26,0
09:18:27,1
09:18:30,0
09:18:32,1
09:18:34,0
09:18:35,1
09:18:38,0
09:18:39,1
09:18:42,0
09:18:43,1
09:18:46,0
09:18:47,1
09:18:50,0
09:18:51,1
09:18:54,0
09:18:55,1
09:18:58,0
09:18:59,1
09:19:02,0
09:19:03,1
09:19:06,0
09:19:07,1
09:19:10,0
09:19:11,1
09:19:14,0
09:19:15,1
09:19:17,0
09:19:19,1
09:19:21,0
09:19:22,1
09:19:25,0
09:19:26,1
09:19:28,0
09:19:29,1
09:19:32,0
09:19:33,1
09:19:35,0
09:19:36,1
09:19:38,0
09:19:39,1
09:19:42,0
09:19:44,1
09:19:45,0
09:19:46,1
09:19:50,0
09:19:50,1
09:19:52,0
09:19:54,1
09:19:57,0
09:19:58,1
09:20:00,0
09:20:02,1
09:20:04,0
09:20:06,1
09:20:08,0
09:20:09,1
09:20:12,0
09:20:13,1
09:20:16,0
09:20:17,1
09:20:19,0
09:20:21,1
09:20:23,0
09:20:24,1
09:20:27,0
09:20:28,1
09:20:31,0
09:20:32,1
09:20:34,0
09:20:36,1
09:20:38,0
09:20:39,1
09:20:42,0
09:20:43,1
09:20:45,0
09:20:47,1
09:20:49,0
09:20:50,1
09:20:53,0
09:20:54,1
09:20:57,0
09:20:58,1
09:21:00,0
09:21:02,1
09:21:04,0
09:21:05,1
09:21:08,0
09:21:09,1
09:21:12,0
09:21:13,1
09:21:15,0
09:21:17,1
09:21:19,0
09:21:20,1
09:21:23,0
09:21:24,1
09:21:27,0
09:21:29,1
09:21:32,0
09:21:33,1
09:21:36,0
09:21:37,1
09:21:40,0
09:21:41,1
09:21:44,0
09:21:46,1
09:21:48,0
09:21:50,1
09:21:53,0
09:21:54,1
09:21:57,0
09:21:58,1
09:22:01,0
09:22:02,1
09:22:05,0
09:22:06,1
09:22:09,0
09:22:11,1
09:22:14,0
09:22:15,1
09:22:18,0
09:22:19,1
09:22:22,0
09:22:23,1
09:22:26,0
09:22:27,1
09:22:29,0
09:22:30,1
09:22:33,0
09:22:34,1
09:22:37,0
09:22:38,1
09:22:40,0
09:22:41,1
09:22:44,0
09:22:45,1
09:22:48,0
09:22:49,1
09:22:52,0
09:22:53,1
09:22:55,0
09:22:57,1
09:22:59,0
09:23:01,1
09:23:03,0
09:23:05,1
09:23:07,0
09:23:08,1
09:23:11,0
09:23:13,1
09:23:15,0
09:23:17,1
09:23:19,0
09:23:21,1
09:23:23,0
09:23:25,1
09:23:28,0
09:23:29,1
09:23:32,0
09:23:33,1
09:23:36,0
09:23:37,1
09:23:40,0
09:23:41,1
09:23:44,0
09:23:46,1
09:23:49,0
09:23:50,1
09:23:53,0
09:23:54,1
09:23:57,0
09:23:58,1
09:24:01,0
09:24:02,1
09:24:05,0
09:24:06,1
09:24:09,0
09:24:10,1
09:24:13,0
09:24:14,1
09:24:17,0
09:24:18,1
09:24:21,0
09:24:22,1
09:24:24,0
09:24:25,1
09:24:28,0
09:24:29,1
09:24:31,0
09:24:32,1
09:24:35,0
09:24:36,1
09:24:38,0
09:24:39,1
09:24:42,0
09:24:43,1
09:24:45,0
09:24:46,1
09:24:49,0
09:24:50,1
09:24:53,0
09:24:54,1
09:24:56,0
09:24:57,1
09:25:01,1
09:25:04,0
09:25:05,1
09:25:08,0
09:25:09,1
09:25:12,0
09:25:13,1
09:25:17,0
09:25:17,1
09:25:20,0
09:25:21,1
09:25:24,0
09:25:25,1
09:25:28,0
09:25:29,1
09:25:32,0
09:25:33,1
09:25:37,0
09:25:37,1
09:25:41,0
09:25:41,1
09:25:44,0
09:25:45,1
09:25:47,0
09:25:49,1
09:25:51,0
09:25:52,1
09:25:55,0
09:25:56,1
09:25:58,0
09:26:00,1
09:26:02,0
09:26:03,1
09:26:06,0
09:26:07,1
09:26:09,0
09:26:10,1
09:26:12,0
09:26:13,1
09:26:16,0
09:26:17,1
09:26:19,0
09:26:20,1
09:26:22,0
09:26:23,1
09:26:25,0
09:26:26,1
09:26:28,0
09:26:29,1
09:26:31,0
09:26:32,1
09:26:35,0
09:26:36,1
09:26:38,0
09:26:39,1
09:26:41,0
09:26:42,1
09:26:45,0
09:26:46,1
09:26:48,0
09:26:49,1
09:26:52,0
09:26:53,1
09:26:55,0
09:26:57,1
09:26:59,0
09:27:00,1
09:27:03,0
09:27:04,1
09:27:07,0
09:27:08,1
09:27:10,0
09:27:11,1
09:27:14,0
09:27:15,1
09:27:18,0
09:27:19,1
09:27:21,0
09:27:22,1
09:27:25,0
09:27:26,1
09:27:29,0
09:27:30,1
09:27:32,0
09:27:33,1
09:27:36,0
09:27:37,1
09:27:40,0
09:27:41,1
09:27:44,0
09:27:45,1
09:27:48,0
09:27:49,1
09:27:51,0
09:27:53,1
09:27:55,0
09:27:56,1
09:27:59,0
09:28:00,1
09:28:02,0
09:28:03,1
09:28:06,0
09:28:08,1
09:28:09,0
09:28:10,1
09:28:14,0
09:28:14,1
09:28:16,0
09:28:18,1
09:28:20,0
09:28:20,1
09:28:24,0
09:28:24,1
09:28:26,0
09:28:28,1
09:28:30,0
09:28:31,1
09:28:34,0
09:28:35,1
09:28:37,0
09:28:38,1
09:28:40,0
09:28:41,1
09:28:43,0
09:28:44,1
09:28:46,0
09:28:47,1
09:28:50,0
09:28:51,1
09:28:53,0
09:28:54,1
09:28:56,0
09:28:57,1
09:29:00,0
09:29:01,1
09:29:03,0
09:29:04,1
09:29:07,0
09:29:08,1
09:29:11,0
09:29:12,1
09:29:14,0
09:29:15,1
09:29:18,0
09:29:19,1
09:29:21,0
09:29:22,1
09:29:25,0
09:29:26,1
09:29:29,0
09:29:30,1
09:29:32,0
09:29:33,1
09:29:36,0
09:29:37,1
09:29:40,0
09:29:41,1
09:29:44,0
09:29:45,1
09:29:48,0
09:29:49,1
09:29:52,0
09:29:53,1
09:29:56,0
09:29:57,1
09:30:00,0
09:30:01,1
09:30:04,0
09:30:05,1
09:30:08,0
09:30:09,1
09:30:12,0
09:30:13,1
09:30:16,0
09:30:18,1
09:30:21,0
09:30:22,1
09:30:25,0
09:30:27,1
09:30:30,0
09:30:32,1
09:30:35,0
09:30:37,1
09:30:41,0
09:30:42,1
09:30:45,0
09:30:47,1
09:30:50,0
09:30:51,1
09:30:54,0
09:30:55,1
09:30:58,0
09:31:00,1
09:31:03,0
09:31:04,1
09:31:07,0
09:31:08,1
09:31:11,0
09:31:12,1
09:31:15,0
09:31:16,1
09:31:19,0
09:31:21,1
09:31:24,0
09:31:25,1
09:31:28,0
09:31:30,1
09:31:33,0
09:31:34,1
09:31:37,0
09:31:38,1
09:31:42,0
09:31:43,1
09:31:46,0
09:31:47,1
09:31:50,0
09:31:52,1
09:31:55,0
09:31:56,1
09:31:59,0
09:32:00,1
09:32:03,0
09:32:04,1
09:32:07,0
09:32:08,1
09:32:11,0
09:32:13,1
09:32:16,0
09:32:17,1
09:32:20,0
09:32:21,1
09:32:24,0
09:32:25,1
09:32:28,0
09:32:29,1
09:32:32,0
09:32:33,1
09:32:36,0
09:32:37,1
09:32:40,0
09:32:41,1
09:32:44,0
09:32:45,1
09:32:48,0
09:32:49,1
09:32:51,0
09:32:52,1
09:32:55,0
09:32:56,1
09:32:58,0
09:32:59,1
09:33:01,0
09:33:02,1
09:33:05,0
09:33:06,1
09:33:08,0
09:33:09,1
09:33:11,0
09:33:12,1
09:33:15,0
09:33:16,1
09:33:18,0
09:33:19,1
09:33:22,0
09:33:23,1
09:33:25,0
09:33:26,1
09:33:28,0
09:33:29,1
09:33:31,0
09:33:32,1
09:33:35,0
09:33:36,1
09:33:38,0
09:33:39,1
09:33:41,0
09:33:42,1
09:33:44,0
09:33:45,1
09:33:48,0
09:33:49,1
09:33:51,0
09:33:52,1
09:33:55,0
09:33:56,1
09:33:58,0
09:34:00,1
09:34:02,0
09:34:03,1
09:34:06,0
09:34:07,1
09:34:10,0
09:34:11,1
09:34:13,0
09:34:14,1
09:34:17,0
09:34:18,1
09:34:20,0
09:34:21,1
09:34:24,0
09:34:25,1
09:34:28,0
09:34:29,1
09:34:32,0
09:34:33,1
09:34:35,0
09:34:36,1
09:34:39,0
09:34:40,1
09:34:43,0
09:34:44,1
09:34:47,0
09:34:48,1
09:34:51,0
09:34:52,1
09:34:55,0
09:34:56,1
09:34:59,0
09:35:00,1
09:35:02,0
09:35:03,1
09:35:06,0
09:35:07,1
09:35:09,0
09:35:10,1
09:35:13,0
09:35:14,1
09:35:17,0
09:35:18,1
09:35:20,0
09:35:21,1
09:35:24,0
09:35:25,1
09:35:28,0
09:35:29,1
09:35:32,0
09:35:33,1
09:35:36,0
09:35:37,1
09:35:40,0
09:35:41,1
09:35:44,0
09:35:46,1
09:35:48,0
09:35:50,1
09:35:52,0
09:35:54,1
09:35:56,0
09:35:58,1
09:36:00,0
09:36:02,1
09:36:04,0
09:36:06,1
09:36:08,0
09:36:09,1
09:36:12,0
09:36:13,1
09:36:16,0
09:36:16,1
09:36:18,0
09:36:20,1
09:36:22,0
09:36:24,1
09:36:25,0
09:36:26,1
09:36:28,0
09:36:30,1
09:36:32,0
09:36:32,1
09:36:36,0
09:36:37,1
09:36:39,0
09:36:40,1
09:36:43,0
09:36:44,1
09:36:46,0
09:36:47,1
09:36:49,0
09:36:50,1
09:36:53,0
09:36:54,1
09:36:56,0
09:36:57,1
09:37:00,0
09:37:01,1
09:37:03,0
09:37:04,1
09:37:07,0
09:37:08,1
09:37:10,0
09:37:11,1
09:37:13,0
09:37:14,1
09:37:17,0
09:37:18,1
09:37:20,0
09:37:22,1
09:37:24,0
09:37:25,1
09:37:28,0
09:37:29,1
09:37:31,0
09:37:32,1
09:37:35,0
09:37:36,1
09:37:38,0
09:37:39,1
09:37:42,0
09:37:43,1
09:37:45,0
09:37:46,1
09:37:49,0
09:37:50,1
09:37:52,0
09:37:53,1
09:37:55,0
09:37:56,1
09:37:58,0
09:37:59,1
09:38:01,0
09:38:02,1
09:38:04,0
09:38:05,1
09:38:08,0
09:38:09,1
09:38:11,0
09:38:12,1
09:38:15,0
09:38:16,1
09:38:18,0
09:38:19,1
09:38:22,0
09:38:23,1
09:38:25,0
09:38:26,1
09:38:29,0
09:38:30,1
09:38:32,0
09:38:33,1
09:38:36,0
09:38:37,1
09:38:39,0
09:38:40,1
09:38:43,0
09:38:44,1
09:38:46,0
09:38:47,1
09:38:50,0
09:38:51,1
09:38:54,0
09:38:55,1
09:38:58,0
09:38:59,1
09:39:02,0
09:39:03,1
09:39:06,0
09:39:07,1
09:39:10,0
09:39:11,1
09:39:14,0
09:39:15,1
09:39:18,0
09:39:19,1
09:39:22,0
09:39:23,1
09:39:26,0
09:39:27,1
09:39:30,0
09:39:31,1
09:39:34,0
09:39:35,1
09:39:38,0
09:39:39,1
09:39:42,0
09:39:43,1
09:39:46,0
09:39:47,1
09:39:50,0
09:39:51,1
09:39:53,0
09:39:55,1
09:39:57,0
09:39:58,1
09:40:01,0
09:40:02,1
09:40:04,0
09:40:05,1
09:40:08,0
09:40:09,1
09:40:11,0
09:40:12,1
09:40:14,0
09:40:15,1
09:40:18,0
09:40:19,1
09:40:21,0
09:40:22,1
09:40:25,0
09:40:26,1
09:40:28,0
09:40:29,1
09:40:32,0
09:40:33,1
09:40:35,0
09:40:36,1
09:40:38,0
09:40:39,1
09:40:42,0
09:40:43,1
09:40:45,0
09:40:46,1
09:40:48,0
09:40:49,1
09:40:51,0
09:40:52,1
09:40:54,0
09:40:55,1
09:40:57,0
09:40:58,1
09:41:00,0
09:41:01,1
09:41:03,0
09:41:04,1
09:41:06,0
09:41:07,1
09:41:11,0
09:41:12,1
09:41:14,0
09:41:15,1
09:41:17,0
09:41:18,1
09:41:20,0
09:41:21,1
09:41:23,0
09:41:24,1
09:41:26,0
09:41:27,1
09:41:28,0
09:41:29,1
09:41:31,0
09:41:32,1
09:41:34,0
09:41:35,1
09:41:37,0
09:41:38,1
09:41:40,0
09:41:41,1
09:41:43,0
09:41:44,1
09:41:48,0
09:41:49,1
09:41:51,0
09:41:52,1
09:41:54,0
09:41:55,1
09:41:59,0
09:42:00,1
09:42:02,0
09:42:03,1
09:42:05,0
09:42:06,1
09:42:08,0
09:42:09,1
09:42:13,0
09:42:14,1
09:42:16,0
09:42:17,1
09:42:19,0
09:42:20,1
09:42:22,0
09:42:23,1
09:42:25,0
09:42:27,1
09:42:41,0
09:42:41,1
09:42:43,0
09:42:44,1
09:42:46,0
09:42:47,1
09:42:49,0
09:42:50,1
09:42:52,0
09:42:53,1
09:42:55,0
09:42:56,1
09:42:59,0
09:43:00,1
09:43:02,0
09:43:03,1
09:43:05,0
09:43:06,1
09:43:09,0
09:43:10,1
09:43:12,0
09:43:14,1
09:43:15,0
09:43:16,1
09:43:20,0
09:43:20,1
09:43:22,0
09:43:24,1
09:43:26,0
09:43:28,1
09:43:30,0
09:43:30,1
09:43:34,0
09:43:35,1
09:43:37,0
09:43:38,1
09:43:41,0
09:43:42,1
09:43:44,0
09:43:45,1
09:43:48,0
09:43:49,1
09:43:51,0
09:43:52,1
09:43:54,0
09:43:55,1
09:43:58,0
09:43:59,1
09:44:01,0
09:44:02,1
09:44:05,0
09:44:06,1
09:44:08,0
09:44:09,1
09:44:12,0
09:44:13,1
09:44:15,0
09:44:16,1
09:44:19,0
09:44:20,1
09:44:22,0
09:44:24,1
09:44:26,0
09:44:27,1
09:44:29,0
09:44:30,1
09:44:32,0
09:44:33,1
09:44:36,0
09:44:37,1
09:44:39,0
09:44:40,1
09:44:42,0
09:44:43,1
09:44:46,0
09:44:47,1
09:44:49,0
09:44:51,1
09:44:53,0
09:44:54,1
09:44:57,0
09:44:58,1
09:45:01,0
09:45:02,1
09:45:04,0
09:45:06,1
09:45:08,0
09:45:09,1
09:45:12,0
09:45:13,1
09:45:16,0
09:45:17,1
09:45:20,0
09:45:21,1
09:45:24,0
09:45:25,1
09:45:27,0
09:45:28,1
09:45:31,0
09:45:32,1
09:45:35,0
09:45:37,1
09:45:40,0
09:45:41,1
09:45:44,0
09:45:45,1
09:45:48,0
09:45:50,1
09:45:52,0
09:45:54,1
09:45:57,0
09:45:58,1
09:46:01,0
09:46:02,1
09:46:05,0
09:46:06,1
09:46:09,0
09:46:10,1
09:46:13,0
09:46:14,1
09:46:16,0
09:46:18,1
09:46:21,0
09:46:22,1
09:46:25,0
09:46:26,1
09:46:29,0
09:46:30,1
09:46:33,0
09:46:34,1
09:46:36,0
09:46:37,1
09:46:40,0
09:46:41,1
09:46:44,0
09:46:45,1
09:46:48,0
09:46:49,1
09:46:51,0
09:46:52,1
09:46:55,0
09:46:56,1
09:46:58,0
09:47:00,1
09:47:02,0
09:47:03,1
09:47:06,0
09:47:07,1
09:47:10,0
09:47:11,1
09:47:13,0
09:47:14,1
09:47:17,0
09:47:18,1
09:47:21,0
09:47:22,1
09:47:24,0
09:47:25,1
09:47:28,0
09:47:29,1
09:47:31,0
09:47:32,1
09:47:35,0
09:47:36,1
09:47:38,0
09:47:39,1
09:47:42,0
09:47:43,1
09:47:45,0
09:47:46,1
09:47:48,0
09:47:49,1
09:47:52,0
09:47:53,1
09:47:55,0
09:47:56,1
09:47:58,0
09:47:59,1
09:48:01,0
09:48:02,1
09:48:04,0
09:48:05,1
09:48:07,0
09:48:08,1
09:48:22,0
09:48:23,1
09:48:25,0
09:48:26,1
09:48:28,0
09:48:29,1
09:48:31,0
09:48:32,1
09:48:34,0
09:48:35,1
09:48:37,0
09:48:38,1
09:48:40,0
09:48:41,1
09:48:43,0
09:48:44,1
09:48:46,0
09:48:47,1
09:48:49,0
09:48:50,1
09:48:52,0
09:48:53,1
09:48:55,0
09:48:56,1
09:48:58,0
09:48:59,1
09:49:01,0
09:49:02,1
09:49:05,0
09:49:06,1
09:49:08,0
09:49:09,1
09:49:11,0
09:49:12,1
09:49:15,0
09:49:16,1
09:49:18,0
09:49:19,1
09:49:22,0
09:49:23,1
09:49:25,0
09:49:26,1
09:49:29,0
09:49:30,1
09:49:33,0
09:49:34,1
09:49:36,0
09:49:37,1
09:49:40,0
09:49:41,1
09:49:44,0
09:49:45,1
09:49:48,0
09:49:49,1
09:49:52,0
09:49:53,1
09:49:56,0
09:49:57,1
09:50:00,0
09:50:01,1
09:50:04,0
09:50:05,1
09:50:08,0
09:50:09,1
09:50:12,0
09:50:13,1
09:50:15,0
09:50:17,1
09:50:19,0
09:50:20,1
09:50:22,0
09:50:23,1
09:50:26,0
09:50:27,1
09:50:29,0
09:50:30,1
09:50:33,0
09:50:34,1
09:50:36,0
09:50:37,1
09:50:39,0
09:50:40,1
09:50:43,0
09:50:44,1
09:50:46,0
09:50:47,1
09:50:49,0
09:50:50,1
09:50:53,0
09:50:54,1
09:50:56,0
09:50:58,1
09:51:00,0
09:51:01,1
09:51:03,0
09:51:04,1
09:51:06,0
09:51:06,1
09:51:09,0
09:51:10,1
09:51:12,0
09:51:13,1
09:51:19,0
09:51:20,1
09:51:22,0
09:51:23,1
09:51:25,0
09:51:26,1
09:51:28,0
09:51:29,1
09:51:32,0
09:51:33,1
09:51:35,0
09:51:36,1
09:51:39,0
09:51:40,1
09:51:42,0
09:51:43,1
09:51:45,0
09:51:46,1
09:51:50,1
09:51:52,0
09:51:53,1
09:51:55,0
09:51:56,1
09:51:59,0
09:52:00,1
09:52:02,0
09:52:03,1
09:52:06,0
09:52:07,1
09:52:09,0
09:52:10,1
09:52:13,0
09:52:14,1
09:52:16,0
09:52:17,1
09:52:20,0
09:52:21,1
09:52:24,1
09:52:26,0
09:52:30,0
09:52:31,1
09:52:33,0
09:52:34,1
09:52:37,0
09:52:38,1
09:52:40,0
09:52:41,1
09:52:44,0
09:52:45,1
09:52:48,0
09:52:49,1
09:52:51,0
09:52:52,1
09:52:55,0
09:52:56,1
09:52:59,0
09:53:00,1
09:53:03,0
09:53:04,1
09:53:07,0
09:53:08,1
09:53:11,0
09:53:12,1
09:53:15,0
09:53:16,1
09:53:19,0
09:53:20,1
09:53:22,0
09:53:23,1
09:53:26,0
09:53:27,1
09:53:30,0
09:53:31,1
09:53:34,0
09:53:35,1
09:53:39,1
09:53:42,0
09:53:43,1
09:53:46,0
09:53:47,1
09:53:50,0
09:53:51,1
09:53:54,0
09:53:55,1
09:53:58,0
09:53:59,1
09:54:02,0
09:54:03,1
09:54:06,0
09:54:07,1
09:54:09,0
09:54:10,1
09:54:13,0
09:54:14,1
09:54:16,0
09:54:17,1
09:54:20,0
09:54:21,1
09:54:23,0
09:54:24,1
09:54:26,0
09:54:27,1
09:54:30,0
09:54:31,1
09:54:33,0
09:54:34,1
09:54:37,0
09:54:38,1
09:54:40,0
09:54:41,1
09:54:43,0
09:54:44,1
09:54:47,0
09:54:48,1
09:54:50,0
09:54:51,1
09:54:54,0
09:54:55,1
09:54:57,0
09:54:58,1
09:55:00,0
09:55:01,1
09:55:04,0
09:55:05,1
09:55:07,0
09:55:08,1
09:55:10,0
09:55:11,1
09:55:14,0
09:55:15,1
09:55:17,0
09:55:18,1
09:55:20,0
09:55:21,1
09:55:25,0
09:55:25,1
09:55:27,0
09:55:28,1
09:55:30,0
09:55:31,1
09:55:33,0
09:55:34,1
09:55:37,0
09:55:44,0
09:55:44,1
09:55:46,0
09:55:47,1
09:55:49,0
09:55:51,1
09:55:53,0
09:55:54,1
09:55:56,0
09:55:58,1
09:56:00,0
09:56:00,1
09:56:03,0
09:56:04,1
09:56:06,0
09:56:07,1
09:56:09,0
09:56:10,1
09:56:13,0
09:56:14,1
09:56:16,0
09:56:17,1
09:56:20,0
09:56:21,1
09:56:23,0
09:56:24,1
09:56:27,0
09:56:28,1
09:56:31,0
09:56:33,1
09:56:36,0
09:56:37,1
09:56:40,0
09:56:41,1
09:56:45,0
09:56:47,1
09:56:49,0
09:56:51,1
09:56:54,0
09:56:55,1
09:56:59,0
09:57:00,1
09:57:04,0
09:57:05,1
09:57:08,0
09:57:09,1
09:57:12,0
09:57:13,1
09:57:16,0
09:57:17,1
09:57:21,0
09:57:23,1
09:57:26,0
09:57:26,1
09:57:28,0
09:57:30,1
09:57:32,0
09:57:34,1
09:57:36,0
09:57:37,1
09:57:40,0
09:57:41,1
09:57:44,0
09:57:45,1
09:57:48,0
09:57:49,1
09:57:51,0
09:57:53,1
09:57:55,0
09:57:56,1
09:57:58,0
09:58:00,1
09:58:02,0
09:58:03,1
09:58:04,0
09:58:06,1
09:58:09,0
09:58:10,1
09:58:12,0
09:58:13,1
09:58:16,0
09:58:17,1
09:58:20,0
09:58:20,1
09:58:24,0
09:58:25,1
09:58:28,0
09:58:28,1
09:58:32,0
09:58:34,1
09:58:36,0
09:58:38,1
09:58:41,0
09:58:42,1
09:58:45,0
09:58:46,1
09:58:49,0
09:58:50,1
09:58:53,0
09:58:54,1
09:58:56,0
09:58:58,1
09:59:00,0
09:59:02,1
09:59:04,0
09:59:05,1
09:59:08,0
09:59:09,1
09:59:12,0
09:59:13,1
09:59:15,0
09:59:16,1
09:59:19,0
09:59:20,1
09:59:22,0
09:59:23,1
09:59:26,0
09:59:27,1
09:59:30,0
09:59:31,1
09:59:34,0
09:59:35,1
09:59:38,0
09:59:39,1
09:59:42,0
09:59:43,1
09:59:46,0
09:59:47,1
09:59:50,0
09:59:52,1
09:59:55,0
09:59:56,1
09:59:59,0
10:00:01,1
10:00:04,0
10:00:05,1
10:00:08,0
10:00:09,1
10:00:12,0
10:00:14,1
10:00:17,0
10:00:18,1
10:00:21,0
10:00:22,1
10:00:25,0
10:00:26,1
10:00:29,0
10:00:30,1
10:00:33,0
10:00:34,1
10:00:37,0
10:00:38,1
10:00:41,0
10:00:42,1
10:00:44,0
10:00:46,1
10:00:48,0
10:00:49,1
10:00:52,0
10:00:53,1
10:00:56,0
10:00:57,1
10:00:59,0
10:01:00,1
10:01:02,0
10:01:04,1
10:01:06,0
10:01:09,0
10:01:10,1
10:01:13,0
10:01:14,1
10:01:17,0
10:01:18,1
10:01:20,0
10:01:21,1
10:01:24,0
10:01:25,1
10:01:28,0
10:01:29,1
10:01:31,0
10:01:33,1
10:01:35,0
10:01:36,1
10:01:39,0
10:01:40,1
10:01:43,0
10:01:44,1
10:01:47,0
10:01:48,1
10:01:51,0
10:01:52,1
10:01:55,0
10:01:56,1
10:01:59,0
10:02:00,1
10:02:03,0
10:02:05,1
10:02:08,0
10:02:09,1
10:02:12,0
10:02:13,1
10:02:16,0
10:02:17,1
10:02:20,0
10:02:21,1
10:02:24,0
10:02:25,1
10:02:27,0
10:02:28,1
10:02:31,0
10:02:32,1
10:02:34,0
10:02:36,1
10:02:38,0
10:02:39,1
10:02:42,0
10:02:43,1
10:02:45,0
10:02:46,1
10:02:48,0
10:02:49,1
10:02:52,0
10:02:53,1
10:02:55,0
10:02:56,1
10:02:58,0
10:02:59,1
10:03:02,0
10:03:03,1
10:03:05,0
10:03:06,1
10:03:09,0
10:03:10,1
10:03:12,0
10:03:13,1
10:03:15,0
10:03:17,1
10:03:19,0
10:03:20,1
10:03:22,0
10:03:23,1
10:03:25,0
10:03:26,1
10:03:29,0
10:03:30,1
10:03:32,0
10:03:33,1
10:03:35,0
10:03:36,1
10:03:39,0
10:03:40,1
10:03:42,0
10:03:43,1
10:03:45,0
10:03:46,1
10:03:49,0
10:03:50,1
10:03:52,0
10:03:53,1
10:03:56,0
10:03:57,1
10:04:00,0
10:04:01,1
10:04:03,0
10:04:05,1
10:04:07,0
10:04:09,1
10:04:12,0
10:04:13,1
10:04:16,0
10:04:17,1
10:04:20,0
10:04:21,1
10:04:24,0
10:04:26,1
10:04:29,0
10:04:30,1
10:04:33,0
10:04:34,1
10:04:37,0
10:04:39,1
10:04:42,0
10:04:46,0
10:04:47,1
10:04:50,0
10:04:51,1
10:04:54,0
10:04:55,1
10:04:58,0
10:04:59,1
10:05:02,0
10:05:03,1
10:05:06,0
10:05:07,1
10:05:10,0
10:05:11,1
10:05:14,0
10:05:16,1
10:05:18,0
10:05:19,1
10:05:21,0
10:05:23,1
10:05:25,0
10:05:28,1
10:05:30,0
10:05:32,1
10:05:35,0
10:05:35,1
10:05:38,0
10:05:39,1
10:05:42,0
10:05:43,1
10:05:46,0
10:05:47,1
10:05:51,0
10:05:52,1
10:05:54,0
10:05:56,1
10:05:58,0
10:06:00,1
10:06:03,0
10:06:04,1
10:06:07,0
10:06:08,1
10:06:10,0
10:06:11,1
10:06:14,0
10:06:15,1
10:06:18,0
10:06:19,1
10:06:21,0
10:06:23,1
10:06:25,0
10:06:26,1
10:06:29,0
10:06:30,1
10:06:33,0
10:06:34,1
10:06:37,0
10:06:38,1
10:06:41,0
10:06:42,1
10:06:45,0
10:06:46,1
10:06:49,0
10:06:50,1
10:06:53,0
10:06:54,1
10:06:57,0
10:06:58,1
10:07:01,0
10:07:02,1
10:07:05,0
10:07:06,1
10:07:09,0
10:07:10,1
10:07:12,0
10:07:14,1
10:07:16,0
10:07:17,1
10:07:20,0
10:07:21,1
10:07:23,0
10:07:24,1
10:07:27,0
10:07:28,1
10:07:31,0
10:07:32,1
10:07:34,0
10:07:35,1
10:07:38,0
10:07:39,1
10:07:42,0
10:07:43,1
10:07:45,0
10:07:47,1
10:07:49,0
10:07:50,1
10:07:53,0
10:07:54,1
10:07:57,0
10:07:58,1
10:08:01,0
10:08:02,1
10:08:05,0
10:08:06,1
10:08:09,0
10:08:10,1
10:08:12,0
10:08:13,1
10:08:16,0
10:08:17,1
10:08:19,0
10:08:20,1
10:08:22,0
10:08:23,1
10:08:25,0
10:08:26,1
10:08:29,0
10:08:30,1
10:08:32,0
10:08:33,1
10:08:35,0
10:08:37,1
10:08:39,0
10:08:40,1
10:08:43,0
10:08:44,1
10:08:46,0
10:08:48,1
10:08:50,0
10:08:51,1
10:08:54,0
10:08:55,1
10:08:57,0
10:08:58,1
10:09:01,0
10:09:02,1
10:09:04,0
10:09:06,1
10:09:08,0
10:09:09,1
10:09:12,0
10:09:13,1
10:09:16,0
10:09:17,1
10:09:19,0
10:09:21,1
10:09:23,0
10:09:24,1
10:09:27,0
10:09:28,1
10:09:30,0
10:09:31,1
10:09:34,0
10:09:35,1
10:09:37,0
10:09:39,1
10:09:41,0
10:09:42,1
10:09:44,0
10:09:45,1
10:09:48,0
10:09:49,1
10:09:51,0
10:09:52,1
10:09:55,0
10:09:56,1
10:09:59,0
10:10:00,1
10:10:02,0
10:10:03,1
10:10:06,0
10:10:07,1
10:10:09,0
10:10:11,1
10:10:13,0
10:10:14,1
10:10:17,0
10:10:18,1
10:10:21,0
10:10:22,1
10:10:25,0
10:10:26,1
10:10:29,0
10:10:30,1
10:10:33,0
10:10:34,1
10:10:37,0
10:10:38,1
10:10:40,0
10:10:41,1
10:10:44,0
10:10:45,1
10:10:48,0
10:10:49,1
10:10:51,0
10:10:52,1
10:10:55,0
10:10:56,1
10:10:58,0
10:10:59,1
10:11:02,0
10:11:03,1
10:11:06,0
10:11:06,1
10:11:09,0
10:11:10,1
10:11:12,0
10:11:13,1
10:11:16,0
10:11:17,1
10:11:19,0
10:11:20,1
10:11:23,0
10:11:24,1
10:11:26,0
10:11:27,1
10:11:29,0
10:11:30,1
10:11:32,0
10:11:33,1
10:11:36,0
10:11:37,1
10:11:39,0
10:11:40,1
10:11:42,0
10:11:43,1
10:11:45,0
10:11:46,1
10:11:49,0
10:11:49,1
10:11:51,0
10:11:52,1
10:11:55,0
10:11:56,1
10:11:58,0
10:11:59,1
10:12:01,0
10:12:02,1
10:12:04,0
10:12:05,1
10:12:07,0
10:12:08,1
10:12:10,0
10:12:11,1
10:12:18,0
10:12:18,1
10:12:20,0
10:12:21,1
10:12:23,0
10:12:24,1
10:12:27,0
10:12:27,1
10:12:29,0
10:12:30,1
10:12:33,0
10:12:33,1
10:12:36,0
10:12:36,1
10:12:38,0
10:12:40,1
10:12:42,0
10:12:44,1
10:12:46,0
10:12:47,1
10:12:49,0
10:12:50,1
10:12:53,0
10:12:54,1
10:12:56,0
10:12:57,1
10:12:59,0
10:13:00,1
10:13:03,0
10:13:04,1
10:13:06,0
10:13:07,1
10:13:10,0
10:13:11,1
10:13:13,0
10:13:14,1
10:13:17,0
10:13:18,1
10:13:20,0
10:13:21,1
10:13:23,0
10:13:26,0
10:13:27,1
10:13:29,0
10:13:30,1
10:13:33,0
10:13:34,1
10:13:36,0
10:13:37,1
10:13:39,0
10:13:40,1
10:13:42,0
10:13:43,1
10:13:45,0
10:13:46,1
10:13:48,0
10:13:49,1
10:13:51,0
10:13:52,1
10:13:54,0
10:13:55,1
10:13:57,0
10:13:58,1
10:14:00,0
10:14:01,1
10:14:03,0
10:14:04,1
10:14:06,0
10:14:07,1
10:14:09,0
10:14:10,1
10:14:12,0
10:14:13,1
10:14:15,0
10:14:16,1
10:14:18,0
10:14:19,1
10:14:21,0
10:14:22,1
10:14:24,0
10:14:25,1
10:14:27,0
10:14:28,1
10:14:30,0
10:14:31,1
10:14:33,0
10:14:34,1
10:14:36,0
10:14:37,1
10:14:39,0
10:14:40,1
10:14:42,0
10:14:43,1
10:14:45,0
10:14:46,1
10:14:48,0
10:14:49,1
10:14:51,0
10:14:52,1
10:14:54,0
10:14:55,1
10:14:59,0
10:15:00,1
10:15:02,0
10:15:03,1
10:15:05,0
10:15:06,1
10:15:08,0
10:15:09,1
10:15:11,0
10:15:12,1
10:15:14,0
10:15:15,1
10:15:17,0
10:15:18,1
10:15:20,0
10:15:21,1
10:15:23,0
10:15:24,1
10:15:26,0
10:15:27,1
10:15:29,0
10:15:30,1
10:15:32,0
10:15:33,1
10:15:35,0
10:15:36,1
10:15:38,0
10:15:39,1
10:15:42,0
10:15:43,1
10:15:45,0
10:15:46,1
10:15:48,0
10:15:49,1
10:15:51,0
10:15:52,1
10:15:54,0
10:15:55,1
10:15:57,0
10:15:58,1
10:16:00,0
10:16:01,1
10:16:04,0
10:16:05,1
10:16:07,0
10:16:10,0
10:16:11,1
10:16:13,0
10:16:14,1
10:16:16,0
10:16:17,1
10:16:19,0
10:16:20,1
10:16:22,0
10:16:24,1
10:16:25,0
10:16:26,1
10:16:29,1
10:16:31,0
10:16:32,1
10:16:34,0
10:16:35,1
10:16:37,0
10:16:38,1
10:16:41,0
10:16:41,1
10:16:43,0
10:16:44,1
10:16:46,0
10:16:48,1
10:16:49,0
10:16:50,1
10:16:52,0
10:16:53,1
10:16:55,0
10:16:56,1
10:16:58,0
10:16:59,1
10:17:06,0
10:17:06,1
10:17:08,0
10:17:09,1
10:17:11,0
10:17:12,1
10:17:14,0
10:17:15,1
10:17:17,0
10:17:18,1
10:17:20,0
10:17:21,1
10:17:23,0
10:17:24,1
10:17:26,0
10:17:27,1
10:17:29,0
10:17:30,1
10:17:32,0
10:17:33,1
10:17:35,0
10:17:36,1
10:17:45,0
10:17:45,1
10:17:47,0
10:17:48,1
10:17:50,0
10:17:51,1
10:17:53,0
10:17:54,1
10:17:56,0
10:17:57,1
10:18:00,0
10:18:00,1
10:18:02,0
10:18:03,1
10:18:07,0
10:18:08,1
10:18:10,0
10:18:10,1
10:18:13,0
10:18:13,1
10:18:16,0
10:18:16,1
10:18:19,0
10:18:19,1
10:18:22,1
10:18:24,0
10:18:26,1
10:18:32,0
10:18:32,1
10:18:34,0
10:18:36,1
10:18:38,0
10:18:38,1
10:18:41,0
10:18:41,1
10:18:44,0
10:18:45,1
10:18:48,0
10:18:48,1
10:18:50,0
10:18:52,1
10:18:54,0
10:18:55,1
10:18:56,0
10:18:58,1
10:19:00,0
10:19:01,1
10:19:04,0
10:19:05,1
10:19:07,0
10:19:08,1
10:19:10,0
10:19:11,1
10:19:14,0
10:19:15,1
10:19:17,0
10:19:18,1
10:19:20,0
10:19:21,1
10:19:24,0
10:19:25,1
10:19:27,0
10:19:29,1
10:19:31,0
10:19:32,1
10:19:35,0
10:19:36,1
10:19:38,0
10:19:40,1
10:19:42,0
10:19:43,1
10:19:46,0
10:19:47,1
10:19:50,0
10:19:51,1
10:19:54,0
10:19:55,1
10:19:58,0
10:19:59,1
10:20:02,0
10:20:03,1
10:20:06,0
10:20:07,1
10:20:10,0
10:20:11,1
10:20:14,0
10:20:16,1
10:20:19,0
10:20:20,1
10:20:23,0
10:20:24,1
10:20:27,0
10:20:28,1
10:20:31,0
10:20:32,1
10:20:35,0
10:20:36,1
10:20:39,0
10:20:40,1
10:20:43,0
10:20:45,1
10:20:48,0
10:20:49,1
10:20:52,0
10:20:53,1
10:20:56,0
10:20:57,1
10:21:00,0
10:21:01,1
10:21:05,0
10:21:06,1
10:21:09,0
10:21:11,1
10:21:14,0
10:21:16,1
10:21:19,0
10:21:21,1
10:21:24,0
10:21:26,1
10:21:29,0
10:21:31,1
10:21:35,0
10:21:36,1
10:21:40,0
10:21:41,1
10:21:45,0
10:21:47,1
10:21:50,0
10:21:52,1
10:21:55,0
10:21:57,1
10:22:01,0
10:22:02,1
10:22:06,0
10:22:08,1
10:22:11,0
10:22:13,1
10:22:17,0
10:22:19,1
10:22:23,0
10:22:25,1
10:22:29,0
10:22:31,1
10:22:35,0
10:22:37,1
10:22:41,0
10:22:43,1
10:22:47,0
10:22:49,1
10:22:53,0
10:22:54,1
10:22:58,0
10:22:59,1
10:23:03,0
10:23:04,1
10:23:08,0
10:23:09,1
10:23:12,0
10:23:14,1
10:23:17,0
10:23:18,1
10:23:21,0
10:23:23,1
10:23:25,0
10:23:27,1
10:23:30,0
10:23:31,1
10:23:34,0
10:23:35,1
10:23:37,0
10:23:39,1
10:23:41,0
10:23:42,1
10:23:45,0
10:23:46,1
10:23:49,0
10:23:50,1
10:23:52,0
10:23:53,1
10:23:55,0
10:23:56,1
10:23:59,0
10:24:00,1
10:24:02,0
10:24:03,1
10:24:06,0
10:24:07,1
10:24:09,0
10:24:10,1
10:24:12,0
10:24:13,1
10:24:16,0
10:24:17,1
10:24:19,0
10:24:20,1
10:24:22,0
10:24:23,1
10:24:25,0
10:24:26,1
10:24:29,0
10:24:30,1
10:24:32,0
10:24:33,1
10:24:36,0
10:24:37,1
10:24:40,0
10:24:41,1
10:24:44,0
10:24:45,1
10:24:48,0
10:24:49,1
10:24:52,0
10:24:53,1
10:24:56,0
10:24:58,1
10:25:01,0
10:25:02,1
10:25:06,0
10:25:07,1
10:25:11,0
10:25:12,1
10:25:16,0
10:25:17,1
10:25:20,0
10:25:22,1
10:25:25,0
10:25:27,1
10:25:30,0
10:25:32,1
10:25:35,0
10:25:37,1
10:25:40,0
10:25:42,1
10:25:45,0
10:25:46,1
10:25:49,0
10:25:51,1
10:25:54,0
10:25:55,1
10:25:58,0
10:25:59,1
10:26:02,0
10:26:03,1
10:26:06,0
10:26:07,1
10:26:10,0
10:26:11,1
10:26:14,0
10:26:15,1
10:26:18,0
10:26:19,1
10:26:22,0
10:26:23,1
10:26:26,0
10:26:27,1
10:26:30,0
10:26:31,1
10:26:34,0
10:26:35,1
10:26:38,0
10:26:40,1
10:26:43,0
10:26:44,1
10:26:47,0
10:26:49,1
10:26:52,0
10:26:54,1
10:26:57,0
10:26:59,1
10:27:02,0
10:27:04,1
10:27:07,0
10:27:08,1
10:27:12,0
10:27:13,1
10:27:17,0
10:27:18,1
10:27:21,0
10:27:22,1
10:27:25,0
10:27:27,1
10:27:30,0
10:27:31,1
10:27:34,0
10:27:35,1
10:27:38,0
10:27:39,1
10:27:42,0
10:27:43,1
10:27:46,0
10:27:47,1
10:27:50,0
10:27:51,1
10:27:54,0
10:27:55,1
10:27:57,0
10:27:58,1
10:28:01,0
10:28:02,1
10:28:04,0
10:28:05,1
10:28:08,0
10:28:09,1
10:28:12,0
10:28:13,1
10:28:15,0
10:28:17,1
10:28:19,0
10:28:20,1
10:28:23,0
10:28:24,1
10:28:27,0
10:28:28,1
10:28:31,0
10:28:32,1
10:28:36,0
10:28:36,1
10:28:39,0
10:28:40,1
10:28:43,0
10:28:44,1
10:28:47,0
10:28:48,1
10:28:52,0
10:28:53,1
10:28:56,0
10:28:57,1
10:29:00,0
10:29:01,1
10:29:05,0
10:29:05,1
10:29:08,0
10:29:09,1
10:29:12,0
10:29:13,1
10:29:17,0
10:29:18,1
10:29:21,0
10:29:22,1
10:29:25,0
10:29:27,1
10:29:30,0
10:29:31,1
10:29:35,0
10:29:36,1
10:29:40,0
10:29:41,1
10:29:45,0
10:29:47,1
10:29:50,0
10:29:52,1
10:29:55,0
10:29:57,1
10:30:01,0
10:30:02,1
10:30:05,0
10:30:07,1
10:30:10,0
10:30:11,1
10:30:14,0
10:30:16,1
10:30:19,0
10:30:20,1
10:30:23,0
10:30:25,1
10:30:28,0
10:30:29,1
10:30:32,0
10:30:33,1
10:30:36,0
10:30:38,1
10:30:41,0
10:30:42,1
10:30:45,0
10:30:46,1
10:30:50,0
10:30:50,1
10:30:53,0
10:30:54,1
10:30:57,0
10:30:58,1
10:31:01,0
10:31:01,1
10:31:04,0
10:31:05,1
10:31:07,0
10:31:09,1
10:31:11,0
10:31:12,1
10:31:15,0
10:31:16,1
10:31:18,0
10:31:19,1
10:31:22,0
10:31:23,1
10:31:26,0
10:31:27,1
10:31:30,0
10:31:31,1
10:31:34,0
10:31:35,1
10:31:38,0
10:31:39,1
10:31:42,0
10:31:43,1
10:31:46,0
10:31:47,1
10:31:50,0
10:31:51,1
10:31:54,0
10:31:55,1
10:31:58,0
10:31:59,1
10:32:02,0
10:32:03,1
10:32:07,0
10:32:07,1
10:32:09,0
10:32:10,1
10:32:13,0
10:32:14,1
10:32:16,0
10:32:17,1
10:32:20,0
10:32:21,1
10:32:23,0
10:32:24,1
10:32:27,0
10:32:28,1
10:32:30,0
10:32:32,1
10:32:33,0
10:32:36,1
10:32:38,0
10:32:38,1
10:32:40,0
10:32:42,1
10:32:44,0
10:32:46,1
10:32:48,0
10:32:50,1
10:32:53,0
10:32:54,1
10:32:57,0
10:32:58,1
10:33:01,0
10:33:02,1
10:33:05,0
10:33:06,1
10:33:09,0
10:33:11,1
10:33:14,0
10:33:15,1
10:33:19,0
10:33:20,1
10:33:23,0
10:33:25,1
10:33:28,0
10:33:29,1
10:33:32,0
10:33:34,1
10:33:37,0
10:33:38,1
10:33:42,0
10:33:43,1
10:33:46,0
10:33:47,1
10:33:50,0
10:33:52,1
10:33:55,0
10:33:56,1
10:33:59,0
10:34:00,1
10:34:03,0
10:34:04,1
10:34:07,0
10:34:09,1
10:34:11,0
10:34:12,1
10:34:15,0
10:34:16,1
10:34:19,0
10:34:20,1
10:34:22,0
10:34:23,1
10:34:26,0
10:34:27,1
10:34:30,0
10:34:31,1
10:34:33,0
10:34:34,1
10:34:37,0
10:34:38,1
10:34:41,0
10:34:42,1
10:34:44,0
10:34:46,1
10:34:48,0
10:34:50,1
10:34:53,0
10:34:54,1
10:34:57,0
10:34:58,1
10:35:01,0
10:35:02,1
10:35:05,0
10:35:07,1
10:35:10,0
10:35:11,1
10:35:14,0
10:35:15,1
10:35:18,0
10:35:19,1
10:35:22,0
10:35:24,1
10:35:27,0
10:35:28,1
10:35:31,0
10:35:32,1
10:35:35,0
10:35:36,1
10:35:39,0
10:35:41,1
10:35:44,0
10:35:45,1
10:35:48,0
10:35:49,1
10:35:52,0
10:35:53,1
10:35:56,0
10:35:57,1
10:36:00,0
10:36:02,1
10:36:05,0
10:36:06,1
10:36:09,0
10:36:10,1
10:36:13,0
10:36:15,1
10:36:18,0
10:36:19,1
10:36:22,0
10:36:23,1
10:36:26,0
10:36:27,1
10:36:30,0
10:36:31,1
10:36:33,0
10:36:35,1
10:36:37,0
10:36:38,1
10:36:41,0
10:36:42,1
10:36:45,0
10:36:46,1
10:36:49,0
10:36:50,1
10:36:52,0
10:36:54,1
10:36:56,0
10:36:58,1
10:37:00,0
10:37:02,1
10:37:04,0
10:37:06,1
10:37:09,0
10:37:10,1
10:37:13,0
10:37:14,1
10:37:17,0
10:37:18,1
10:37:21,0
10:37:22,1
10:37:25,0
10:37:26,1
10:37:29,0
10:37:31,1
10:37:34,0
10:37:35,1
10:37:38,0
10:37:40,1
10:37:42,0
10:37:44,1
10:37:46,0
10:37:48,1
10:37:51,0
10:37:52,1
10:37:55,0
10:37:56,1
10:37:59,0
10:38:00,1
10:38:03,0
10:38:04,1
10:38:07,0
10:38:08,1
10:38:11,0
10:38:12,1
10:38:15,0
10:38:16,1
10:38:18,0
10:38:20,1
10:38:22,0
10:38:23,1
10:38:26,0
10:38:27,1
10:38:30,0
10:38:31,1
10:38:33,0
10:38:34,1
10:38:37,0
10:38:38,1
10:38:40,0
10:38:42,1
10:38:44,0
10:38:45,1
10:38:48,0
10:38:49,1
10:38:52,0
10:38:53,1
10:38:56,0
10:38:58,1
10:39:01,0
10:39:02,1
10:39:05,0
10:39:07,1
10:39:10,0
10:39:11,1
10:39:14,0
10:39:15,1
10:39:18,0
10:39:20,1
10:39:23,0
10:39:24,1
10:39:27,0
10:39:28,1
10:39:31,0
10:39:33,1
10:39:36,0
10:39:37,1
10:39:40,0
10:39:41,1
10:39:44,0
10:39:45,1
10:39:48,0
10:39:49,1
10:39:52,0
10:39:53,1
10:39:56,0
10:39:57,1
10:40:00,0
10:40:01,1
10:40:04,0
10:40:05,1
10:40:08,0
10:40:10,1
10:40:13,0
10:40:14,1
10:40:17,0
10:40:19,1
10:40:22,0
10:40:23,1
10:40:27,0
10:40:28,1
10:40:32,0
10:40:33,1
10:40:37,0
10:40:38,1
10:40:41,0
10:40:43,1
10:40:46,0
10:40:48,1
10:40:51,0
10:40:52,1
10:40:56,0
10:40:57,1
10:41:00,0
10:41:01,1
10:41:05,0
10:41:06,1
10:41:09,0
10:41:11,1
10:41:14,0
10:41:15,1
10:41:19,0
10:41:20,1
10:41:24,0
10:41:25,1
10:41:29,0
10:41:30,1
10:41:34,0
10:41:36,1
10:41:39,0
10:41:41,1
10:41:44,0
10:41:46,1
10:41:49,0
10:41:51,1
10:41:54,0
10:41:56,1
10:42:00,0
10:42:01,1
10:42:05,0
10:42:06,1
10:42:10,0
10:42:11,1
10:42:15,0
10:42:16,1
10:42:19,0
10:42:21,1
10:42:24,0
10:42:25,1
10:42:28,0
10:42:29,1
10:42:32,0
10:42:34,1
10:42:37,0
10:42:38,1
10:42:41,0
10:42:42,1
10:42:45,0
10:42:46,1
10:42:49,0
10:42:50,1
10:42:53,0
10:42:54,1
10:42:57,0
10:42:58,1
10:43:01,0
10:43:02,1
10:43:05,0
10:43:06,1
10:43:09,0
10:43:10,1
10:43:12,0
10:43:13,1
10:43:16,0
10:43:17,1
10:43:20,0
10:43:21,1
10:43:24,0
10:43:25,1
10:43:27,0
10:43:28,1
10:43:31,0
10:43:32,1
10:43:35,0
10:43:36,1
10:43:39,0
10:43:40,1
10:43:42,0
10:43:43,1
10:43:46,0
10:43:47,1
10:43:50,0
10:43:51,1
10:43:54,0
10:43:55,1
10:43:58,0
10:43:59,1
10:44:02,0
10:44:03,1
10:44:06,0
10:44:07,1
10:44:10,0
10:44:12,1
10:44:15,0
10:44:16,1
10:44:19,0
10:44:20,1
10:44:23,0
10:44:25,1
10:44:28,0
10:44:29,1
10:44:33,0
10:44:34,1
10:44:37,0
10:44:39,1
10:44:42,0
10:44:43,1
10:44:47,0
10:44:49,1
10:44:51,0
10:44:52,1
10:44:55,0
10:44:57,1
10:45:00,0
10:45:01,1
10:45:04,0
10:45:05,1
10:45:09,0
10:45:09,1
10:45:12,0
10:45:14,1
10:45:17,0
10:45:18,1
10:45:21,0
10:45:22,1
10:45:26,0
10:45:27,1
10:45:30,0
10:45:31,1
10:45:34,0
10:45:36,1
10:45:39,0
10:45:40,1
10:45:43,0
10:45:44,1
10:45:47,0
10:45:49,1
10:45:52,0
10:45:53,1
10:45:56,0
10:45:57,1
10:45:59,0
10:46:00,1
10:46:03,0
10:46:04,1
10:46:08,0
10:46:08,1
10:46:10,0
10:46:12,1
10:46:14,0
10:46:16,1
10:46:18,0
10:46:20,1
10:46:22,0
10:46:24,1
10:46:26,0
10:46:28,1
10:46:31,0
10:46:32,1
10:46:35,0
10:46:36,1
10:46:39,0
10:46:41,1
10:46:43,0
10:46:45,1
10:46:48,0
10:46:49,1
10:46:52,0
10:46:53,1
10:46:57,0
10:46:58,1
10:47:01,0
10:47:02,1
10:47:06,0
10:47:07,1
10:47:10,0
10:47:12,1
10:47:15,0
10:47:16,1
10:47:20,0
10:47:21,1
10:47:24,0
10:47:25,1
10:47:28,0
10:47:30,1
10:47:33,0
10:47:34,1
10:47:37,0
10:47:39,1
10:47:41,0
10:47:43,1
10:47:45,0
10:47:47,1
10:47:49,0
10:47:51,1
10:47:53,0
10:47:55,1
10:47:57,0
10:47:59,1
10:48:01,0
10:48:03,1
10:48:06,0
10:48:07,1
10:48:10,0
10:48:11,1
10:48:14,0
10:48:15,1
10:48:18,0
10:48:19,1
10:48:22,0
10:48:23,1
10:48:26,0
10:48:27,1
10:48:30,0
10:48:31,1
10:48:34,0
10:48:35,1
10:48:38,0
10:48:39,1
10:48:42,0
10:48:43,1
10:48:46,0
10:48:47,1
10:48:50,0
10:48:51,1
10:48:54,0
10:48:56,1
10:48:59,0
10:49:00,1
10:49:03,0
10:49:04,1
10:49:07,0
10:49:09,1
10:49:12,0
10:49:13,1
10:49:16,0
10:49:17,1
10:49:21,0
10:49:22,1
10:49:25,0
10:49:26,1
10:49:29,0
10:49:30,1
10:49:33,0
10:49:34,1
10:49:37,0
10:49:38,1
10:49:41,0
10:49:42,1
10:49:45,0
10:49:46,1
10:49:49,0
10:49:50,1
10:49:53,0
10:49:54,1
10:49:56,0
10:49:57,1
10:50:00,0
10:50:01,1
10:50:04,0
10:50:05,1
10:50:07,0
10:50:08,1
10:50:11,0
10:50:12,1
10:50:14,0
10:50:15,1
10:50:18,0
10:50:19,1
10:50:21,0
10:50:22,1
10:50:25,0
10:50:26,1
10:50:28,0
10:50:29,1
10:50:32,0
10:50:33,1
10:50:35,0
10:50:36,1
10:50:39,0
10:50:40,1
10:50:43,0
10:50:44,1
10:50:46,0
10:50:47,1
10:50:50,0
10:50:51,1
10:50:53,0
10:50:54,1
10:50:57,0
10:50:58,1
10:51:00,0
10:51:01,1
10:51:04,0
10:51:05,1
10:51:08,0
10:51:09,1
10:51:11,0
10:51:12,1
10:51:15,0
10:51:16,1
10:51:19,0
10:51:20,1
10:51:22,0
10:51:23,1
10:51:26,0
10:51:27,1
10:51:29,0
10:51:30,1
10:51:33,0
10:51:34,1
10:51:36,0
10:51:37,1
10:51:40,0
10:51:41,1
10:51:43,0
10:51:44,1
10:51:46,0
10:51:47,1
10:51:50,0
10:51:51,1
10:51:53,0
10:51:54,1
10:51:56,0
10:51:57,1
10:52:00,0
10:52:01,1
10:52:03,0
10:52:04,1
10:52:07,0
10:52:08,1
10:52:10,0
10:52:11,1
10:52:13,0
10:52:14,1
10:52:17,0
10:52:18,1
10:52:20,0
10:52:21,1
10:52:24,0
10:52:25,1
10:52:27,0
10:52:28,1
10:52:31,0
10:52:32,1
10:52:34,0
10:52:35,1
10:52:38,0
10:52:39,1
10:52:41,0
10:52:42,1
10:52:45,0
10:52:46,1
10:52:48,0
10:52:49,1
10:52:51,0
10:52:52,1
10:52:55,0
10:52:56,1
10:52:58,0
10:52:59,1
10:53:01,0
10:53:02,1
10:53:04,0
10:53:05,1
10:53:08,0
10:53:09,1
10:53:11,0
10:53:12,1
10:53:15,0
10:53:16,1
10:53:18,0
10:53:20,1
10:53:22,0
10:53:22,1
10:53:26,0
10:53:27,1
10:53:28,0
10:53:30,1
10:53:33,0
10:53:34,1
10:53:36,0
10:53:37,1
10:53:40,0
10:53:41,1
10:53:43,0
10:53:44,1
10:53:47,0
10:53:48,1
10:53:51,0
10:53:52,1
10:53:54,0
10:53:55,1
10:53:58,0
10:53:59,1
10:54:01,0
10:54:02,1
10:54:05,0
10:54:06,1
10:54:08,0
10:54:09,1
10:54:12,0
10:54:13,1
10:54:15,0
10:54:16,1
10:54:19,0
10:54:20,1
10:54:23,0
10:54:24,1
10:54:26,0
10:54:27,1
10:54:30,0
10:54:31,1
10:54:34,0
10:54:36,1
10:54:38,0
10:54:40,1
10:54:42,0
10:54:44,1
10:54:46,0
10:54:48,1
10:54:51,0
10:54:52,1
10:54:55,0
10:54:56,1
10:54:58,0
10:55:00,1
10:55:02,0
10:55:03,1
10:55:06,0
10:55:07,1
10:55:09,0
10:55:10,1
10:55:13,0
10:55:14,1
10:55:16,0
10:55:17,1
10:55:19,0
10:55:20,1
10:55:23,0
10:55:24,1
10:55:26,0
10:55:27,1
10:55:29,0
10:55:30,1
10:55:32,0
10:55:33,1
10:55:36,0
10:55:37,1
10:55:39,0
10:55:40,1
10:55:42,0
10:55:43,1
10:55:46,0
10:55:47,1
10:55:49,0
10:55:50,1
10:55:53,0
10:55:54,1
10:55:56,0
10:55:57,1
10:55:59,0
10:56:01,1
10:56:03,0
10:56:04,1
10:56:07,0
10:56:08,1
10:56:10,0
10:56:11,1
10:56:14,0
10:56:15,1
10:56:18,0
10:56:19,1
10:56:22,0
10:56:23,1
10:56:26,0
10:56:28,1
10:56:31,0
10:56:32,1
10:56:35,0
10:56:37,1
10:56:40,0
10:56:41,1
10:56:45,0
10:56:46,1
10:56:49,0
10:56:50,1
10:56:54,0
10:56:55,1
10:56:59,0
10:57:00,1
10:57:04,0
10:57:05,1
10:57:08,0
10:57:10,1
10:57:13,0
10:57:15,1
10:57:18,0
10:57:19,1
10:57:23,0
10:57:24,1
10:57:27,0
10:57:29,1
10:57:32,0
10:57:33,1
10:57:37,0
10:57:38,1
10:57:41,0
10:57:42,1
10:57:45,0
10:57:47,1
10:57:50,0
10:57:51,1
10:57:54,0
10:57:55,1
10:57:58,0
10:57:59,1
10:58:02,0
10:58:03,1
10:58:06,0
10:58:07,1
10:58:09,0
10:58:10,1
10:58:13,0
10:58:14,1
10:58:17,0
10:58:18,1
10:58:20,0
10:58:22,1
10:58:24,0
10:58:25,1
10:58:28,0
10:58:29,1
10:58:31,0
10:58:32,1
10:58:35,0
10:58:36,1
10:58:39,0
10:58:40,1
10:58:42,0
10:58:44,1
10:58:46,0
10:58:47,1
10:58:50,0
10:58:51,1
10:58:53,0
10:58:55,1
10:58:57,0
10:58:58,1
10:59:01,0
10:59:02,1
10:59:05,0
10:59:06,1
10:59:09,0
10:59:10,1
10:59:13,0
10:59:14,1
10:59:17,0
10:59:18,1
10:59:21,0
10:59:22,1
10:59:25,0
10:59:26,1
10:59:29,0
10:59:30,1
10:59:33,0
10:59:34,1
10:59:38,0
10:59:39,1
10:59:42,0
10:59:44,1
10:59:47,0
10:59:49,1
10:59:52,0
10:59:54,1
10:59:57,0
10:59:59,1
11:00:02,0
11:00:04,1
11:00:08,0
11:00:09,1
11:00:13,0
11:00:14,1
11:00:18,0
11:00:20,1
11:00:24,0
11:00:25,1
11:00:29,0
11:00:31,1
11:00:34,0
11:00:36,1
11:00:40,0
11:00:41,1
11:00:45,0
11:00:46,1
11:00:50,0
11:00:51,1
11:00:55,0
11:00:56,1
11:01:00,0
11:01:01,1
11:01:05,0
11:01:06,1
11:01:10,0
11:01:11,1
11:01:15,0
11:01:16,1
11:01:19,0
11:01:20,1
11:01:24,0
11:01:25,1
11:01:28,0
11:01:29,1
11:01:33,0
11:01:34,1
11:01:37,0
11:01:38,1
11:01:41,0
11:01:43,1
11:01:46,0
11:01:47,1
11:01:50,0
11:01:51,1
11:01:54,0
11:01:55,1
11:01:58,0
11:02:00,1
11:02:03,0
11:02:04,1
11:02:07,0
11:02:08,1
11:02:11,0
11:02:12,1
11:02:15,0
11:02:17,1
11:02:20,0
11:02:21,1
11:02:24,0
11:02:25,1
11:02:28,0
11:02:29,1
11:02:32,0
11:02:33,1
11:02:36,0
11:02:37,1
11:02:40,0
11:02:41,1
11:02:44,0
11:02:45,1
11:02:48,0
11:02:49,1
11:02:52,0
11:02:53,1
11:02:56,0
11:02:58,1
11:03:01,0
11:03:02,1
11:03:05,0
11:03:07,1
11:03:10,0
11:03:11,1
11:03:14,0
11:03:16,1
11:03:19,0
11:03:20,1
11:03:24,0
11:03:25,1
11:03:28,0
11:03:29,1
11:03:33,0
11:03:34,1
11:03:37,0
11:03:39,1
11:03:42,0
11:03:43,1
11:03:47,0
11:03:48,1
11:03:51,0
11:03:53,1
11:03:56,0
11:03:58,1
11:04:01,0
11:04:02,1
11:04:06,0
11:04:07,1
11:04:10,0
11:04:12,1
11:04:15,0
11:04:16,1
11:04:20,0
11:04:21,1
11:04:25,0
11:04:26,1
11:04:29,0
11:04:31,1
11:04:34,0
11:04:35,1
11:04:39,0
11:04:40,1
11:04:44,0
11:04:45,1
11:04:49,0
11:04:50,1
11:04:54,0
11:04:55,1
11:04:59,0
11:05:01,1
11:05:04,0
11:05:06,1
11:05:09,0
11:05:10,1
11:05:14,0
11:05:15,1
11:05:19,0
11:05:20,1
11:05:23,0
11:05:25,1
11:05:28,0
11:05:29,1
11:05:33,0
11:05:34,1
11:05:38,0
11:05:39,1
11:05:43,0
11:05:44,1
11:05:48,0
11:05:49,1
11:05:52,0
11:05:54,1
11:05:57,0
11:05:58,1
11:06:01,0
11:06:03,1
11:06:06,0
11:06:07,1
11:06:10,0
11:06:12,1
11:06:15,0
11:06:16,1
11:06:19,0
11:06:21,1
11:06:24,0
11:06:26,1
11:06:29,0
11:06:31,1
11:06:34,0
11:06:36,1
11:06:39,0
11:06:41,1
11:06:44,0
11:06:46,1
11:06:49,0
11:06:51,1
11:06:54,0
11:06:55,1
11:06:59,0
11:07:00,1
11:07:03,0
11:07:05,1
11:07:08,0
11:07:10,1
11:07:14,0
11:07:16,1
11:07:20,0
11:07:22,1
11:07:27,0
11:07:29,1
11:07:33,0
11:07:35,1
11:07:39,0
11:07:41,1
11:07:45,0
11:07:47,1
11:07:51,0
11:07:53,1
11:07:58,0
11:08:00,1
11:08:04,0
11:08:06,1
11:08:11,0
11:08:13,1
11:08:17,0
11:08:19,1
11:08:24,0
11:08:26,1
11:08:30,0
11:08:32,1
11:08:37,0
11:08:38,1
11:08:43,0
11:08:44,1
11:08:48,0
11:08:50,1
11:08:54,0
11:08:56,1
11:09:00,0
11:09:01,1
11:09:08,1
11:09:11,0
11:09:12,1
11:09:16,0
11:09:18,1
11:09:22,0
11:09:23,1
11:09:27,0
11:09:28,1
11:09:32,0
11:09:34,1
11:09:37,0
11:09:39,1
11:09:42,0
11:09:44,1
11:09:47,0
11:09:48,1
11:09:52,0
11:09:53,1
11:09:57,0
11:09:58,1
11:10:01,0
11:10:03,1
11:10:06,0
11:10:07,1
11:10:11,0
11:10:12,1
11:10:15,0
11:10:16,1
11:10:20,0
11:10:21,1
11:10:24,0
11:10:25,1
11:10:29,0
11:10:30,1
11:10:33,0
11:10:34,1
11:10:38,0
11:10:39,1
11:10:42,0
11:10:44,1
11:10:47,0
11:10:48,1
11:10:52,0
11:10:53,1
11:10:56,0
11:10:58,1
11:11:01,0
11:11:02,1
11:11:06,0
11:11:07,1
11:11:11,0
11:11:12,1
11:11:16,0
11:11:17,1
11:11:21,0
11:11:23,1
11:11:27,0
11:11:29,1
11:11:33,0
11:11:34,1
11:11:39,0
11:11:41,1
11:11:45,0
11:11:46,1
11:11:51,0
11:11:53,1
11:11:57,0
11:11:59,1
11:12:04,0
11:12:06,1
11:12:10,0
11:12:12,1
11:12:16,0
11:12:17,1
11:12:22,0
11:12:23,1
11:12:27,0
11:12:29,1
11:12:33,0
11:12:35,1
11:12:39,0
11:12:40,1
11:12:44,0
11:12:46,1
11:12:50,0
11:12:51,1
11:12:55,0
11:12:57,1
11:13:01,0
11:13:02,1
11:13:06,0
11:13:08,1
11:13:12,0
11:13:14,1
11:13:18,0
11:13:19,1
11:13:23,0
11:13:25,1
11:13:28,0
11:13:30,1
11:13:34,0
11:13:35,1
11:13:39,0
11:13:40,1
11:13:44,0
11:13:45,1
11:13:49,0
11:13:50,1
11:13:54,0
11:13:56,1
11:13:59,0
11:14:01,1
11:14:04,0
11:14:06,1
11:14:10,0
11:14:11,1
11:14:15,0
11:14:16,1
11:14:20,0
11:14:22,1
11:14:25,0
11:14:27,1
11:14:30,0
11:14:32,1
11:14:36,0
11:14:37,1
11:14:41,0
11:14:42,1
11:14:46,0
11:14:47,1
11:14:51,0
11:14:52,1
11:14:56,0
11:14:57,1
11:15:00,0
11:15:02,1
11:15:05,0
11:15:07,1
11:15:10,0
11:15:12,1
11:15:15,0
11:15:17,1
11:15:20,0
11:15:22,1
11:15:25,0
11:15:27,1
11:15:31,0
11:15:32,1
11:15:36,0
11:15:37,1
11:15:41,0
11:15:43,1
11:15:47,0
11:15:49,1
11:15:54,0
11:15:56,1
11:16:03,0
11:16:04,1
11:16:11,0
11:16:13,1
11:16:21,0
11:16:22,1
11:16:31,0
11:16:33,1
11:16:38,0
11:16:41,1
11:16:46,0
11:16:48,1
11:16:55,0
11:16:56,1
11:17:00,0
11:17:02,1
11:17:07,0
11:17:09,1
11:17:13,0
11:17:15,1
11:17:19,0
11:17:20,1
11:17:24,0
11:17:26,1
11:17:30,0
11:17:32,1
11:17:36,0
11:17:38,1
11:17:42,0
11:17:43,1
11:17:47,0
11:17:48,1
11:17:52,0
11:17:53,1
11:17:57,0
11:17:58,1
11:18:02,0
11:18:03,1
11:18:06,0
11:18:08,1
11:18:11,0
11:18:12,1
11:18:16,0
11:18:17,1
11:18:20,0
11:18:22,1
11:18:25,0
11:18:26,1
11:18:30,0
11:18:31,1
11:18:35,0
11:18:37,1
11:18:40,0
11:18:42,1
11:18:45,0
11:18:47,1
11:18:51,0
11:18:53,1
11:18:57,0
11:18:59,1
11:19:03,0
11:19:05,1
11:19:10,0
11:19:12,1
11:19:16,0
11:19:18,1
11:19:22,0
11:19:24,1
11:19:27,0
11:19:29,1
11:19:34,1
11:19:38,0
11:19:40,1
11:19:44,0
11:19:46,1
11:19:50,0
11:19:51,1
11:19:55,0
11:19:57,1
11:20:00,0
11:20:02,1
11:20:06,0
11:20:07,1
11:20:11,0
11:20:12,1
11:20:16,0
11:20:18,1
11:20:21,0
11:20:23,1
11:20:27,0
11:20:29,1
11:20:32,0
11:20:34,1
11:20:38,0
11:20:39,1
11:20:43,0
11:20:45,1
11:20:48,0
11:20:49,1
11:20:53,0
11:20:54,1
11:20:58,0
11:20:59,1
11:21:03,0
11:21:05,1
11:21:08,0
11:21:10,1
11:21:13,0
11:21:15,1
11:21:19,0
11:21:20,1
11:21:24,0
11:21:25,1
11:21:29,0
11:21:31,1
11:21:34,0
11:21:36,1
11:21:40,0
11:21:41,1
11:21:45,0
11:21:47,1
11:21:51,0
11:21:53,1
11:21:57,0
11:21:58,1
11:22:02,0
11:22:04,1
11:22:07,0
11:22:09,1
11:22:12,0
11:22:14,1
11:22:17,0
11:22:19,1
11:22:22,0
11:22:23,1
11:22:27,0
11:22:28,1
11:22:31,0
11:22:32,1
11:22:35,0
11:22:37,1
11:22:39,0
11:22:41,1
11:22:43,0
11:22:45,1
11:22:47,0
11:22:49,1
11:22:51,0
11:22:53,1
11:22:55,0
11:22:56,1
11:22:59,0
11:23:00,1
11:23:02,0
11:23:03,1
11:23:06,0
11:23:07,1
11:23:09,0
11:23:10,1
11:23:13,0
11:23:14,1
11:23:16,0
11:23:17,1
11:23:19,0
11:23:20,1
11:23:23,0
11:23:24,1
11:23:26,0
11:23:27,1
11:23:29,0
11:23:30,1
11:23:33,0
11:23:34,1
11:23:36,0
11:23:37,1
11:23:40,0
11:23:41,1
11:23:43,0
11:23:44,1
11:23:47,0
11:23:48,1
11:23:50,0
11:23:52,1
11:23:54,0
11:23:55,1
11:23:56,0
11:23:59,1
11:24:01,0
11:24:02,1
11:24:04,0
11:24:05,1
11:24:08,0
11:24:09,1
11:24:11,0
11:24:13,1
11:24:15,0
11:24:16,1
11:24:19,0
11:24:20,1
11:24:22,0
11:24:23,1
11:24:26,0
11:24:27,1
11:24:30,0
11:24:31,1
11:24:34,0
11:24:35,1
11:24:38,0
11:24:39,1
11:24:42,0
11:24:44,1
11:24:47,0
11:24:48,1
11:24:51,0
11:24:52,1
11:24:55,0
11:24:56,1
11:24:59,0
11:25:01,1
11:25:03,0
11:25:05,1
11:25:08,0
11:25:09,1
11:25:12,0
11:25:13,1
11:25:16,0
11:25:17,1
11:25:20,0
11:25:21,1
11:25:24,0
11:25:25,1
11:25:28,0
11:25:29,1
11:25:31,0
11:25:32,1
11:25:35,0
11:25:36,1
11:25:39,0
11:25:40,1
11:25:42,0
11:25:43,1
11:25:46,0
11:25:47,1
11:25:50,0
11:25:51,1
11:25:54,0
11:25:55,1
11:25:58,0
11:25:59,1
11:26:02,0
11:26:03,1
11:26:06,0
11:26:07,1
11:26:10,0
11:26:11,1
11:26:14,0
11:26:16,1
11:26:19,0
11:26:20,1
11:26:23,0
11:26:25,1
11:26:28,0
11:26:29,1
11:26:33,0
11:26:34,1
11:26:37,0
11:26:39,1
11:26:42,0
11:26:44,1
11:26:47,0
11:26:48,1
11:26:51,0
11:26:53,1
11:26:56,0
11:26:57,1
11:27:00,0
11:27:01,1
11:27:05,0
11:27:06,1
11:27:09,0
11:27:11,1
11:27:14,0
11:27:15,1
11:27:19,0
11:27:20,1
11:27:24,0
11:27:25,1
11:27:29,0
11:27:30,1
11:27:33,0
11:27:35,1
11:27:38,0
11:27:40,1
11:27:43,0
11:27:45,1
11:27:48,0
11:27:50,1
11:27:53,0
11:27:55,1
11:27:58,0
11:27:59,1
11:28:03,0
11:28:04,1
11:28:07,0
11:28:08,1
11:28:11,0
11:28:12,1
11:28:15,0
11:28:16,1
11:28:19,0
11:28:20,1
11:28:23,0
11:28:24,1
11:28:27,0
11:28:28,1
11:28:30,0
11:28:31,1
11:28:34,0
11:28:35,1
11:28:38,0
11:28:39,1
11:28:41,0
11:28:42,1
11:28:45,0
11:28:46,1
11:28:49,0
11:28:50,1
11:28:52,0
11:28:53,1
11:28:56,0
11:28:57,1
11:29:00,0
11:29:01,1
11:29:04,0
11:29:05,1
11:29:08,0
11:29:10,1
11:29:13,0
11:29:14,1
11:29:17,0
11:29:18,1
11:29:21,0
11:29:23,1
11:29:26,0
11:29:27,1
11:29:30,0
11:29:31,1
11:29:35,0
11:29:36,1
11:29:39,0
11:29:40,1
11:29:44,0
11:29:45,1
11:29:48,0
11:29:50,1
11:29:53,0
11:29:55,1
11:29:58,0
11:29:59,1
11:30:03,0
11:30:04,1
11:30:07,0
11:30:09,1
11:30:12,0
11:30:13,1
11:30:16,0
11:30:18,1
11:30:21,0
11:30:22,1
11:30:26,0
11:30:27,1
11:30:30,0
11:30:32,1
11:30:35,0
11:30:36,1
11:30:40,0
11:30:42,1
11:30:45,0
11:30:47,1
11:30:50,0
11:30:51,1
11:30:55,0
11:30:56,1
11:31:00,0
11:31:01,1
11:31:04,0
11:31:06,1
11:31:09,0
11:31:10,1
11:31:13,0
11:31:15,1
11:31:18,0
11:31:19,1
11:31:23,0
11:31:24,1
11:31:27,0
11:31:28,1
11:31:31,0
11:31:33,1
11:31:36,0
11:31:37,1
11:31:40,0
11:31:41,1
11:31:43,0
11:31:45,1
11:31:47,0
11:31:49,1
11:31:52,0
11:31:53,1
11:31:56,0
11:31:57,1
11:32:00,0
11:32:01,1
11:32:05,0
11:32:06,1
11:32:09,0
11:32:11,1
11:32:14,0
11:32:15,1
11:32:19,0
11:32:20,1
11:32:23,0
11:32:24,1
11:32:28,0
11:32:29,1
11:32:32,0
11:32:33,1
11:32:37,0
11:32:38,1
11:32:41,0
11:32:42,1
11:32:46,0
11:32:47,1
11:32:50,0
11:32:52,1
11:32:55,0
11:32:56,1
11:33:00,0
11:33:01,1
11:33:04,0
11:33:06,1
11:33:09,0
11:33:10,1
11:33:13,0
11:33:15,1
11:33:18,0
11:33:19,1
11:33:22,0
11:33:23,1
11:33:27,0
11:33:28,1
11:33:31,0
11:33:32,1
11:33:35,0
11:33:36,1
11:33:39,0
11:33:41,1
11:33:44,0
11:33:45,1
11:33:48,0
11:33:50,1
11:33:53,0
11:33:54,1
11:33:58,0
11:33:59,1
11:34:02,0
11:34:04,1
11:34:07,0
11:34:09,1
11:34:12,0
11:34:14,1
11:34:17,0
11:34:18,1
11:34:22,0
11:34:23,1
11:34:27,0
11:34:29,1
11:34:32,0
11:34:33,1
11:34:37,0
11:34:38,1
11:34:41,0
11:34:43,1
11:34:46,0
11:34:47,1
11:34:50,0
11:34:51,1
11:34:54,0
11:34:56,1
11:34:58,0
11:35:00,1
11:35:03,0
11:35:04,1
11:35:07,0
11:35:09,1
11:35:11,0
11:35:12,1
11:35:15,0
11:35:16,1
11:35:19,0
11:35:20,1
11:35:23,0
11:35:25,1
11:35:28,0
11:35:29,1
11:35:32,0
11:35:33,1
11:35:36,0
11:35:37,1
11:35:41,0
11:35:41,1
11:35:44,0
11:35:46,1
11:35:48,0
11:35:50,1
11:35:53,0
11:35:54,1
11:35:57,0
11:35:58,1
11:36:01,0
11:36:02,1
11:36:04,0
11:36:06,1
11:36:09,0
11:36:11,1
11:36:13,0
11:36:15,1
11:36:17,0
11:36:18,1
11:36:21,0
11:36:22,1
11:36:25,0
11:36:26,1
11:36:29,0
11:36:30,1
11:36:34,0
11:36:34,1
11:36:37,0
11:36:38,1
11:36:41,0
11:36:42,1
11:36:45,0
11:36:46,1
11:36:49,0
11:36:51,1
11:36:54,0
11:36:55,1
11:36:58,0
11:37:01,1
11:37:03,0
11:37:04,1
11:37:08,0
11:37:09,1
11:37:13,0
11:37:14,1
11:37:17,0
11:37:19,1
11:37:22,0
11:37:24,1
11:37:27,0
11:37:30,1
11:37:32,0
11:37:34,1
11:37:37,0
11:37:40,1
11:37:42,0
11:37:44,1
11:37:47,0
11:37:49,1
11:37:53,0
11:37:54,1
11:37:58,0
11:37:59,1
11:38:03,0
11:38:04,1
11:38:08,0
11:38:09,1
11:38:13,0
11:38:14,1
11:38:18,0
11:38:19,1
11:38:22,0
11:38:25,1
11:38:27,0
11:38:28,1
11:38:31,0
11:38:34,1
11:38:36,0
11:38:37,1
11:38:41,0
11:38:42,1
11:38:45,0
11:38:46,1
11:38:49,0
11:38:50,1
11:38:54,0
11:38:54,1
11:38:57,0
11:38:58,1
11:39:01,0
11:39:03,1
11:39:06,0
11:39:07,1
11:39:10,0
11:39:12,1
11:39:14,0
11:39:16,1
11:39:18,0
11:39:20,1
11:39:24,0
11:39:24,1
11:39:28,0
11:39:30,1
11:39:32,0
11:39:34,1
11:39:36,0
11:39:38,1
11:39:42,0
11:39:43,1
11:39:46,0
11:39:47,1
11:39:50,0
11:39:51,1
11:39:54,0
11:39:55,1
11:39:58,0
11:39:59,1
11:40:02,0
11:40:03,1
11:40:06,0
11:40:07,1
11:40:10,0
11:40:11,1
11:40:13,0
11:40:15,1
11:40:17,0
11:40:18,1
11:40:21,0
11:40:22,1
11:40:25,0
11:40:26,1
11:40:29,0
11:40:31,1
11:40:34,0
11:40:35,1
11:40:38,0
11:40:39,1
11:40:42,0
11:40:44,1
11:40:47,0
11:40:48,1
11:40:52,0
11:40:53,1
11:40:57,0
11:40:59,1
11:41:03,0
11:41:04,1
11:41:08,0
11:41:10,1
11:41:15,0
11:41:16,1
11:41:21,0
11:41:23,1
11:41:27,0
11:41:29,1
11:41:33,0
11:41:35,1
11:41:39,0
11:41:40,1
11:41:44,0
11:41:46,1
11:41:50,0
11:41:52,1
11:41:56,0
11:41:57,1
11:42:01,0
11:42:03,1
11:42:07,0
11:42:09,1
11:42:13,0
11:42:14,1
11:42:18,0
11:42:20,1
11:42:23,0
11:42:25,1
11:42:29,0
11:42:31,1
11:42:34,0
11:42:36,1
11:42:40,0
11:42:41,1
11:42:45,0
11:42:47,1
11:42:51,0
11:42:52,1
11:42:56,0
11:42:58,1
11:43:01,0
11:43:03,1
11:43:07,0
11:43:08,1
11:43:12,0
11:43:13,1
11:43:17,0
11:43:18,1
11:43:21,0
11:43:23,1
11:43:26,0
11:43:27,1
11:43:30,0
11:43:32,1
11:43:35,0
11:43:36,1
11:43:39,0
11:43:40,1
11:43:43,0
11:43:45,1
11:43:48,0
11:43:49,1
11:43:52,0
11:43:53,1
11:43:56,0
11:43:57,1
11:44:00,0
11:44:02,1
11:44:04,0
11:44:06,1
11:44:08,0
11:44:09,1
11:44:12,0
11:44:13,1
11:44:16,0
11:44:18,1
11:44:20,0
11:44:21,1
11:44:24,0
11:44:25,1
11:44:28,0
11:44:29,1
11:44:32,0
11:44:33,1
11:44:36,0
11:44:37,1
11:44:40,0
11:44:41,1
11:44:44,0
11:44:45,1
11:44:48,0
11:44:49,1
11:44:52,0
11:44:53,1
11:44:56,0
11:44:57,1
11:45:00,0
11:45:01,1
11:45:03,0
11:45:05,1
11:45:07,0
11:45:09,1
11:45:12,0
11:45:13,1
11:45:16,0
11:45:17,1
11:45:21,0
11:45:22,1
11:45:25,0
11:45:27,1
11:45:31,0
11:45:32,1
11:45:36,0
11:45:37,1
11:45:41,0
11:45:43,1
11:45:46,0
11:45:48,1
11:45:51,0
11:45:53,1
11:45:56,0
11:45:57,1
11:46:01,0
11:46:02,1
11:46:05,0
11:46:07,1
11:46:10,0
11:46:11,1
11:46:15,0
11:46:16,1
11:46:19,0
11:46:21,1
11:46:24,0
11:46:25,1
11:46:29,0
11:46:30,1
11:46:33,0
11:46:35,1
11:46:38,0
11:46:39,1
11:46:43,0
11:46:44,1
11:46:48,0
11:46:49,1
11:46:52,0
11:46:54,1
11:46:57,0
11:46:58,1
11:47:01,0
11:47:03,1
11:47:06,0
11:47:07,1
11:47:10,0
11:47:11,1
11:47:14,0
11:47:15,1
11:47:18,0
11:47:20,1
11:47:22,0
11:47:24,1
11:47:27,0
11:47:28,1
11:47:31,0
11:47:32,1
11:47:35,0
11:47:36,1
11:47:39,0
11:47:40,1
11:47:43,0
11:47:44,1
11:47:47,0
11:47:48,1
11:47:51,0
11:47:52,1
11:47:55,0
11:47:57,1
11:47:59,0
11:48:01,1
11:48:03,0
11:48:05,1
11:48:07,0
11:48:09,1
11:48:11,0
11:48:13,1
11:48:15,0
11:48:17,1
11:48:20,0
11:48:21,1
11:48:24,0
11:48:25,1
11:48:27,0
11:48:29,1
11:48:31,0
11:48:33,1
11:48:35,0
11:48:37,1
11:48:39,0
11:48:41,1
11:48:43,0
11:48:45,1
11:48:48,0
11:48:49,1
11:48:52,0
11:48:53,1
11:48:57,0
11:48:58,1
11:49:02,0
11:49:03,1
11:49:07,0
11:49:08,1
11:49:12,0
11:49:14,1
11:49:18,0
11:49:19,1
11:49:23,0
11:49:25,1
11:49:29,0
11:49:30,1
11:49:34,0
11:49:36,1
11:49:39,0
11:49:41,1
11:49:45,0
11:49:46,1
11:49:50,0
11:49:51,1
11:49:54,0
11:49:56,1
11:49:59,0
11:50:01,1
11:50:04,0
11:50:05,1
11:50:09,0
11:50:10,1
11:50:13,0
11:50:15,1
11:50:18,0
11:50:19,1
11:50:22,0
11:50:23,1
11:50:27,0
11:50:28,1
11:50:31,0
11:50:32,1
11:50:36,0
11:50:37,1
11:50:40,0
11:50:41,1
11:50:45,0
11:50:46,1
11:50:49,0
11:50:51,1
11:50:54,0
11:50:56,1
11:50:59,0
11:51:00,1
11:51:03,0
11:51:05,1
11:51:08,0
11:51:09,1
11:51:12,0
11:51:14,1
11:51:17,0
11:51:19,1
11:51:22,0
11:51:23,1
11:51:27,0
11:51:28,1
11:51:31,0
11:51:32,1
11:51:35,0
11:51:36,1
11:51:39,0
11:51:41,1
11:51:43,0
11:51:45,1
11:51:47,0
11:51:49,1
11:51:51,0
11:51:53,1
11:51:55,0
11:51:57,1
11:51:59,0
11:52:01,1
11:52:03,0
11:52:05,1
11:52:07,0
11:52:08,1
11:52:11,0
11:52:12,1
11:52:15,0
11:52:16,1
11:52:19,0
11:52:20,1
11:52:23,0
11:52:24,1
11:52:27,0
11:52:28,1
11:52:31,0
11:52:32,1
11:52:35,0
11:52:36,1
11:52:39,0
11:52:41,1
11:52:44,0
11:52:45,1
11:52:48,0
11:52:49,1
11:52:52,0
11:52:54,1
11:52:56,0
11:52:58,1
11:53:01,0
11:53:02,1
11:53:05,0
11:53:06,1
11:53:09,0
11:53:10,1
11:53:13,0
11:53:14,1
11:53:17,0
11:53:18,1
11:53:21,0
11:53:22,1
11:53:24,0
11:53:25,1
11:53:28,0
11:53:29,1
11:53:31,0
11:53:34,1
11:53:35,0
11:53:36,1
11:53:39,0
11:53:40,1
11:53:43,0
11:53:44,1
11:53:47,0
11:53:48,1
11:53:51,0
11:53:52,1
11:53:56,0
11:53:56,1
11:54:00,0
11:54:00,1
11:54:04,0
11:54:05,1
11:54:08,0
11:54:10,1
11:54:12,0
11:54:14,1
11:54:18,0
11:54:18,1
11:54:22,0
11:54:24,1
11:54:27,0
11:54:28,1
11:54:32,0
11:54:33,1
11:54:36,0
11:54:38,1
11:54:41,0
11:54:42,1
11:54:45,0
11:54:47,1
11:54:50,0
11:54:51,1
11:54:55,0
11:54:56,1
11:54:59,0
11:55:01,1
11:55:04,0
11:55:05,1
11:55:08,0
11:55:10,1
11:55:13,0
11:55:14,1
11:55:18,0
11:55:19,1
11:55:22,0
11:55:23,1
11:55:27,0
11:55:28,1
11:55:31,0
11:55:32,1
11:55:36,0
11:55:37,1
11:55:40,0
11:55:41,1
11:55:45,0
11:55:46,1
11:55:49,0
11:55:51,1
11:55:54,0
11:55:55,1
11:55:59,0
11:56:00,1
11:56:03,0
11:56:05,1
11:56:08,0
11:56:10,1
11:56:13,0
11:56:14,1
11:56:17,0
11:56:19,1
11:56:22,0
11:56:23,1
11:56:26,0
11:56:28,1
11:56:31,0
11:56:32,1
11:56:35,0
11:56:36,1
11:56:40,0
11:56:41,1
11:56:45,0
11:56:46,1
11:56:49,0
11:56:51,1
11:56:54,0
11:56:56,1
11:56:59,0
11:57:01,1
11:57:05,0
11:57:06,1
11:57:10,0
11:57:11,1
11:57:14,0
11:57:16,1
11:57:19,0
11:57:20,1
11:57:23,0
11:57:24,1
11:57:27,0
11:57:29,1
11:57:32,0
11:57:33,1
11:57:36,0
11:57:37,1
11:57:40,0
11:57:41,1
11:57:44,0
11:57:45,1
11:57:48,0
11:57:49,1
11:57:52,0
11:57:53,1
11:57:56,0
11:57:57,1
11:58:00,0
11:58:01,1
11:58:04,0
11:58:06,1
11:58:09,0
11:58:10,1
11:58:13,0
11:58:14,1
11:58:17,0
11:58:18,1
11:58:21,0
11:58:22,1
11:58:25,0
11:58:27,1
11:58:29,0
11:58:31,1
11:58:34,0
11:58:35,1
11:58:38,0
11:58:39,1
11:58:42,0
11:58:43,1
11:58:46,0
11:58:47,1
11:58:50,0
11:58:51,1
11:58:54,0
11:58:56,1
11:58:59,0
11:59:00,1
11:59:03,0
11:59:04,1
11:59:07,0
11:59:09,1
11:59:12,0
11:59:14,1
11:59:18,0
11:59:19,1
11:59:23,0
11:59:25,1
11:59:29,0
11:59:30,1
11:59:34,0
11:59:36,1
11:59:40,0
11:59:41,1
11:59:45,0
11:59:47,1
11:59:51,0
11:59:52,1
11:59:56,0
11:59:57,1
12:00:01,0
12:00:03,1
12:00:07,0
12:00:08,1
12:00:12,0
12:00:14,1
12:00:18,0
12:00:19,1
12:00:23,0
12:00:25,1
12:00:29,0
12:00:31,1
12:00:35,0
12:00:36,1
12:00:40,0
12:00:42,1
12:00:46,0
12:00:47,1
12:00:51,0
12:00:52,1
12:00:56,0
12:00:57,1
12:01:01,0
12:01:02,1
12:01:06,0
12:01:07,1
12:01:10,0
12:01:12,1
12:01:15,0
12:01:16,1
12:01:19,0
12:01:21,1
12:01:24,0
12:01:25,1
12:01:29,0
12:01:30,1
12:01:33,0
12:01:35,1
12:01:38,0
12:01:39,1
12:01:42,0
12:01:43,1
12:01:46,0
12:01:47,1
12:01:50,0
12:01:51,1
12:01:54,0
12:01:56,1
12:01:58,0
12:02:00,1
12:02:03,0
12:02:04,1
12:02:07,0
12:02:08,1
12:02:11,0
12:02:12,1
12:02:15,0
12:02:16,1
12:02:19,0
12:02:20,1
12:02:23,0
12:02:25,1
12:02:28,0
12:02:29,1
12:02:32,0
12:02:33,1
12:02:36,0
12:02:37,1
12:02:40,0
12:02:41,1
12:02:44,0
12:02:45,1
12:02:48,0
12:02:49,1
12:02:52,0
12:02:53,1
12:02:55,0
12:02:57,1
12:02:59,0
12:03:00,1
12:03:03,0
12:03:04,1
12:03:07,0
12:03:08,1
12:03:10,0
12:03:11,1
12:03:14,0
12:03:15,1
12:03:18,0
12:03:19,1
12:03:22,0
12:03:23,1
12:03:26,0
12:03:27,1
12:03:30,0
12:03:31,1
12:03:34,0
12:03:35,1
12:03:38,0
12:03:40,1
12:03:43,0
12:03:44,1
12:03:47,0
12:03:49,1
12:03:52,0
12:03:53,1
12:03:56,0
12:03:58,1
12:04:01,0
12:04:02,1
12:04:06,0
12:04:07,1
12:04:10,0
12:04:11,1
12:04:14,0
12:04:15,1
12:04:18,0
12:04:19,1
12:04:22,0
12:04:23,1
12:04:26,0
12:04:27,1
12:04:30,0
12:04:31,1
12:04:34,0
12:04:36,1
12:04:38,0
12:04:40,1
12:04:42,0
12:04:44,1
12:04:47,0
12:04:48,1
12:04:51,0
12:04:52,1
12:04:55,0
12:04:56,1
12:04:59,0
12:05:00,1
12:05:03,0
12:05:04,1
12:05:07,0
12:05:09,1
12:05:12,0
12:05:13,1
12:05:16,0
12:05:18,1
12:05:21,0
12:05:22,1
12:05:25,0
12:05:26,1
12:05:29,0
12:05:30,1
12:05:33,0
12:05:35,1
12:05:38,0
12:05:39,1
12:05:42,0
12:05:43,1
12:05:47,0
12:05:48,1
12:05:52,0
12:05:52,1
12:05:55,0
12:05:57,1
12:06:00,0
12:06:01,1
12:06:05,0
12:06:06,1
12:06:09,0
12:06:11,1
12:06:14,0
12:06:15,1
12:06:18,0
12:06:20,1
12:06:23,0
12:06:24,1
12:06:27,0
12:06:28,1
12:06:31,0
12:06:33,1
12:06:36,0
12:06:37,1
12:06:40,0
12:06:41,1
12:06:44,0
12:06:45,1
12:06:48,0
12:06:50,1
12:06:52,0
12:06:54,1
12:06:57,0
12:06:58,1
12:07:01,0
12:07:02,1
12:07:05,0
12:07:06,1
12:07:09,0
12:07:11,1
12:07:14,0
12:07:15,1
12:07:18,0
12:07:20,1
12:07:23,0
12:07:24,1
12:07:27,0
12:07:29,1
12:07:32,0
12:07:33,1
12:07:37,0
12:07:38,1
12:07:41,0
12:07:42,1
12:07:45,0
12:07:47,1
12:07:50,0
12:07:51,1
12:07:55,0
12:07:56,1
12:07:59,0
12:08:02,1
12:08:04,0
12:08:05,1
12:08:08,0
12:08:10,1
12:08:13,0
12:08:14,1
12:08:17,0
12:08:18,1
12:08:22,0
12:08:23,1
12:08:26,0
12:08:27,1
12:08:30,0
12:08:31,1
12:08:35,0
12:08:36,1
12:08:39,0
12:08:40,1
12:08:44,0
12:08:45,1
12:08:48,0
12:08:49,1
12:08:53,0
12:08:54,1
12:08:57,0
12:08:58,1
12:09:01,0
12:09:03,1
12:09:06,0
12:09:07,1
12:09:10,0
12:09:11,1
12:09:14,0
12:09:16,1
12:09:19,0
12:09:20,1
12:09:23,0
12:09:24,1
12:09:27,0
12:09:28,1
12:09:31,0
12:09:32,1
12:09:35,0
12:09:36,1
12:09:39,0
12:09:41,1
12:09:44,0
12:09:45,1
12:09:48,0
12:09:49,1
12:09:52,0
12:09:54,1
12:09:57,0
12:09:58,1
12:10:01,0
12:10:04,1
12:10:06,0
12:10:08,1
12:10:11,0
12:10:12,1
12:10:16,0
12:10:18,1
12:10:21,0
12:10:23,1
12:10:26,0
12:10:29,1
12:10:31,0
12:10:33,1
12:10:36,0
12:10:38,1
12:10:42,0
12:10:43,1
12:10:47,0
12:10:48,1
12:10:52,0
12:10:53,1
12:10:56,0
12:10:58,1
12:11:01,0
12:11:02,1
12:11:05,0
12:11:07,1
12:11:10,0
12:11:12,1
12:11:15,0
12:11:16,1
12:11:20,0
12:11:21,1
12:11:24,0
12:11:26,1
12:11:29,0
12:11:31,1
12:11:34,0
12:11:36,1
12:11:40,0
12:11:41,1
12:11:45,0
12:11:47,1
12:11:51,0
12:11:52,1
12:11:56,0
12:11:58,1
12:12:02,0
12:12:04,1
12:12:08,0
12:12:09,1
12:12:13,0
12:12:15,1
12:12:19,0
12:12:21,1
12:12:24,0
12:12:25,1
12:12:29,0
12:12:31,1
12:12:35,0
12:12:37,1
12:12:40,0
12:12:42,1
12:12:46,0
12:12:48,1
12:12:51,0
12:12:53,1
12:12:57,0
12:12:59,1
12:13:02,0
12:13:04,1
12:13:08,0
12:13:10,1
12:13:14,0
12:13:15,1
12:13:19,0
12:13:21,1
12:13:25,0
12:13:26,1
12:13:30,0
12:13:32,1
12:13:36,0
12:13:37,1
12:13:42,0
12:13:42,1
12:13:46,0
12:13:48,1
12:13:51,0
12:13:53,1
12:13:56,0
12:13:58,1
12:14:01,0
12:14:03,1
12:14:06,0
12:14:08,1
12:14:11,0
12:14:12,1
12:14:17,0
12:14:17,1
12:14:21,0
12:14:22,1
12:14:26,0
12:14:27,1
12:14:31,0
12:14:32,1
12:14:36,0
12:14:37,1
12:14:41,0
12:14:42,1
12:14:46,0
12:14:47,1
12:14:51,0
12:14:52,1
12:14:56,0
12:14:57,1
12:15:00,0
12:15:02,1
12:15:05,0
12:15:07,1
12:15:10,0
12:15:12,1
12:15:16,0
12:15:17,1
12:15:20,0
12:15:22,1
12:15:26,0
12:15:28,1
12:15:32,0
12:15:33,1
12:15:37,0
12:15:40,1
12:15:44,0
12:15:46,1
12:15:50,0
12:15:51,1
12:15:55,0
12:15:56,1
12:16:00,0
12:16:02,1
12:16:05,0
12:16:08,1
12:16:10,0
12:16:12,1
12:16:15,0
12:16:18,1
12:16:20,0
12:16:22,1
12:16:26,0
12:16:26,1
12:16:30,0
12:16:32,1
12:16:36,0
12:16:36,1
12:16:40,0
12:16:42,1
12:16:44,0
12:16:46,1
12:16:50,0
12:16:51,1
12:16:55,0
12:16:56,1
12:16:59,0
12:17:00,1
12:17:04,0
12:17:06,1
12:17:08,0
12:17:11,1
12:17:14,0
12:17:16,1
12:17:19,0
12:17:21,1
12:17:24,0
12:17:24,1
12:17:29,0
12:17:30,1
12:17:33,0
12:17:34,1
12:17:37,0
12:17:39,1
12:17:42,0
12:17:43,1
12:17:46,0
12:17:47,1
12:17:50,0
12:17:51,1
12:17:54,0
12:17:55,1
12:17:58,0
12:17:59,1
12:18:02,0
12:18:03,1
12:18:06,0
12:18:07,1
12:18:10,0
12:18:11,1
12:18:14,0
12:18:15,1
12:18:18,0
12:18:20,1
12:18:23,0
12:18:24,1
12:18:27,0
12:18:28,1
12:18:31,0
12:18:32,1
12:18:35,0
12:18:37,1
12:18:40,0
12:18:41,1
12:18:44,0
12:18:46,1
12:18:49,0
12:18:50,1
12:18:53,0
12:18:54,1
12:18:58,0
12:18:59,1
12:19:02,0
12:19:04,1
12:19:07,0
12:19:09,1
12:19:12,0
12:19:13,1
12:19:16,0
12:19:18,1
12:19:21,0
12:19:22,1
12:19:26,0
12:19:27,1
12:19:30,0
12:19:32,1
12:19:35,0
12:19:36,1
12:19:39,0
12:19:41,1
12:19:44,0
12:19:45,1
12:19:48,0
12:19:50,1
12:19:53,0
12:19:54,1
12:19:57,0
12:19:58,1
12:20:01,0
12:20:02,1
12:20:05,0
12:20:07,1
12:20:10,0
12:20:11,1
12:20:14,0
12:20:15,1
12:20:18,0
12:20:20,1
12:20:23,0
12:20:24,1
12:20:27,0
12:20:29,1
12:20:32,0
12:20:33,1
12:20:37,0
12:20:38,1
12:20:41,0
12:20:42,1
12:20:46,0
12:20:47,1
12:20:50,0
12:20:52,1
12:20:55,0
12:20:56,1
12:20:59,0
12:21:00,1
12:21:04,0
12:21:05,1
12:21:08,0
12:21:09,1
12:21:13,0
12:21:14,1
12:21:17,0
12:21:19,1
12:21:22,0
12:21:23,1
12:21:27,0
12:21:28,1
12:21:31,0
12:21:33,1
12:21:36,0
12:21:37,1
12:21:41,0
12:21:42,1
12:21:46,0
12:21:47,1
12:21:50,0
12:21:52,1
12:21:55,0
12:21:57,1
12:22:00,0
12:22:01,1
12:22:05,0
12:22:06,1
12:22:09,0
12:22:11,1
12:22:14,0
12:22:16,1
12:22:19,0
12:22:20,1
12:22:23,0
12:22:25,1
12:22:28,0
12:22:29,1
12:22:33,0
12:22:34,1
12:22:37,0
12:22:38,1
12:22:42,0
12:22:43,1
12:22:46,0
12:22:47,1
12:22:50,0
12:22:51,1
12:22:54,0
12:22:55,1
12:22:58,0
12:23:00,1
12:23:03,0
12:23:04,1
12:23:07,0
12:23:08,1
12:23:11,0
12:23:12,1
12:23:16,0
12:23:17,1
12:23:20,0
12:23:21,1
12:23:25,0
12:23:26,1
12:23:29,0
12:23:31,1
12:23:34,0
12:23:36,1
12:23:39,0
12:23:41,1
12:23:44,0
12:23:46,1
12:23:49,0
12:23:51,1
12:23:54,0
12:23:55,1
12:23:59,0
12:24:00,1
12:24:03,0
12:24:05,1
12:24:08,0
12:24:09,1
12:24:12,0
12:24:13,1
12:24:16,0
12:24:18,1
12:24:21,0
12:24:22,1
12:24:25,0
12:24:26,1
12:24:29,0
12:24:30,1
12:24:33,0
12:24:35,1
12:24:38,0
12:24:39,1
12:24:42,0
12:24:43,1
12:24:46,0
12:24:48,1
12:24:51,0
12:24:52,1
12:24:55,0
12:24:56,1
12:24:59,0
12:25:01,1
12:25:04,0
12:25:05,1
12:25:09,0
12:25:10,1
12:25:13,0
12:25:14,1
12:25:17,0
12:25:19,1
12:25:22,0
12:25:23,1
12:25:26,0
12:25:28,1
12:25:31,0
12:25:32,1
12:25:36,0
12:25:37,1
12:25:40,0
12:25:42,1
12:25:45,0
12:25:46,1
12:25:49,0
12:25:51,1
12:25:54,0
12:25:56,1
12:25:59,0
12:26:00,1
12:26:04,0
12:26:05,1
12:26:08,0
12:26:10,1
12:26:13,0
12:26:14,1
12:26:17,0
12:26:18,1
12:26:21,0
12:26:23,1
12:26:26,0
12:26:27,1
12:26:31,0
12:26:32,1
12:26:35,0
12:26:36,1
12:26:40,0
12:26:41,1
12:26:44,0
12:26:46,1
12:26:49,0
12:26:50,1
12:26:54,0
12:26:55,1
12:26:58,0
12:26:59,1
12:27:02,0
12:27:04,1
12:27:07,0
12:27:08,1
12:27:11,0
12:27:13,1
12:27:16,0
12:27:17,1
12:27:20,0
12:27:21,1
12:27:24,0
12:27:25,1
12:27:28,0
12:27:30,1
12:27:32,0
12:27:34,1
12:27:36,0
12:27:38,1
12:27:41,0
12:27:42,1
12:27:44,0
12:27:46,1
12:27:48,0
12:27:49,1
12:27:52,0
12:27:53,1
12:27:56,0
12:27:57,1
12:28:00,0
12:28:01,1
12:28:03,0
12:28:05,1
12:28:07,0
12:28:08,1
12:28:11,0
12:28:12,1
12:28:15,0
12:28:16,1
12:28:19,0
12:28:21,1
12:28:24,0
12:28:25,1
12:28:28,0
12:28:29,1
12:28:32,0
12:28:34,1
12:28:37,0
12:28:38,1
12:28:41,0
12:28:42,1
12:28:45,0
12:28:47,1
12:28:50,0
12:28:51,1
12:28:54,0
12:28:56,1
12:28:59,0
12:29:00,1
12:29:03,0
12:29:04,1
12:29:07,0
12:29:09,1
12:29:12,0
12:29:13,1
12:29:16,0
12:29:17,1
12:29:20,0
12:29:21,1
12:29:24,0
12:29:26,1
12:29:28,0
12:29:30,1
12:29:33,0
12:29:34,1
12:29:37,0
12:29:38,1
12:29:41,0
12:29:42,1
12:29:45,0
12:29:47,1
12:29:50,0
12:29:51,1
12:29:54,0
12:29:55,1
12:29:59,0
12:30:00,1
12:30:03,0
12:30:04,1
12:30:08,0
12:30:09,1
12:30:12,0
12:30:13,1
12:30:16,0
12:30:17,1
12:30:20,0
12:30:21,1
12:30:24,0
12:30:25,1
12:30:27,0
12:30:29,1
12:30:31,0
12:30:32,1
12:30:35,0
12:30:36,1
12:30:38,0
12:30:39,1
12:30:42,0
12:30:43,1
12:30:46,0
12:30:47,1
12:30:49,0
12:30:51,1
12:30:53,0
12:30:54,1
12:30:57,0
12:30:59,1
12:31:02,0
12:31:03,1
12:31:06,0
12:31:07,1
12:31:11,0
12:31:12,1
12:31:15,0
12:31:17,1
12:31:20,0
12:31:22,1
12:31:25,0
12:31:26,1
12:31:30,0
12:31:31,1
12:31:34,0
12:31:35,1
12:31:39,0
12:31:40,1
12:31:43,0
12:31:44,1
12:31:47,0
12:31:49,1
12:31:52,0
12:31:53,1
12:31:56,0
12:31:58,1
12:32:01,0
12:32:02,1
12:32:05,0
12:32:07,1
12:32:10,0
12:32:11,1
12:32:15,0
12:32:16,1
12:32:19,0
12:32:20,1
12:32:23,0
12:32:25,1
12:32:28,0
12:32:29,1
12:32:32,0
12:32:33,1
12:32:36,0
12:32:37,1
12:32:40,0
12:32:41,1
12:32:44,0
12:32:46,1
12:32:49,0
12:32:50,1
12:32:53,0
12:32:54,1
12:32:57,0
12:32:59,1
12:33:02,0
12:33:03,1
12:33:06,0
12:33:08,1
12:33:11,0
12:33:12,1
12:33:15,0
12:33:16,1
12:33:20,0
12:33:21,1
12:33:24,0
12:33:25,1
12:33:28,0
12:33:29,1
12:33:33,0
12:33:34,1
12:33:37,0
12:33:38,1
12:33:41,0
12:33:42,1
12:33:45,0
12:33:46,1
12:33:49,0
12:33:50,1
12:33:53,0
12:33:54,1
12:33:56,0
12:33:58,1
12:34:00,0
12:34:01,1
12:34:04,0
12:34:05,1
12:34:08,0
12:34:09,1
12:34:11,0
12:34:12,1
12:34:15,0
12:34:16,1
12:34:19,0
12:34:20,1
12:34:23,0
12:34:24,1
12:34:27,0
12:34:28,1
12:34:31,0
12:34:32,1
12:34:35,0
12:34:36,1
12:34:39,0
12:34:40,1
12:34:43,0
12:34:45,1
12:34:47,0
12:34:49,1
12:34:52,0
12:34:53,1
12:34:55,0
12:34:57,1
12:34:59,0
12:35:00,1
12:35:03,0
12:35:04,1
12:35:07,0
12:35:08,1
12:35:11,0
12:35:12,1
12:35:15,0
12:35:16,1
12:35:18,0
12:35:20,1
12:35:22,0
12:35:23,1
12:35:26,0
12:35:27,1
12:35:29,0
12:35:30,1
12:35:33,0
12:35:34,1
12:35:37,0
12:35:38,1
12:35:40,0
12:35:41,1
12:35:44,0
12:35:45,1
12:35:48,0
12:35:49,1
12:35:51,0
12:35:52,1
12:35:55,0
12:35:56,1
12:35:59,0
12:36:00,1
12:36:04,0
12:36:04,1
12:36:08,0
12:36:08,1
12:36:12,0
12:36:12,1
12:36:16,0
12:36:16,1
12:36:20,0
12:36:20,1
12:36:24,0
12:36:24,1
12:36:28,0
12:36:28,1
12:36:30,0
12:36:32,1
12:36:35,0
12:36:36,1
12:36:39,0
12:36:40,1
12:36:42,0
12:36:43,1
12:36:44,0
12:36:46,1
12:36:49,0
12:36:50,1
12:36:52,0
12:36:53,1
12:36:56,0
12:36:57,1
12:36:59,0
12:37:00,1
12:37:03,0
12:37:04,1
12:37:07,0
12:37:08,1
12:37:11,0
12:37:12,1
12:37:15,0
12:37:17,1
12:37:20,0
12:37:21,1
12:37:24,0
12:37:25,1
12:37:28,0
12:37:30,1
12:37:33,0
12:37:34,1
12:37:37,0
12:37:39,1
12:37:42,0
12:37:43,1
12:37:46,0
12:37:47,1
12:37:50,0
12:37:51,1
12:37:54,0
12:37:55,1
12:37:58,0
12:38:00,1
12:38:03,0
12:38:04,1
12:38:07,0
12:38:08,1
12:38:11,0
12:38:12,1
12:38:15,0
12:38:17,1
12:38:20,0
12:38:21,1
12:38:24,0
12:38:25,1
12:38:28,0
12:38:29,1
12:38:32,0
12:38:33,1
12:38:36,0
12:38:37,1
12:38:40,0
12:38:41,1
12:38:44,0
12:38:46,1
12:38:48,0
12:38:50,1
12:38:52,0
12:38:54,1
12:38:56,0
12:38:58,1
12:39:00,0
12:39:02,1
12:39:04,0
12:39:06,1
12:39:09,0
12:39:10,1
12:39:13,0
12:39:14,1
12:39:17,0
12:39:18,1
12:39:21,0
12:39:22,1
12:39:25,0
12:39:26,1
12:39:29,0
12:39:30,1
12:39:33,0
12:39:34,1
12:39:36,0
12:39:38,1
12:39:41,0
12:39:42,1
12:39:45,0
12:39:46,1
12:39:49,0
12:39:50,1
12:39:53,0
12:39:54,1
12:39:57,0
12:39:58,1
12:40:01,0
12:40:02,1
12:40:05,0
12:40:07,1
12:40:10,0
12:40:12,1
12:40:15,0
12:40:17,1
12:40:21,0
12:40:22,1
12:40:26,0
12:40:28,1
12:40:32,0
12:40:33,1
12:40:37,0
12:40:38,1
12:40:42,0
12:40:44,1
12:40:47,0
12:40:48,1
12:40:52,0
12:40:54,1
12:40:57,0
12:40:59,1
12:41:02,0
12:41:04,1
12:41:07,0
12:41:09,1
12:41:12,0
12:41:14,1
12:41:17,0
12:41:19,1
12:41:22,0
12:41:23,1
12:41:26,0
12:41:28,1
12:41:31,0
12:41:32,1
12:41:35,0
12:41:36,1
12:41:39,0
12:41:40,1
12:41:43,0
12:41:45,1
12:41:47,0
12:41:49,1
12:41:52,0
12:41:53,1
12:41:56,0
12:41:57,1
12:42:00,0
12:42:01,1
12:42:04,0
12:42:05,1
12:42:08,0
12:42:09,1
12:42:12,0
12:42:13,1
12:42:16,0
12:42:17,1
12:42:20,0
12:42:21,1
12:42:24,0
12:42:25,1
12:42:28,0
12:42:29,1
12:42:32,0
12:42:33,1
12:42:36,0
12:42:37,1
12:42:40,0
12:42:42,1
12:42:45,0
12:42:46,1
12:42:49,0
12:42:50,1
12:42:54,0
12:42:55,1
12:42:58,0
12:42:59,1
12:43:02,0
12:43:03,1
12:43:06,0
12:43:08,1
12:43:10,0
12:43:12,1
12:43:14,0
12:43:16,1
12:43:18,0
12:43:19,1
12:43:22,0
12:43:23,1
12:43:26,0
12:43:27,1
12:43:30,0
12:43:31,1
12:43:33,0
12:43:34,1
12:43:37,0
12:43:38,1
12:43:40,0
12:43:41,1
12:43:44,0
12:43:45,1
12:43:47,0
12:43:48,1
12:43:50,0
12:43:51,1
12:43:54,0
12:43:55,1
12:43:57,0
12:43:58,1
12:44:00,0
12:44:01,1
12:44:04,0
12:44:05,1
12:44:07,0
12:44:08,1
12:44:11,0
12:44:12,1
12:44:14,0
12:44:15,1
12:44:17,0
12:44:18,1
12:44:21,0
12:44:22,1
12:44:24,0
12:44:25,1
12:44:28,0
12:44:29,1
12:44:31,0
12:44:32,1
12:44:34,0
12:44:35,1
12:44:38,0
12:44:39,1
12:44:42,0
12:44:43,1
12:44:45,0
12:44:46,1
12:44:49,0
12:44:50,1
12:44:53,0
12:44:54,1
12:44:57,0
12:44:58,1
12:45:00,0
12:45:02,1
12:45:04,0
12:45:06,1
12:45:08,0
12:45:10,1
12:45:13,0
12:45:14,1
12:45:17,0
12:45:18,1
12:45:21,0
12:45:22,1
12:45:25,0
12:45:26,1
12:45:29,0
12:45:30,1
12:45:34,0
12:45:35,1
12:45:38,0
12:45:39,1
12:45:42,0
12:45:43,1
12:45:46,0
12:45:48,1
12:45:50,0
12:45:51,1
12:45:54,0
12:45:55,1
12:45:58,0
12:45:59,1
12:46:03,0
12:46:03,1
12:46:06,0
12:46:07,1
12:46:10,0
12:46:11,1
12:46:15,0
12:46:15,1
12:46:18,0
12:46:19,1
12:46:22,0
12:46:23,1
12:46:26,0
12:46:27,1
12:46:29,0
12:46:31,1
12:46:33,0
12:46:34,1
12:46:37,0
12:46:39,1
12:46:41,0
12:46:42,1
12:46:44,0
12:46:45,1
12:46:48,0
12:46:49,1
12:46:51,0
12:46:52,1
12:46:55,0
12:46:56,1
12:46:58,0
12:47:00,1
12:47:02,0
12:47:02,1
12:47:06,0
12:47:07,1
12:47:08,0
12:47:10,1
12:47:13,0
12:47:14,1
12:47:16,0
12:47:17,1
12:47:20,0
12:47:21,1
12:47:24,0
12:47:25,1
12:47:27,0
12:47:28,1
12:47:31,0
12:47:32,1
12:47:34,0
12:47:35,1
12:47:38,0
12:47:39,1
12:47:42,0
12:47:43,1
12:47:45,0
12:47:46,1
12:47:49,0
12:47:50,1
12:47:53,0
12:47:54,1
12:47:56,0
12:47:57,1
12:48:00,0
12:48:01,1
12:48:04,0
12:48:05,1
12:48:07,0
12:48:09,1
12:48:11,0
12:48:12,1
12:48:15,0
12:48:16,1
12:48:19,0
12:48:20,1
12:48:23,0
12:48:24,1
12:48:27,0
12:48:28,1
12:48:31,0
12:48:32,1
12:48:35,0
12:48:36,1
12:48:39,0
12:48:40,1
12:48:43,0
12:48:44,1
12:48:47,0
12:48:48,1
12:48:50,0
12:48:52,1
12:48:54,0
12:48:55,1
12:48:58,0
12:48:59,1
12:49:02,0
12:49:03,1
12:49:06,0
12:49:08,1
12:49:10,0
12:49:12,1
12:49:14,0
12:49:16,1
12:49:18,0
12:49:20,1
12:49:22,0
12:49:23,1
12:49:26,0
12:49:27,1
12:49:30,0
12:49:31,1
12:49:34,0
12:49:35,1
12:49:38,0
12:49:39,1
12:49:42,0
12:49:43,1
12:49:46,0
12:49:47,1
12:49:50,0
12:49:51,1
12:49:54,0
12:49:56,1
12:49:59,0
12:50:01,1
12:50:04,0
12:50:05,1
12:50:09,0
12:50:10,1
12:50:14,0
12:50:15,1
12:50:19,0
12:50:20,1
12:50:24,0
12:50:25,1
12:50:29,0
12:50:30,1
12:50:34,0
12:50:35,1
12:50:39,0
12:50:40,1
12:50:44,0
12:50:45,1
12:50:48,0
12:50:50,1
12:50:53,0
12:50:54,1
12:50:57,0
12:50:59,1
12:51:02,0
12:51:03,1
12:51:06,0
12:51:07,1
12:51:10,0
12:51:12,1
12:51:15,0
12:51:16,1
12:51:19,0
12:51:20,1
12:51:23,0
12:51:24,1
12:51:27,0
12:51:29,1
12:51:31,0
12:51:33,1
12:51:35,0
12:51:37,1
12:51:39,0
12:51:40,1
12:51:43,0
12:51:44,1
12:51:47,0
12:51:48,1
12:51:51,0
12:51:52,1
12:51:54,0
12:51:55,1
12:51:58,0
12:51:59,1
12:52:01,0
12:52:02,1
12:52:05,0
12:52:06,1
12:52:08,0
12:52:09,1
12:52:12,0
12:52:13,1
12:52:15,0
12:52:16,1
12:52:19,0
12:52:20,1
12:52:22,0
12:52:24,1
12:52:26,0
12:52:27,1
12:52:30,0
12:52:31,1
12:52:34,0
12:52:35,1
12:52:37,0
12:52:38,1
12:52:41,0
12:52:42,1
12:52:45,0
12:52:46,1
12:52:48,0
12:52:49,1
12:52:52,0
12:52:53,1
12:52:56,0
12:52:57,1
12:53:00,0
12:53:01,1
12:53:04,0
12:53:05,1
12:53:08,0
12:53:09,1
12:53:12,0
12:53:13,1
12:53:16,0
12:53:17,1
12:53:20,0
12:53:22,1
12:53:25,0
12:53:26,1
12:53:29,0
12:53:30,1
12:53:33,0
12:53:34,1
12:53:38,0
12:53:39,1
12:53:42,0
12:53:44,1
12:53:47,0
12:53:48,1
12:53:51,0
12:53:53,1
12:53:56,0
12:53:57,1
12:54:00,0
12:54:01,1
12:54:04,0
12:54:05,1
12:54:08,0
12:54:10,1
12:54:13,0
12:54:14,1
12:54:17,0
12:54:18,1
12:54:21,0
12:54:22,1
12:54:25,0
12:54:26,1
12:54:29,0
12:54:30,1
12:54:33,0
12:54:34,1
12:54:37,0
12:54:38,1
12:54:41,0
12:54:43,1
12:54:46,0
12:54:47,1
12:54:50,0
12:54:51,1
12:54:54,0
12:54:55,1
12:54:58,0
12:55:00,1
12:55:03,0
12:55:04,1
12:55:07,0
12:55:08,1
12:55:11,0
12:55:13,1
12:55:16,0
12:55:17,1
12:55:20,0
12:55:21,1
12:55:24,0
12:55:25,1
12:55:28,0
12:55:29,1
12:55:32,0
12:55:33,1
12:55:36,0
12:55:37,1
12:55:39,0
12:55:41,1
12:55:43,0
12:55:44,1
12:55:47,0
12:55:48,1
12:55:51,0
12:55:52,1
12:55:55,0
12:55:57,1
12:56:00,0
12:56:01,1
12:56:04,0
12:56:05,1
12:56:09,0
12:56:10,1
12:56:13,0
12:56:14,1
12:56:17,0
12:56:18,1
12:56:22,0
12:56:23,1
12:56:26,0
12:56:27,1
12:56:30,0
12:56:31,1
12:56:34,0
12:56:35,1
12:56:38,0
12:56:39,1
12:56:42,0
12:56:43,1
12:56:46,0
12:56:47,1
12:56:50,0
12:56:51,1
12:56:54,0
12:56:55,1
12:56:59,0
12:57:00,1
12:57:03,0
12:57:05,1
12:57:08,0
12:57:10,1
12:57:13,0
12:57:15,1
12:57:18,0
12:57:19,1
12:57:23,0
12:57:24,1
12:57:27,0
12:57:29,1
12:57:32,0
12:57:34,1
12:57:37,0
12:57:38,1
12:57:41,0
12:57:43,1
12:57:46,0
12:57:47,1
12:57:50,0
12:57:52,1
12:57:55,0
12:57:56,1
12:57:59,0
12:58:00,1
12:58:03,0
12:58:04,1
12:58:07,0
12:58:08,1
12:58:11,0
12:58:12,1
12:58:15,0
12:58:16,1
12:58:18,0
12:58:20,1
12:58:22,0
12:58:24,1
12:58:26,0
12:58:28,1
12:58:30,0
12:58:32,1
12:58:34,0
12:58:35,1
12:58:38,0
12:58:39,1
12:58:42,0
12:58:43,1
12:58:46,0
12:58:46,1
12:58:50,0
12:58:51,1
12:58:54,0
12:58:55,1
12:58:58,0
12:58:59,1
12:59:02,0
12:59:03,1
12:59:06,0
12:59:07,1
12:59:10,0
12:59:11,1
12:59:14,0
12:59:15,1
12:59:18,0
12:59:20,1
12:59:23,0
12:59:24,1
12:59:27,0
12:59:28,1
12:59:31,0
12:59:32,1
12:59:35,0
12:59:36,1
12:59:39,0
12:59:40,1
12:59:43,0
12:59:44,1
12:59:47,0
12:59:48,1
12:59:51,0
12:59:52,1
12:59:55,0
12:59:56,1
12:59:59,0
13:00:00,1
13:00:03,0
13:00:04,1
13:00:07,0
13:00:08,1
13:00:11,0
13:00:12,1
13:00:15,0
13:00:17,1
13:00:20,0
13:00:21,1
13:00:24,0
13:00:25,1
13:00:28,0
13:00:30,1
13:00:33,0
13:00:34,1
13:00:37,0
13:00:38,1
13:00:42,0
13:00:43,1
13:00:47,0
13:00:48,1
13:00:52,0
13:00:53,1
13:00:57,0
13:00:59,1
13:01:02,0
13:01:04,1
13:01:07,0
13:01:09,1
13:01:13,0
13:01:14,1
13:01:18,0
13:01:19,1
13:01:23,0
13:01:24,1
13:01:27,0
13:01:29,1
13:01:32,0
13:01:33,1
13:01:37,0
13:01:38,1
13:01:41,0
13:01:42,1
13:01:45,0
13:01:47,1
13:01:50,0
13:01:51,1
13:01:54,0
13:01:55,1
13:01:58,0
13:01:59,1
13:02:02,0
13:02:03,1
13:02:06,0
13:02:07,1
13:02:10,0
13:02:12,1
13:02:14,0
13:02:16,1
13:02:19,0
13:02:20,1
13:02:23,0
13:02:24,1
13:02:27,0
13:02:28,1
13:02:31,0
13:02:33,1
13:02:35,0
13:02:37,1
13:02:40,0
13:02:41,1
13:02:43,0
13:02:45,1
13:02:47,0
13:02:48,1
13:02:51,0
13:02:52,1
13:02:55,0
13:02:56,1
13:02:59,0
13:03:00,1
13:03:03,0
13:03:04,1
13:03:07,0
13:03:09,1
13:03:12,0
13:03:13,1
13:03:16,0
13:03:17,1
13:03:20,0
13:03:22,1
13:03:25,0
13:03:26,1
13:03:29,0
13:03:30,1
13:03:34,0
13:03:35,1
13:03:38,0
13:03:39,1
13:03:43,0
13:03:44,1
13:03:47,0
13:03:48,1
13:03:52,0
13:03:53,1
13:03:56,0
13:03:57,1
13:04:00,0
13:04:02,1
13:04:05,0
13:04:06,1
13:04:09,0
13:04:11,1
13:04:14,0
13:04:15,1
13:04:18,0
13:04:20,1
13:04:23,0
13:04:24,1
13:04:27,0
13:04:29,1
13:04:32,0
13:04:33,1
13:04:36,0
13:04:37,1
13:04:40,0
13:04:42,1
13:04:45,0
13:04:46,1
13:04:49,0
13:04:50,1
13:04:53,0
13:04:54,1
13:04:57,0
13:04:58,1
13:05:01,0
13:05:02,1
13:05:05,0
13:05:06,1
13:05:09,0
13:05:10,1
13:05:13,0
13:05:14,1
13:05:17,0
13:05:18,1
13:05:20,0
13:05:22,1
13:05:24,0
13:05:25,1
13:05:28,0
13:05:29,1
13:05:32,0
13:05:33,1
13:05:36,0
13:05:37,1
13:05:40,0
13:05:42,1
13:05:45,0
13:05:46,1
13:05:49,0
13:05:50,1
13:05:53,0
13:05:54,1
13:05:57,0
13:05:59,1
13:06:02,0
13:06:03,1
13:06:06,0
13:06:07,1
13:06:10,0
13:06:11,1
13:06:14,0
13:06:15,1
13:06:18,0
13:06:19,1
13:06:21,0
13:06:22,1
13:06:25,0
13:06:26,1
13:06:29,0
13:06:30,1
13:06:33,0
13:06:34,1
13:06:37,0
13:06:38,1
13:06:41,0
13:06:42,1
13:06:45,0
13:06:46,1
13:06:49,0
13:06:50,1
13:06:53,0
13:06:54,1
13:06:57,0
13:06:58,1
13:07:01,0
13:07:03,1
13:07:05,0
13:07:07,1
13:07:09,0
13:07:11,1
13:07:13,0
13:07:15,1
13:07:18,0
13:07:19,1
13:07:22,0
13:07:23,1
13:07:26,0
13:07:28,1
13:07:31,0
13:07:32,1
13:07:36,0
13:07:37,1
13:07:40,0
13:07:42,1
13:07:45,0
13:07:46,1
13:07:50,0
13:07:51,1
13:07:54,0
13:07:55,1
13:07:58,0
13:08:00,1
13:08:03,0
13:08:04,1
13:08:07,0
13:08:09,1
13:08:12,0
13:08:13,1
13:08:16,0
13:08:18,1
13:08:21,0
13:08:22,1
13:08:25,0
13:08:26,1
13:08:29,0
13:08:31,1
13:08:34,0
13:08:35,1
13:08:38,0
13:08:40,1
13:08:43,0
13:08:44,1
13:08:48,0
13:08:49,1
13:08:52,0
13:08:54,1
13:08:57,0
13:08:59,1
13:09:02,0
13:09:04,1
13:09:08,0
13:09:09,1
13:09:13,0
13:09:14,1
13:09:18,0
13:09:19,1
13:09:23,0
13:09:24,1
13:09:27,0
13:09:29,1
13:09:32,0
13:09:33,1
13:09:36,0
13:09:37,1
13:09:40,0
13:09:42,1
13:09:44,0
13:09:46,1
13:09:48,0
13:09:50,1
13:09:52,0
13:09:53,1
13:09:56,0
13:09:57,1
13:10:00,0
13:10:01,1
13:10:03,0
13:10:04,1
13:10:07,0
13:10:08,1
13:10:12,0
13:10:12,1
13:10:14,0
13:10:16,1
13:10:18,0
13:10:20,1
13:10:21,0
13:10:22,1
13:10:26,0
13:10:26,1
13:10:28,0
13:10:30,1
13:10:33,0
13:10:34,1
13:10:36,0
13:10:36,1
13:10:40,0
13:10:41,1
13:10:44,0
13:10:44,1
13:10:48,0
13:10:49,1
13:10:52,0
13:10:52,1
13:10:55,0
13:10:57,1
13:10:59,0
13:11:00,1
13:11:03,0
13:11:04,1
13:11:07,0
13:11:08,1
13:11:11,0
13:11:12,1
13:11:15,0
13:11:16,1
13:11:19,0
13:11:20,1
13:11:23,0
13:11:24,1
13:11:27,0
13:11:28,1
13:11:31,0
13:11:32,1
13:11:35,0
13:11:36,1
13:11:39,0
13:11:40,1
13:11:43,0
13:11:44,1
13:11:47,0
13:11:48,1
13:11:51,0
13:11:52,1
13:11:55,0
13:11:56,1
13:11:59,0
13:12:00,1
13:12:03,0
13:12:04,1
13:12:07,0
13:12:08,1
13:12:11,0
13:12:12,1
13:12:16,0
13:12:17,1
13:12:20,0
13:12:20,1
13:12:25,0
13:12:26,1
13:12:28,0
13:12:31,1
13:12:34,0
13:12:35,1
13:12:38,0
13:12:39,1
13:12:42,0
13:12:43,1
13:12:46,0
13:12:48,1
13:12:51,0
13:12:52,1
13:12:55,0
13:12:56,1
13:12:59,0
13:13:00,1
13:13:03,0
13:13:04,1
13:13:07,0
13:13:08,1
13:13:11,0
13:13:12,1
13:13:14,0
13:13:15,1
13:13:18,0
13:13:19,1
13:13:21,0
13:13:22,1
13:13:25,0
13:13:26,1
13:13:28,0
13:13:29,1
13:13:32,0
13:13:33,1
13:13:35,0
13:13:36,1
13:13:39,0
13:13:40,1
13:13:43,0
13:13:44,1
13:13:46,0
13:13:48,1
13:13:50,0
13:13:52,1
13:13:55,0
13:13:56,1
13:13:59,0
13:14:00,1
13:14:03,0
13:14:05,1
13:14:08,0
13:14:09,1
13:14:12,0
13:14:13,1
13:14:16,0
13:14:17,1
13:14:20,0
13:14:22,1
13:14:24,0
13:14:26,1
13:14:28,0
13:14:29,1
13:14:32,0
13:14:33,1
13:14:36,0
13:14:37,1
13:14:40,0
13:14:41,1
13:14:44,0
13:14:45,1
13:14:48,0
13:14:50,1
13:14:53,0
13:14:54,1
13:14:57,0
13:14:58,1
13:15:01,0
13:15:03,1
13:15:07,0
13:15:08,1
13:15:12,0
13:15:14,1
13:15:18,0
13:15:20,1
13:15:25,0
13:15:27,1
13:15:32,0
13:15:34,1
13:15:39,0
13:15:41,1
13:15:48,1
13:15:52,0
13:15:54,1
13:15:59,0
13:16:01,1
13:16:05,0
13:16:07,1
13:16:11,0
13:16:13,1
13:16:17,0
13:16:19,1
13:16:22,0
13:16:24,1
13:16:28,0
13:16:29,1
13:16:32,0
13:16:34,1
13:16:37,0
13:16:38,1
13:16:42,0
13:16:43,1
13:16:46,0
13:16:47,1
13:16:50,0
13:16:52,1
13:16:55,0
13:16:56,1
13:16:59,0
13:17:00,1
13:17:03,0
13:17:05,1
13:17:08,0
13:17:09,1
13:17:12,0
13:17:14,1
13:17:17,0
13:17:18,1
13:17:21,0
13:17:23,1
13:17:26,0
13:17:27,1
13:17:30,0
13:17:31,1
13:17:34,0
13:17:35,1
13:17:38,0
13:17:40,1
13:17:43,0
13:17:44,1
13:17:47,0
13:17:48,1
13:17:51,0
13:17:52,1
13:17:55,0
13:17:57,1
13:18:00,0
13:18:01,1
13:18:04,0
13:18:05,1
13:18:08,0
13:18:09,1
13:18:12,0
13:18:13,1
13:18:16,0
13:18:17,1
13:18:19,0
13:18:21,1
13:18:23,0
13:18:24,1
13:18:27,0
13:18:28,1
13:18:30,0
13:18:31,1
13:18:34,0
13:18:35,1
13:18:38,0
13:18:39,1
13:18:41,0
13:18:43,1
13:18:45,0
13:18:46,1
13:18:49,0
13:18:50,1
13:18:52,0
13:18:53,1
13:18:56,0
13:18:57,1
13:19:00,0
13:19:01,1
13:19:03,0
13:19:05,1
13:19:07,0
13:19:08,1
13:19:11,0
13:19:12,1
13:19:15,0
13:19:16,1
13:19:19,0
13:19:20,1
13:19:23,0
13:19:24,1
13:19:26,0
13:19:27,1
13:19:30,0
13:19:31,1
13:19:34,0
13:19:36,1
13:19:39,0
13:19:40,1
13:19:43,0
13:19:45,1
13:19:48,0
13:19:49,1
13:19:53,0
13:19:54,1
13:19:58,0
13:19:59,1
13:20:03,0
13:20:04,1
13:20:07,0
13:20:09,1
13:20:12,0
13:20:14,1
13:20:17,0
13:20:19,1
13:20:22,0
13:20:23,1
13:20:27,0
13:20:28,1
13:20:32,0
13:20:33,1
13:20:36,0
13:20:38,1
13:20:41,0
13:20:42,1
13:20:45,0
13:20:47,1
13:20:50,0
13:20:51,1
13:20:54,0
13:20:55,1
13:20:58,0
13:20:59,1
13:21:02,0
13:21:03,1
13:21:05,0
13:21:06,1
13:21:09,0
13:21:10,1
13:21:13,0
13:21:14,1
13:21:17,0
13:21:18,1
13:21:20,0
13:21:22,1
13:21:25,0
13:21:26,1
13:21:29,0
13:21:30,1
13:21:33,0
13:21:34,1
13:21:37,0
13:21:39,1
13:21:42,0
13:21:43,1
13:21:46,0
13:21:48,1
13:21:51,0
13:21:52,1
13:21:55,0
13:21:57,1
13:22:00,0
13:22:01,1
13:22:04,0
13:22:06,1
13:22:09,0
13:22:10,1
13:22:13,0
13:22:15,1
13:22:18,0
13:22:19,1
13:22:22,0
13:22:23,1
13:22:26,0
13:22:27,1
13:22:30,0
13:22:31,1
13:22:34,0
13:22:35,1
13:22:38,0
13:22:39,1
13:22:42,0
13:22:43,1
13:22:45,0
13:22:46,1
13:22:49,0
13:22:50,1
13:22:53,0
13:22:54,1
13:22:56,0
13:22:57,1
13:23:00,0
13:23:01,1
13:23:04,0
13:23:05,1
13:23:08,0
13:23:09,1
13:23:12,0
13:23:13,1
13:23:16,0
13:23:17,1
13:23:20,0
13:23:21,1
13:23:24,0
13:23:25,1
13:23:28,0
13:23:29,1
13:23:31,0
13:23:32,1
13:23:35,0
13:23:36,1
13:23:39,0
13:23:40,1
13:23:43,0
13:23:44,1
13:23:47,0
13:23:48,1
13:23:50,0
13:23:51,1
13:23:54,0
13:23:55,1
13:23:57,0
13:23:58,1
13:24:01,0
13:24:02,1
13:24:04,0
13:24:05,1
13:24:07,0
13:24:08,1
13:24:11,0
13:24:11,1
13:24:13,0
13:24:14,1
13:24:17,0
13:24:18,1
13:24:20,0
13:24:21,1
13:24:23,0
13:24:24,1
13:24:27,0
13:24:28,1
13:24:30,0
13:24:32,1
13:24:34,0
13:24:36,1
13:24:38,0
13:24:40,1
13:24:41,0
13:24:44,1
13:24:46,0
13:24:48,1
13:24:50,0
13:24:52,1
13:24:54,0
13:24:56,1
13:24:59,0
13:25:01,1
13:25:04,0
13:25:04,1
13:25:08,0
13:25:10,1
13:25:12,0
13:25:14,1
13:25:17,0
13:25:19,1
13:25:22,0
13:25:23,1
13:25:27,0
13:25:28,1
13:25:32,0
13:25:33,1
13:25:37,0
13:25:38,1
13:25:41,0
13:25:43,1
13:25:46,0
13:25:48,1
13:25:51,0
13:25:52,1
13:25:56,0
13:25:57,1
13:26:00,0
13:26:01,1
13:26:05,0
13:26:06,1
13:26:09,0
13:26:11,1
13:26:14,0
13:26:15,1
13:26:18,0
13:26:19,1
13:26:22,0
13:26:24,1
13:26:27,0
13:26:28,1
13:26:31,0
13:26:32,1
13:26:35,0
13:26:37,1
13:26:40,0
13:26:41,1
13:26:44,0
13:26:46,1
13:26:49,0
13:26:50,1
13:26:53,0
13:26:55,1
13:26:58,0
13:27:00,1
13:27:03,0
13:27:04,1
13:27:07,0
13:27:09,1
13:27:12,0
13:27:14,1
13:27:17,0
13:27:18,1
13:27:22,0
13:27:23,1
13:27:27,0
13:27:28,1
13:27:32,0
13:27:34,1
13:27:37,0
13:27:39,1
13:27:43,0
13:27:44,1
13:27:48,0
13:27:49,1
13:27:53,0
13:27:54,1
13:27:58,0
13:27:59,1
13:28:02,0
13:28:03,1
13:28:06,0
13:28:08,1
13:28:11,0
13:28:12,1
13:28:15,0
13:28:16,1
13:28:19,0
13:28:20,1
13:28:23,0
13:28:25,1
13:28:28,0
13:28:29,1
13:28:32,0
13:28:33,1
13:28:36,0
13:28:37,1
13:28:40,0
13:28:41,1
13:28:44,0
13:28:45,1
13:28:48,0
13:28:49,1
13:28:52,0
13:28:53,1
13:28:56,0
13:28:57,1
13:28:59,0
13:29:00,1
13:29:03,0
13:29:04,1
13:29:06,0
13:29:08,1
13:29:10,0
13:29:11,1
13:29:14,0
13:29:15,1
13:29:18,0
13:29:20,1
13:29:23,0
13:29:24,1
13:29:27,0
13:29:28,1
13:29:32,0
13:29:33,1
13:29:36,0
13:29:37,1
13:29:40,0
13:29:42,1
13:29:45,0
13:29:46,1
13:29:50,0
13:29:51,1
13:29:55,0
13:29:56,1
13:29:59,0
13:30:01,1
13:30:04,0
13:30:05,1
13:30:08,0
13:30:10,1
13:30:13,0
13:30:14,1
13:30:17,0
13:30:19,1
13:30:22,0
13:30:23,1
13:30:26,0
13:30:27,1
13:30:30,0
13:30:31,1
13:30:34,0
13:30:35,1
13:30:38,0
13:30:39,1
13:30:42,0
13:30:43,1
13:30:46,0
13:30:47,1
13:30:50,0
13:30:51,1
13:30:54,0
13:30:56,1
13:30:59,0
13:31:00,1
13:31:03,0
13:31:04,1
13:31:07,0
13:31:09,1
13:31:12,0
13:31:13,1
13:31:16,0
13:31:17,1
13:31:20,0
13:31:21,1
13:31:24,0
13:31:25,1
13:31:29,0
13:31:30,1
13:31:33,0
13:31:34,1
13:31:37,0
13:31:38,1
13:31:41,0
13:31:42,1
13:31:45,0
13:31:46,1
13:31:49,0
13:31:50,1
13:31:53,0
13:31:54,1
13:31:57,0
13:31:58,1
13:32:01,0
13:32:02,1
13:32:05,0
13:32:06,1
13:32:09,0
13:32:10,1
13:32:12,0
13:32:14,1
13:32:16,0
13:32:17,1
13:32:20,0
13:32:21,1
13:32:23,0
13:32:25,1
13:32:27,0
13:32:28,1
13:32:31,0
13:32:32,1
13:32:34,0
13:32:35,1
13:32:38,0
13:32:39,1
13:32:41,0
13:32:42,1
13:32:45,0
13:32:46,1
13:32:48,0
13:32:49,1
13:32:52,0
13:32:53,1
13:32:56,0
13:32:57,1
13:32:59,0
13:33:00,1
13:33:03,0
13:33:04,1
13:33:07,0
13:33:08,1
13:33:11,0
13:33:12,1
13:33:15,0
13:33:16,1
13:33:18,0
13:33:19,1
13:33:22,0
13:33:23,1
13:33:26,0
13:33:27,1
13:33:30,0
13:33:31,1
13:33:34,0
13:33:35,1
13:33:38,0
13:33:39,1
13:33:42,0
13:33:44,1
13:33:46,0
13:33:48,1
13:33:51,0
13:33:52,1
13:33:55,0
13:33:56,1
13:33:59,0
13:34:01,1
13:34:03,0
13:34:05,1
13:34:08,0
13:34:09,1
13:34:12,0
13:34:13,1
13:34:16,0
13:34:18,1
13:34:21,0
13:34:22,1
13:34:25,0
13:34:27,1
13:34:30,0
13:34:31,1
13:34:35,0
13:34:36,1
13:34:39,0
13:34:41,1
13:34:44,0
13:34:46,1
13:34:49,0
13:34:51,1
13:34:54,0
13:34:56,1
13:34:59,0
13:35:01,1
13:35:04,0
13:35:06,1
13:35:09,0
13:35:11,1
13:35:14,0
13:35:15,1
13:35:18,0
13:35:19,1
13:35:22,0
13:35:24,1
13:35:27,0
13:35:28,1
13:35:31,0
13:35:32,1
13:35:34,0
13:35:36,1
13:35:38,0
13:35:40,1
13:35:42,0
13:35:43,1
13:35:46,0
13:35:47,1
13:35:50,0
13:35:51,1
13:35:54,0
13:35:55,1
13:35:57,0
13:35:59,1
13:36:01,0
13:36:02,1
13:36:05,0
13:36:06,1
13:36:08,0
13:36:10,1
13:36:12,0
13:36:13,1
13:36:16,0
13:36:17,1
13:36:20,0
13:36:21,1
13:36:24,0
13:36:25,1
13:36:28,0
13:36:29,1
13:36:32,0
13:36:33,1
13:36:36,0
13:36:37,1
13:36:39,0
13:36:40,1
13:36:43,0
13:36:44,1
13:36:47,0
13:36:48,1
13:36:50,0
13:36:51,1
13:36:54,0
13:36:55,1
13:36:58,0
13:36:59,1
13:37:02,0
13:37:03,1
13:37:06,0
13:37:07,1
13:37:09,0
13:37:11,1
13:37:13,0
13:37:14,1
13:37:17,0
13:37:18,1
13:37:21,0
13:37:22,1
13:37:25,0
13:37:26,1
13:37:28,0
13:37:30,1
13:37:32,0
13:37:34,1
13:37:36,0
13:37:37,1
13:37:40,0
13:37:41,1
13:37:44,0
13:37:45,1
13:37:48,0
13:37:49,1
13:37:51,0
13:37:53,1
13:37:55,0
13:37:57,1
13:37:59,0
13:38:01,1
13:38:04,0
13:38:05,1
13:38:08,0
13:38:09,1
13:38:12,0
13:38:13,1
13:38:16,0
13:38:17,1
13:38:20,0
13:38:21,1
13:38:24,0
13:38:25,1
13:38:28,0
13:38:29,1
13:38:31,0
13:38:33,1
13:38:35,0
13:38:36,1
13:38:39,0
13:38:40,1
13:38:43,0
13:38:44,1
13:38:47,0
13:38:48,1
13:38:51,0
13:38:52,1
13:38:55,0
13:38:56,1
13:38:58,0
13:39:00,1
13:39:02,0
13:39:03,1
13:39:06,0
13:39:07,1
13:39:10,0
13:39:11,1
13:39:13,0
13:39:14,1
13:39:17,0
13:39:18,1
13:39:20,0
13:39:22,1
13:39:24,0
13:39:25,1
13:39:28,0
13:39:29,1
13:39:32,0
13:39:33,1
13:39:36,0
13:39:37,1
13:39:40,0
13:39:41,1
13:39:44,0
13:39:46,1
13:39:49,0
13:39:50,1
13:39:53,0
13:39:54,1
13:39:57,0
13:39:58,1
13:40:01,0
13:40:02,1
13:40:05,0
13:40:06,1
13:40:09,0
13:40:12,1
13:40:14,0
13:40:15,1
13:40:18,0
13:40:20,1
13:40:22,0
13:40:24,1
13:40:28,0
13:40:28,1
13:40:32,0
13:40:33,1
13:40:36,0
13:40:38,1
13:40:42,0
13:40:43,1
13:40:46,0
13:40:48,1
13:40:51,0
13:40:52,1
13:40:55,0
13:40:56,1
13:41:00,0
13:41:01,1
13:41:04,0
13:41:04,1
13:41:09,0
13:41:10,1
13:41:13,0
13:41:14,1
13:41:18,0
13:41:19,1
13:41:23,0
13:41:24,1
13:41:27,0
13:41:29,1
13:41:32,0
13:41:33,1
13:41:36,0
13:41:38,1
13:41:41,0
13:41:42,1
13:41:46,0
13:41:47,1
13:41:50,0
13:41:52,1
13:41:55,0
13:41:57,1
13:42:00,0
13:42:02,1
13:42:05,0
13:42:06,1
13:42:10,0
13:42:11,1
13:42:15,0
13:42:16,1
13:42:19,0
13:42:20,1
13:42:23,0
13:42:24,1
13:42:27,0
13:42:29,1
13:42:31,0
13:42:33,1
13:42:35,0
13:42:37,1
13:42:39,0
13:42:40,1
13:42:43,0
13:42:44,1
13:42:47,0
13:42:48,1
13:42:51,0
13:42:52,1
13:42:55,0
13:42:57,1
13:43:00,0
13:43:01,1
13:43:04,0
13:43:05,1
13:43:08,0
13:43:09,1
13:43:12,0
13:43:14,1
13:43:17,0
13:43:18,1
13:43:21,0
13:43:22,1
13:43:25,0
13:43:26,1
13:43:29,0
13:43:30,1
13:43:33,0
13:43:35,1
13:43:38,0
13:43:39,1
13:43:42,0
13:43:43,1
13:43:46,0
13:43:47,1
13:43:50,0
13:43:51,1
13:43:54,0
13:43:55,1
13:43:58,0
13:43:59,1
13:44:02,0
13:44:03,1
13:44:06,0
13:44:08,1
13:44:10,0
13:44:12,1
13:44:14,0
13:44:16,1
13:44:18,0
13:44:19,1
13:44:22,0
13:44:23,1
13:44:26,0
13:44:27,1
13:44:30,0
13:44:32,1
13:44:35,0
13:44:36,1
13:44:40,0
13:44:41,1
13:44:45,0
13:44:46,1
13:44:49,0
13:44:51,1
13:44:54,0
13:44:56,1
13:44:59,0
13:45:00,1
13:45:04,0
13:45:05,1
13:45:08,0
13:45:10,1
13:45:13,0
13:45:15,1
13:45:18,0
13:45:19,1
13:45:22,0
13:45:24,1
13:45:27,0
13:45:28,1
13:45:32,0
13:45:33,1
13:45:36,0
13:45:37,1
13:45:40,0
13:45:42,1
13:45:45,0
13:45:46,1
13:45:49,0
13:45:50,1
13:45:53,0
13:45:54,1
13:45:57,0
13:45:58,1
13:46:01,0
13:46:02,1
13:46:05,0
13:46:06,1
13:46:09,0
13:46:10,1
13:46:13,0
13:46:14,1
13:46:17,0
13:46:18,1
13:46:21,0
13:46:22,1
13:46:25,0
13:46:26,1
13:46:29,0
13:46:31,1
13:46:34,0
13:46:35,1
13:46:38,0
13:46:40,1
13:46:43,0
13:46:44,1
13:46:47,0
13:46:49,1
13:46:52,0
13:46:53,1
13:46:56,0
13:46:58,1
13:47:01,0
13:47:02,1
13:47:05,0
13:47:06,1
13:47:09,0
13:47:10,1
13:47:13,0
13:47:14,1
13:47:17,0
13:47:19,1
13:47:21,0
13:47:23,1
13:47:25,0
13:47:27,1
13:47:29,0
13:47:30,1
13:47:33,0
13:47:35,1
13:47:37,0
13:47:39,1
13:47:41,0
13:47:43,1
13:47:45,0
13:47:46,1
13:47:49,0
13:47:50,1
13:47:53,0
13:47:54,1
13:47:57,0
13:47:58,1
13:48:00,0
13:48:02,1
13:48:04,0
13:48:05,1
13:48:08,0
13:48:09,1
13:48:12,0
13:48:13,1
13:48:15,0
13:48:16,1
13:48:19,0
13:48:21,1
13:48:24,0
13:48:25,1
13:48:28,0
13:48:29,1
13:48:32,0
13:48:33,1
13:48:36,0
13:48:38,1
13:48:41,0
13:48:42,1
13:48:45,0
13:48:47,1
13:48:50,0
13:48:51,1
13:48:55,0
13:48:56,1
13:48:59,0
13:49:00,1
13:49:04,0
13:49:05,1
13:49:08,0
13:49:10,1
13:49:13,0
13:49:14,1
13:49:18,0
13:49:19,1
13:49:22,0
13:49:23,1
13:49:26,0
13:49:27,1
13:49:30,0
13:49:31,1
13:49:34,0
13:49:35,1
13:49:38,0
13:49:39,1
13:49:42,0
13:49:43,1
13:49:46,0
13:49:47,1
13:49:50,0
13:49:51,1
13:49:54,0
13:49:55,1
13:49:58,0
13:50:00,1
13:50:03,0
13:50:04,1
13:50:07,0
13:50:09,1
13:50:12,0
13:50:13,1
13:50:17,0
13:50:18,1
13:50:21,0
13:50:23,1
13:50:26,0
13:50:28,1
13:50:31,0
13:50:33,1
13:50:36,0
13:50:37,1
13:50:41,0
13:50:42,1
13:50:46,0
13:50:47,1
13:50:50,0
13:50:52,1
13:50:55,0
13:50:56,1
13:50:59,0
13:51:01,1
13:51:04,0
13:51:05,1
13:51:08,0
13:51:09,1
13:51:12,0
13:51:13,1
13:51:16,0
13:51:17,1
13:51:20,0
13:51:22,1
13:51:25,0
13:51:26,1
13:51:29,0
13:51:30,1
13:51:33,0
13:51:34,1
13:51:38,0
13:51:39,1
13:51:42,0
13:51:43,1
13:51:46,0
13:51:48,1
13:51:52,0
13:51:53,1
13:51:57,0
13:51:58,1
13:52:02,0
13:52:04,1
13:52:08,0
13:52:09,1
13:52:13,0
13:52:15,1
13:52:18,0
13:52:20,1
13:52:23,0
13:52:25,1
13:52:28,0
13:52:30,1
13:52:33,0
13:52:34,1
13:52:37,0
13:52:39,1
13:52:42,0
13:52:43,1
13:52:46,0
13:52:47,1
13:52:50,0
13:52:51,1
13:52:54,0
13:52:55,1
13:52:58,0
13:52:59,1
13:53:02,0
13:53:03,1
13:53:05,0
13:53:06,1
13:53:09,0
13:53:10,1
13:53:12,0
13:53:13,1
13:53:15,0
13:53:17,1
13:53:19,0
13:53:20,1
13:53:23,0
13:53:24,1
13:53:26,0
13:53:28,1
13:53:30,0
13:53:31,1
13:53:34,0
13:53:35,1
13:53:38,0
13:53:39,1
13:53:42,0
13:53:44,1
13:53:47,0
13:53:48,1
13:53:51,0
13:53:53,1
13:53:56,0
13:53:57,1
13:54:00,0
13:54:02,1
13:54:05,0
13:54:06,1
13:54:09,0
13:54:10,1
13:54:13,0
13:54:14,1
13:54:17,0
13:54:18,1
13:54:21,0
13:54:23,1
13:54:25,0
13:54:27,1
13:54:29,0
13:54:31,1
13:54:33,0
13:54:34,1
13:54:37,0
13:54:38,1
13:54:41,0
13:54:42,1
13:54:44,0
13:54:46,1
13:54:48,0
13:54:49,1
13:54:52,0
13:54:53,1
13:54:56,0
13:54:57,1
13:54:59,0
13:55:00,1
13:55:03,0
13:55:04,1
13:55:07,0
13:55:08,1
13:55:11,0
13:55:12,1
13:55:16,0
13:55:16,1
13:55:19,0
13:55:20,1
13:55:23,0
13:55:24,1
13:55:27,0
13:55:28,1
13:55:31,0
13:55:32,1
13:55:36,0
13:55:37,1
13:55:40,0
13:55:41,1
13:55:44,0
13:55:46,1
13:55:49,0
13:55:50,1
13:55:53,0
13:55:55,1
13:55:58,0
13:55:59,1
13:56:03,0
13:56:04,1
13:56:07,0
13:56:09,1
13:56:12,0
13:56:13,1
13:56:16,0
13:56:17,1
13:56:20,0
13:56:21,1
13:56:24,0
13:56:26,1
13:56:29,0
13:56:30,1
13:56:33,0
13:56:34,1
13:56:37,0
13:56:39,1
13:56:41,0
13:56:43,1
13:56:46,0
13:56:47,1
13:56:50,0
13:56:51,1
13:56:54,0
13:56:55,1
13:56:58,0
13:57:00,1
13:57:03,0
13:57:04,1
13:57:07,0
13:57:08,1
13:57:11,0
13:57:12,1
13:57:15,0
13:57:16,1
13:57:19,0
13:57:20,1
13:57:23,0
13:57:24,1
13:57:28,0
13:57:29,1
13:57:32,0
13:57:34,1
13:57:36,0
13:57:37,1
13:57:41,0
13:57:42,1
13:57:45,0
13:57:48,1
13:57:50,0
13:57:52,1
13:57:55,0
13:57:58,1
13:58:00,0
13:58:02,1
13:58:06,0
13:58:07,1
13:58:10,0
13:58:12,1
13:58:16,0
13:58:16,1
13:58:20,0
13:58:22,1
13:58:24,0
13:58:26,1
13:58:30,0
13:58:32,1
13:58:34,0
13:58:36,1
13:58:40,0
13:58:42,1
13:58:44,0
13:58:46,1
13:58:50,0
13:58:52,1
13:58:56,0
13:58:56,1
13:59:00,0
13:59:02,1
13:59:06,0
13:59:08,1
13:59:12,0
13:59:12,1
13:59:18,0
13:59:20,1
13:59:24,0
13:59:26,1
13:59:29,0
13:59:32,1
13:59:36,0
13:59:38,1
13:59:42,0
13:59:44,1
13:59:50,0
13:59:52,1
13:59:59,0
14:00:00,1
14:00:04,0
14:00:08,1
14:00:12,0
14:00:16,1
14:00:21,0
14:00:23,1
14:00:28,0
14:00:30,1
14:00:34,0
14:00:36,1
14:00:41,0
14:00:44,1
14:00:48,0
14:00:50,1
14:00:54,0
14:00:56,1
14:01:00,0
14:01:02,1
14:01:06,0
14:01:06,1
14:01:10,0
14:01:12,1
14:01:14,0
14:01:16,1
14:01:20,0
14:01:20,1
14:01:24,0
14:01:26,1
14:01:28,0
14:01:30,1
14:01:32,0
14:01:34,1
14:01:36,0
14:01:38,1
14:01:40,0
14:01:41,1
14:01:44,0
14:01:44,1
14:01:48,0
14:01:49,1
14:01:51,0
14:01:52,1
14:01:55,0
14:01:56,1
14:01:58,0
14:01:59,1
14:02:02,0
14:02:03,1
14:02:05,0
14:02:06,1
14:02:09,0
14:02:10,1
14:02:13,0
14:02:14,1
14:02:16,0
14:02:17,1
14:02:20,0
14:02:21,1
14:02:23,0
14:02:24,1
14:02:27,0
14:02:28,1
14:02:30,0
14:02:32,1
14:02:34,0
14:02:35,1
14:02:38,0
14:02:39,1
14:02:41,0
14:02:42,1
14:02:44,0
14:02:45,1
14:02:48,0
14:02:49,1
14:02:51,0
14:02:52,1
14:02:54,0
14:02:55,1
14:02:58,0
14:02:59,1
14:03:01,0
14:03:02,1
14:03:04,0
14:03:05,1
14:03:08,0
14:03:09,1
14:03:11,0
14:03:12,1
14:03:14,0
14:03:15,1
14:03:18,0
14:03:19,1
14:03:21,0
14:03:22,1
14:03:24,0
14:03:25,1
14:03:28,0
14:03:29,1
14:03:31,0
14:03:32,1
14:03:34,0
14:03:35,1
14:03:38,0
14:03:39,1
14:03:41,0
14:03:43,1
14:03:45,0
14:03:47,1
14:03:50,0
14:03:51,1
14:03:54,0
14:03:56,1
14:03:59,0
14:04:01,1
14:04:04,0
14:04:05,1
14:04:09,0
14:04:10,1
14:04:13,0
14:04:15,1
14:04:19,0
14:04:20,1
14:04:24,0
14:04:26,1
14:04:29,0
14:04:31,1
14:04:35,0
14:04:36,1
14:04:40,0
14:04:42,1
14:04:45,0
14:04:47,1
14:04:50,0
14:04:52,1
14:04:55,0
14:04:56,1
14:05:00,0
14:05:02,1
14:05:05,0
14:05:06,1
14:05:10,0
14:05:11,1
14:05:15,0
14:05:16,1
14:05:20,0
14:05:21,1
14:05:25,0
14:05:26,1
14:05:30,0
14:05:31,1
14:05:34,0
14:05:36,1
14:05:39,0
14:05:41,1
14:05:44,0
14:05:46,1
14:05:49,0
14:05:51,1
14:05:54,0
14:05:55,1
14:05:59,0
14:06:00,1
14:06:03,0
14:06:05,1
14:06:08,0
14:06:09,1
14:06:12,0
14:06:14,1
14:06:17,0
14:06:18,1
14:06:21,0
14:06:22,1
14:06:25,0
14:06:26,1
14:06:29,0
14:06:30,1
14:06:33,0
14:06:35,1
14:06:38,0
14:06:39,1
14:06:42,0
14:06:43,1
14:06:46,0
14:06:48,1
14:06:51,0
14:06:52,1
14:06:55,0
14:06:57,1
14:07:00,0
14:07:01,1
14:07:04,0
14:07:06,1
14:07:09,0
14:07:11,1
14:07:14,0
14:07:15,1
14:07:19,0
14:07:20,1
14:07:24,0
14:07:25,1
14:07:29,0
14:07:30,1
14:07:34,0
14:07:35,1
14:07:39,0
14:07:40,1
14:07:43,0
14:07:45,1
14:07:48,0
14:07:50,1
14:07:53,0
14:07:54,1
14:07:58,0
14:07:59,1
14:08:02,0
14:08:04,1
14:08:07,0
14:08:08,1
14:08:12,0
14:08:13,1
14:08:17,0
14:08:19,1
14:08:22,0
14:08:24,1
14:08:27,0
14:08:29,1
14:08:33,0
14:08:35,1
14:08:39,0
14:08:41,1
14:08:46,0
14:08:48,1
14:08:52,0
14:08:53,1
14:08:58,0
14:09:00,1
14:09:04,0
14:09:05,1
14:09:10,0
14:09:12,1
14:09:15,0
14:09:17,1
14:09:21,0
14:09:23,1
14:09:26,0
14:09:28,1
14:09:32,0
14:09:33,1
14:09:37,0
14:09:38,1
14:09:42,0
14:09:43,1
14:09:47,0
14:09:48,1
14:09:52,0
14:09:53,1
14:09:57,0
14:09:58,1
14:10:02,0
14:10:03,1
14:10:06,0
14:10:08,1
14:10:11,0
14:10:12,1
14:10:16,0
14:10:17,1
14:10:21,0
14:10:22,1
14:10:26,0
14:10:27,1
14:10:30,0
14:10:32,1
14:10:35,0
14:10:37,1
14:10:40,0
14:10:41,1
14:10:45,0
14:10:46,1
14:10:49,0
14:10:50,1
14:10:53,0
14:10:54,1
14:10:57,0
14:10:58,1
14:11:01,0
14:11:02,1
14:11:05,0
14:11:06,1
14:11:09,0
14:11:10,1
14:11:13,0
14:11:14,1
14:11:16,0
14:11:17,1
14:11:20,0
14:11:21,1
14:11:24,0
14:11:25,1
14:11:28,0
14:11:29,1
14:11:32,0
14:11:33,1
14:11:36,0
14:11:38,1
14:11:41,0
14:11:42,1
14:11:45,0
14:11:46,1
14:11:49,0
14:11:50,1
14:11:53,0
14:11:54,1
14:11:57,0
14:11:58,1
14:12:01,0
14:12:03,1
14:12:06,0
14:12:07,1
14:12:10,0
14:12:11,1
14:12:14,0
14:12:16,1
14:12:19,0
14:12:20,1
14:12:23,0
14:12:25,1
14:12:28,0
14:12:29,1
14:12:32,0
14:12:33,1
14:12:36,0
14:12:38,1
14:12:41,0
14:12:42,1
14:12:45,0
14:12:46,1
14:12:49,0
14:12:50,1
14:12:53,0
14:12:55,1
14:12:58,0
14:12:59,1
14:13:02,0
14:13:03,1
14:13:06,0
14:13:07,1
14:13:10,0
14:13:11,1
14:13:14,0
14:13:15,1
14:13:18,0
14:13:19,1
14:13:22,0
14:13:23,1
14:13:26,0
14:13:27,1
14:13:30,0
14:13:31,1
14:13:34,0
14:13:35,1
14:13:38,0
14:13:39,1
14:13:42,0
14:13:44,1
14:13:46,0
14:13:48,1
14:13:51,0
14:13:52,1
14:13:55,0
14:13:56,1
14:13:59,0
14:14:00,1
14:14:02,0
14:14:03,1
14:14:06,0
14:14:07,1
14:14:10,0
14:14:11,1
14:14:14,0
14:14:15,1
14:14:17,0
14:14:18,1
14:14:21,0
14:14:22,1
14:14:25,0
14:14:26,1
14:14:29,0
14:14:30,1
14:14:32,0
14:14:33,1
14:14:36,0
14:14:37,1
14:14:40,0
14:14:41,1
14:14:43,0
14:14:45,1
14:14:48,0
14:14:48,1
14:14:52,0
14:14:52,1
14:14:56,0
14:14:56,1
14:15:00,0
14:15:02,1
14:15:04,0
14:15:05,1
14:15:08,0
14:15:10,1
14:15:12,0
14:15:13,1
14:15:16,0
14:15:18,1
14:15:21,0
14:15:22,1
14:15:26,0
14:15:26,1
14:15:30,0
14:15:32,1
14:15:34,0
14:15:36,1
14:15:38,0
14:15:40,1
14:15:43,0
14:15:44,1
14:15:47,0
14:15:49,1
14:15:52,0
14:15:52,1
14:15:56,0
14:15:58,1
14:16:00,0
14:16:02,1
14:16:05,0
14:16:07,1
14:16:10,0
14:16:11,1
14:16:14,0
14:16:15,1
14:16:18,0
14:16:20,1
14:16:23,0
14:16:24,1
14:16:27,0
14:16:28,1
14:16:31,0
14:16:32,1
14:16:35,0
14:16:36,1
14:16:39,0
14:16:41,1
14:16:44,0
14:16:45,1
14:16:48,0
14:16:49,1
14:16:52,0
14:16:53,1
14:16:56,0
14:16:57,1
14:17:00,0
14:17:01,1
14:17:04,0
14:17:06,1
14:17:08,0
14:17:10,1
14:17:13,0
14:17:14,1
14:17:17,0
14:17:18,1
14:17:22,0
14:17:23,1
14:17:26,0
14:17:27,1
14:17:30,0
14:17:31,1
14:17:34,0
14:17:35,1
14:17:38,0
14:17:39,1
14:17:41,0
14:17:42,1
14:17:45,0
14:17:46,1
14:17:48,0
14:17:49,1
14:17:52,0
14:17:53,1
14:17:55,0
14:17:57,1
14:17:59,0
14:18:00,1
14:18:03,0
14:18:04,1
14:18:06,0
14:18:08,1
14:18:10,0
14:18:11,1
14:18:14,0
14:18:15,1
14:18:17,0
14:18:18,1
14:18:21,0
14:18:22,1
14:18:24,0
14:18:25,1
14:18:28,0
14:18:29,1
14:18:31,0
14:18:32,1
14:18:35,0
14:18:36,1
14:18:38,0
14:18:40,1
14:18:42,0
14:18:43,1
14:18:46,0
14:18:47,1
14:18:50,0
14:18:52,1
14:18:55,0
14:18:56,1
14:18:59,0
14:19:00,1
14:19:03,0
14:19:05,1
14:19:08,0
14:19:09,1
14:19:12,0
14:19:13,1
14:19:16,0
14:19:18,1
14:19:21,0
14:19:22,1
14:19:25,0
14:19:26,1
14:19:29,0
14:19:30,1
14:19:33,0
14:19:34,1
14:19:37,0
14:19:38,1
14:19:40,0
14:19:42,1
14:19:44,0
14:19:45,1
14:19:48,0
14:19:49,1
14:19:52,0
14:19:53,1
14:19:56,0
14:19:58,1
14:20:01,0
14:20:02,1
14:20:05,0
14:20:07,1
14:20:10,0
14:20:11,1
14:20:14,0
14:20:16,1
14:20:19,0
14:20:20,1
14:20:24,0
14:20:25,1
14:20:28,0
14:20:30,1
14:20:33,0
14:20:35,1
14:20:38,0
14:20:40,1
14:20:43,0
14:20:45,1
14:20:49,0
14:20:50,1
14:20:55,0
14:20:57,1
14:21:01,0
14:21:03,1
14:21:07,0
14:21:08,1
14:21:12,0
14:21:14,1
14:21:18,0
14:21:19,1
14:21:23,0
14:21:25,1
14:21:28,0
14:21:30,1
14:21:33,0
14:21:35,1
14:21:38,0
14:21:40,1
14:21:43,0
14:21:45,1
14:21:48,0
14:21:49,1
14:21:52,0
14:21:54,1
14:21:57,0
14:21:58,1
14:22:01,0
14:22:02,1
14:22:05,0
14:22:06,1
14:22:09,0
14:22:10,1
14:22:13,0
14:22:14,1
14:22:17,0
14:22:19,1
14:22:22,0
14:22:23,1
14:22:25,0
14:22:27,1
14:22:29,0
14:22:30,1
14:22:33,0
14:22:34,1
14:22:36,0
14:22:37,1
14:22:40,0
14:22:41,1
14:22:43,0
14:22:44,1
14:22:47,0
14:22:48,1
14:22:50,0
14:22:51,1
14:22:54,0
14:22:55,1
14:22:57,0
14:22:58,1
14:23:00,0
14:23:01,1
14:23:04,0
14:23:05,1
14:23:07,0
14:23:08,1
14:23:11,0
14:23:12,1
14:23:15,0
14:23:16,1
14:23:18,0
14:23:19,1
14:23:22,0
14:23:23,1
14:23:26,0
14:23:27,1
14:23:29,0
14:23:31,1
14:23:33,0
14:23:34,1
14:23:37,0
14:23:38,1
14:23:41,0
14:23:42,1
14:23:45,0
14:23:46,1
14:23:49,0
14:23:50,1
14:23:53,0
14:23:54,1
14:23:57,0
14:23:58,1
14:24:01,0
14:24:02,1
14:24:04,0
14:24:05,1
14:24:08,0
14:24:09,1
14:24:11,0
14:24:12,1
14:24:15,0
14:24:16,1
14:24:19,0
14:24:20,1
14:24:22,0
14:24:23,1
14:24:26,0
14:24:27,1
14:24:30,0
14:24:31,1
14:24:33,0
14:24:35,1
14:24:37,0
14:24:38,1
14:24:41,0
14:24:42,1
14:24:45,0
14:24:46,1
14:24:48,0
14:24:50,1
14:24:52,0
14:24:53,1
14:24:56,0
14:24:57,1
14:25:00,0
14:25:01,1
14:25:04,0
14:25:05,1
14:25:08,0
14:25:09,1
14:25:12,0
14:25:13,1
14:25:15,0
14:25:17,1
14:25:19,0
14:25:20,1
14:25:23,0
14:25:24,1
14:25:27,0
14:25:28,1
14:25:31,0
14:25:32,1
14:25:34,0
14:25:35,1
14:25:38,0
14:25:39,1
14:25:41,0
14:25:43,1
14:25:45,0
14:25:46,1
14:25:48,0
14:25:49,1
14:25:52,0
14:25:53,1
14:25:55,0
14:25:56,1
14:25:58,0
14:26:00,1
14:26:02,0
14:26:02,1
14:26:04,0
14:26:06,1
14:26:08,0
14:26:09,1
14:26:11,0
14:26:12,1
14:26:14,0
14:26:15,1
14:26:17,0
14:26:18,1
14:26:21,0
14:26:22,1
14:26:24,0
14:26:25,1
14:26:27,0
14:26:28,1
14:26:31,0
14:26:32,1
14:26:34,0
14:26:35,1
14:26:38,0
14:26:39,1
14:26:42,0
14:26:43,1
14:26:45,0
14:26:47,1
14:26:49,0
14:26:51,1
14:26:53,0
14:26:54,1
14:26:57,0
14:26:58,1
14:27:01,0
14:27:02,1
14:27:05,0
14:27:06,1
14:27:08,0
14:27:09,1
14:27:12,0
14:27:13,1
14:27:16,0
14:27:17,1
14:27:20,0
14:27:21,1
14:27:23,0
14:27:25,1
14:27:27,0
14:27:29,1
14:27:31,0
14:27:32,1
14:27:36,1
14:27:38,0
14:27:39,1
14:27:42,0
14:27:43,1
14:27:45,0
14:27:46,1
14:27:49,0
14:27:50,1
14:27:52,0
14:27:53,1
14:27:55,0
14:27:56,1
14:27:59,0
14:28:00,1
14:28:03,0
14:28:04,1
14:28:06,0
14:28:08,1
14:28:10,0
14:28:12,1
14:28:14,0
14:28:16,1
14:28:18,0
14:28:20,1
14:28:22,0
14:28:24,1
14:28:26,0
14:28:28,1
14:28:30,0
14:28:32,1
14:28:34,0
14:28:35,1
14:28:38,0
14:28:39,1
14:28:42,0
14:28:43,1
14:28:46,0
14:28:47,1
14:28:49,0
14:28:50,1
14:28:53,0
14:28:54,1
14:28:56,0
14:28:57,1
14:28:59,0
14:29:00,1
14:29:03,0
14:29:04,1
14:29:06,0
14:29:07,1
14:29:09,0
14:29:10,1
14:29:17,0
14:29:17,1
14:29:19,0
14:29:20,1
14:29:22,0
14:29:23,1
14:29:26,0
14:29:27,1
14:29:29,0
14:29:30,1
14:29:33,0
14:29:34,1
14:29:36,0
14:29:37,1
14:29:40,0
14:29:41,1
14:29:43,0
14:29:44,1
14:29:47,0
14:29:48,1
14:29:51,0
14:29:52,1
14:29:54,0
14:29:55,1
14:29:58,0
14:29:59,1
14:30:01,0
14:30:02,1
14:30:05,0
14:30:06,1
14:30:09,0
14:30:10,1
14:30:12,0
14:30:13,1
14:30:16,0
14:30:17,1
14:30:20,0
14:30:21,1
14:30:24,0
14:30:25,1
14:30:28,0
14:30:29,1
14:30:32,0
14:30:33,1
14:30:36,0
14:30:37,1
14:30:40,0
14:30:42,1
14:30:45,0
14:30:46,1
14:30:49,0
14:30:50,1
14:30:53,0
14:30:54,1
14:30:57,0
14:30:58,1
14:31:00,0
14:31:01,1
14:31:04,0
14:31:05,1
14:31:08,0
14:31:09,1
14:31:11,0
14:31:12,1
14:31:15,0
14:31:16,1
14:31:18,0
14:31:19,1
14:31:22,0
14:31:23,1
14:31:25,0
14:31:27,1
14:31:29,0
14:31:30,1
14:31:33,0
14:31:34,1
14:31:36,0
14:31:37,1
14:31:40,0
14:31:41,1
14:31:43,0
14:31:44,1
14:31:47,0
14:31:48,1
14:31:50,0
14:31:51,1
14:31:54,0
14:31:55,1
14:31:57,0
14:31:58,1
14:32:01,0
14:32:02,1
14:32:04,0
14:32:05,1
14:32:07,0
14:32:08,1
14:32:10,0
14:32:11,1
14:32:14,0
14:32:15,1
14:32:17,0
14:32:18,1
14:32:20,0
14:32:21,1
14:32:23,0
14:32:24,1
14:32:26,0
14:32:27,1
14:32:29,0
14:32:30,1
14:32:33,0
14:32:34,1
14:32:36,0
14:32:37,1
14:32:40,0
14:32:41,1
14:32:43,0
14:32:44,1
14:32:46,0
14:32:48,1
14:32:50,0
14:32:52,1
14:32:54,0
14:32:55,1
14:32:58,0
14:32:59,1
14:33:01,0
14:33:02,1
14:33:05,0
14:33:06,1
14:33:08,0
14:33:09,1
14:33:11,0
14:33:12,1
14:33:15,0
14:33:16,1
14:33:19,0
14:33:20,1
14:33:22,0
14:33:23,1
14:33:26,0
14:33:27,1
14:33:30,0
14:33:31,1
14:33:34,0
14:33:35,1
14:33:38,0
14:33:40,1
14:33:43,0
14:33:44,1
14:33:47,0
14:33:48,1
14:33:51,0
14:33:53,1
14:33:55,0
14:33:57,1
14:34:00,0
14:34:01,1
14:34:04,0
14:34:05,1
14:34:07,0
14:34:08,1
14:34:11,0
14:34:12,1
14:34:14,0
14:34:15,1
14:34:18,0
14:34:19,1
14:34:21,0
14:34:22,1
14:34:25,0
14:34:26,1
14:34:28,0
14:34:29,1
14:34:32,0
14:34:33,1
14:34:35,0
14:34:36,1
14:34:39,0
14:34:40,1
14:34:42,0
14:34:43,1
14:34:46,0
14:34:47,1
14:34:50,0
14:34:51,1
14:34:53,0
14:34:54,1
14:34:57,0
14:34:58,1
14:35:00,0
14:35:01,1
14:35:04,0
14:35:05,1
14:35:08,0
14:35:10,1
14:35:13,0
14:35:14,1
14:35:17,0
14:35:18,1
14:35:21,0
14:35:22,1
14:35:25,0
14:35:26,1
14:35:29,0
14:35:30,1
14:35:33,0
14:35:34,1
14:35:37,0
14:35:38,1
14:35:41,0
14:35:42,1
14:35:44,0
14:35:45,1
14:35:48,0
14:35:49,1
14:35:52,0
14:35:53,1
14:35:55,0
14:35:56,1
14:35:59,0
14:36:00,1
14:36:03,0
14:36:04,1
14:36:06,0
14:36:08,1
14:36:10,0
14:36:12,1
14:36:14,0
14:36:15,1
14:36:18,0
14:36:19,1
14:36:22,0
14:36:23,1
14:36:25,0
14:36:26,1
14:36:29,0
14:36:30,1
14:36:33,0
14:36:34,1
14:36:36,0
14:36:37,1
14:36:40,0
14:36:41,1
14:36:44,0
14:36:45,1
14:36:47,0
14:36:48,1
14:36:51,0
14:36:52,1
14:36:55,0
14:36:56,1
14:36:59,0
14:37:00,1
14:37:03,0
14:37:04,1
14:37:07,0
14:37:08,1
14:37:11,0
14:37:12,1
14:37:15,0
14:37:16,1
14:37:19,0
14:37:21,1
14:37:24,0
14:37:25,1
14:37:28,0
14:37:30,1
14:37:33,0
14:37:34,1
14:37:37,0
14:37:39,1
14:37:42,0
14:37:43,1
14:37:46,0
14:37:47,1
14:37:50,0
14:37:51,1
14:37:54,0
14:37:56,1
14:37:58,0
14:38:00,1
14:38:03,0
14:38:04,1
14:38:07,0
14:38:08,1
14:38:11,0
14:38:12,1
14:38:15,0
14:38:16,1
14:38:19,0
14:38:20,1
14:38:23,0
14:38:24,1
14:38:27,0
14:38:28,1
14:38:31,0
14:38:32,1
14:38:34,0
14:38:35,1
14:38:38,0
14:38:39,1
14:38:42,0
14:38:43,1
14:38:45,0
14:38:46,1
14:38:49,0
14:38:50,1
14:38:52,0
14:38:53,1
14:38:56,0
14:38:57,1
14:39:00,0
14:39:01,1
14:39:04,0
14:39:05,1
14:39:08,0
14:39:09,1
14:39:12,0
14:39:13,1
14:39:16,0
14:39:17,1
14:39:20,0
14:39:22,1
14:39:25,0
14:39:26,1
14:39:29,0
14:39:30,1
14:39:33,0
14:39:34,1
14:39:37,0
14:39:38,1
14:39:41,0
14:39:42,1
14:39:45,0
14:39:46,1
14:39:49,0
14:39:50,1
14:39:52,0
14:39:53,1
14:39:56,0
14:39:58,1
14:40:00,0
14:40:02,1
14:40:05,0
14:40:06,1
14:40:09,0
14:40:10,1
14:40:13,0
14:40:14,1
14:40:17,0
14:40:18,1
14:40:20,0
14:40:21,1
14:40:24,0
14:40:25,1
14:40:28,0
14:40:29,1
14:40:32,0
14:40:33,1
14:40:36,0
14:40:37,1
14:40:40,0
14:40:41,1
14:40:44,0
14:40:45,1
14:40:48,0
14:40:49,1
14:40:52,0
14:40:53,1
14:40:56,0
14:40:57,1
14:41:00,0
14:41:01,1
14:41:04,0
14:41:05,1
14:41:08,0
14:41:09,1
14:41:12,0
14:41:15,1
14:41:17,0
14:41:18,1
14:41:21,0
14:41:22,1
14:41:25,0
14:41:26,1
14:41:29,0
14:41:30,1
14:41:34,0
14:41:34,1
14:41:38,0
14:41:38,1
14:41:42,0
14:41:43,1
14:41:44,0
14:41:46,1
14:41:49,0
14:41:50,1
14:41:53,0
14:41:54,1
14:41:57,0
14:41:58,1
14:42:01,0
14:42:02,1
14:42:05,0
14:42:06,1
14:42:09,0
14:42:10,1
14:42:13,0
14:42:14,1
14:42:16,0
14:42:18,1
14:42:20,0
14:42:21,1
14:42:24,0
14:42:25,1
14:42:28,0
14:42:29,1
14:42:32,0
14:42:33,1
14:42:36,0
14:42:37,1
14:42:40,0
14:42:41,1
14:42:43,0
14:42:44,1
14:42:47,0
14:42:48,1
14:42:51,0
14:42:52,1
14:42:55,0
14:42:56,1
14:42:58,0
14:43:00,1
14:43:02,0
14:43:04,1
14:43:06,0
14:43:08,1
14:43:10,0
14:43:12,1
14:43:15,0
14:43:16,1
14:43:19,0
14:43:20,1
14:43:23,0
14:43:24,1
14:43:27,0
14:43:28,1
14:43:31,0
14:43:32,1
14:43:35,0
14:43:36,1
14:43:39,0
14:43:40,1
14:43:43,0
14:43:44,1
14:43:46,0
14:43:48,1
14:43:50,0
14:43:52,1
14:43:54,0
14:43:56,1
14:43:59,0
14:44:00,1
14:44:03,0
14:44:04,1
14:44:07,0
14:44:08,1
14:44:11,0
14:44:12,1
14:44:15,0
14:44:16,1
14:44:19,0
14:44:20,1
14:44:23,0
14:44:24,1
14:44:27,0
14:44:28,1
14:44:31,0
14:44:32,1
14:44:34,0
14:44:35,1
14:44:38,0
14:44:39,1
14:44:41,0
14:44:42,1
14:44:45,0
14:44:46,1
14:44:49,0
14:44:50,1
14:44:52,0
14:44:53,1
14:44:56,0
14:44:57,1
14:44:59,0
14:45:00,1
14:45:03,0
14:45:04,1
14:45:06,0
14:45:07,1
14:45:10,0
14:45:11,1
14:45:13,0
14:45:15,1
14:45:17,0
14:45:18,1
14:45:21,0
14:45:22,1
14:45:25,0
14:45:26,1
14:45:29,0
14:45:30,1
14:45:33,0
14:45:34,1
14:45:37,0
14:45:38,1
14:45:41,0
14:45:42,1
14:45:45,0
14:45:47,1
14:45:49,0
14:45:51,1
14:45:54,0
14:45:55,1
14:45:58,0
14:45:59,1
14:46:02,0
14:46:03,1
14:46:06,0
14:46:07,1
14:46:10,0
14:46:11,1
14:46:14,0
14:46:15,1
14:46:18,0
14:46:19,1
14:46:22,0
14:46:23,1
14:46:26,0
14:46:27,1
14:46:30,0
14:46:31,1
14:46:33,0
14:46:34,1
14:46:37,0
14:46:38,1
14:46:41,0
14:46:42,1
14:46:44,0
14:46:45,1
14:46:48,0
14:46:49,1
14:46:51,0
14:46:52,1
14:46:54,0
14:46:55,1
14:46:57,0
14:46:58,1
14:47:01,0
14:47:02,1
14:47:04,0
14:47:05,1
14:47:07,0
14:47:08,1
14:47:11,0
14:47:12,1
14:47:14,0
14:47:15,1
14:47:18,0
14:47:19,1
14:47:21,0
14:47:22,1
14:47:25,0
14:47:26,1
14:47:29,0
14:47:30,1
14:47:33,0
14:47:34,1
14:47:37,0
14:47:38,1
14:47:41,0
14:47:42,1
14:47:45,0
14:47:46,1
14:47:48,0
14:47:50,1
14:47:52,0
14:47:53,1
14:47:56,0
14:47:57,1
14:48:00,0
14:48:01,1
14:48:04,0
14:48:05,1
14:48:07,0
14:48:08,1
14:48:11,0
14:48:12,1
14:48:15,0
14:48:17,1
14:48:20,0
14:48:21,1
14:48:23,0
14:48:25,1
14:48:27,0
14:48:28,1
14:48:31,0
14:48:32,1
14:48:34,0
14:48:35,1
14:48:38,0
14:48:39,1
14:48:41,0
14:48:42,1
14:48:45,0
14:48:46,1
14:48:48,0
14:48:50,1
14:48:52,0
14:48:53,1
14:48:56,0
14:48:57,1
14:49:00,0
14:49:01,1
14:49:04,0
14:49:05,1
14:49:08,0
14:49:09,1
14:49:12,0
14:49:13,1
14:49:16,0
14:49:17,1
14:49:20,0
14:49:21,1
14:49:24,0
14:49:25,1
14:49:28,0
14:49:30,1
14:49:33,0
14:49:34,1
14:49:37,0
14:49:39,1
14:49:42,0
14:49:44,1
14:49:46,0
14:49:48,1
14:49:50,0
14:49:52,1
14:49:54,0
14:49:56,1
14:49:59,0
14:50:00,1
14:50:04,0
14:50:05,1
14:50:08,0
14:50:08,1
14:50:12,0
14:50:13,1
14:50:16,0
14:50:18,1
14:50:21,0
14:50:22,1
14:50:26,0
14:50:27,1
14:50:30,0
14:50:32,1
14:50:35,0
14:50:37,1
14:50:40,0
14:50:41,1
14:50:44,0
14:50:46,1
14:50:49,0
14:50:50,1
14:50:53,0
14:50:54,1
14:50:57,0
14:50:59,1
14:51:02,0
14:51:03,1
14:51:06,0
14:51:08,1
14:51:11,0
14:51:12,1
14:51:15,0
14:51:17,1
14:51:20,0
14:51:21,1
14:51:25,0
14:51:26,1
14:51:30,0
14:51:31,1
14:51:35,0
14:51:36,1
14:51:40,0
14:51:41,1
14:51:44,0
14:51:46,1
14:51:49,0
14:51:50,1
14:51:54,0
14:51:55,1
14:51:58,0
14:52:00,1
14:52:03,0
14:52:04,1
14:52:07,0
14:52:09,1
14:52:12,0
14:52:14,1
14:52:17,0
14:52:18,1
14:52:22,0
14:52:23,1
14:52:26,0
14:52:28,1
14:52:31,0
14:52:33,1
14:52:36,0
14:52:38,1
14:52:41,0
14:52:42,1
14:52:46,0
14:52:47,1
14:52:51,0
14:52:52,1
14:52:56,0
14:52:58,1
14:53:01,0
14:53:03,1
14:53:07,0
14:53:09,1
14:53:12,0
14:53:14,1
14:53:17,0
14:53:18,1
14:53:22,0
14:53:23,1
14:53:26,0
14:53:28,1
14:53:31,0
14:53:32,1
14:53:36,0
14:53:37,1
14:53:40,0
14:53:42,1
14:53:45,0
14:53:46,1
14:53:50,0
14:53:51,1
14:53:54,0
14:53:56,1
14:53:59,0
14:54:01,1
14:54:04,0
14:54:06,1
14:54:09,0
14:54:10,1
14:54:14,0
14:54:15,1
14:54:18,0
14:54:19,1
14:54:22,0
14:54:24,1
14:54:27,0
14:54:28,1
14:54:31,0
14:54:32,1
14:54:35,0
14:54:36,1
14:54:39,0
14:54:40,1
14:54:43,0
14:54:45,1
14:54:48,0
14:54:49,1
14:54:52,0
14:54:53,1
14:54:57,0
14:54:58,1
14:55:02,0
14:55:03,1
14:55:06,0
14:55:08,1
14:55:11,0
14:55:12,1
14:55:16,0
14:55:17,1
14:55:20,0
14:55:22,1
14:55:25,0
14:55:26,1
14:55:30,0
14:55:31,1
14:55:35,0
14:55:36,1
14:55:39,0
14:55:41,1
14:55:44,0
14:55:45,1
14:55:49,0
14:55:50,1
14:55:53,0
14:55:55,1
14:55:58,0
14:55:59,1
14:56:02,0
14:56:03,1
14:56:07,0
14:56:08,1
14:56:11,0
14:56:12,1
14:56:15,0
14:56:17,1
14:56:20,0
14:56:21,1
14:56:24,0
14:56:25,1
14:56:28,0
14:56:29,1
14:56:32,0
14:56:33,1
14:56:36,0
14:56:37,1
14:56:40,0
14:56:41,1
14:56:44,0
14:56:45,1
14:56:48,0
14:56:50,1
14:56:53,0
14:56:54,1
14:56:57,0
14:56:59,1
14:57:02,0
14:57:04,1
14:57:07,0
14:57:09,1
14:57:12,0
14:57:14,1
14:57:17,0
14:57:18,1
14:57:22,0
14:57:23,1
14:57:26,0
14:57:27,1
14:57:30,0
14:57:32,1
14:57:34,0
14:57:36,1
14:57:39,0
14:57:40,1
14:57:43,0
14:57:44,1
14:57:47,0
14:57:49,1
14:57:52,0
14:57:53,1
14:57:56,0
14:57:58,1
14:58:01,0
14:58:02,1
14:58:05,0
14:58:07,1
14:58:10,0
14:58:11,1
14:58:14,0
14:58:16,1
14:58:19,0
14:58:21,1
14:58:24,0
14:58:25,1
14:58:29,0
14:58:31,1
14:58:34,0
14:58:36,1
14:58:39,0
14:58:41,1
14:58:44,0
15:00:27,1
15:00:29,0
15:00:31,1
15:00:35,0
15:00:36,1
15:00:40,0
15:00:41,1
15:00:45,0
15:00:47,1
15:00:51,0
15:00:52,1
15:00:56,0
15:00:57,1
15:01:00,0
15:01:02,1
15:01:05,0
15:01:06,1
15:01:10,0
15:01:11,1
15:01:14,0
15:01:16,1
15:01:19,0
15:01:21,1
15:01:24,0
15:01:25,1
15:01:29,0
15:01:30,1
15:01:34,0
15:01:35,1
15:01:38,0
15:01:40,1
15:01:44,0
15:01:45,1
15:01:49,0
15:01:51,1
15:01:55,0
15:01:57,1
15:02:01,0
15:02:02,1
15:02:06,0
15:02:07,1
15:02:11,0
15:02:13,1
15:03:40,0
15:03:41,1
15:03:43,0
15:03:45,1
15:03:47,0
15:03:49,1
15:03:51,0
15:03:53,1
15:03:55,0
15:03:57,1
15:04:00,0
15:04:01,1
15:04:04,0
15:04:05,1
15:04:08,0
15:04:09,1
15:04:12,0
15:04:14,1
15:04:17,0
15:04:18,1
15:04:21,0
15:04:22,1
15:04:25,0
15:04:26,1
15:04:29,0
15:04:30,1
15:04:33,0
15:04:34,1
15:04:37,0
15:04:38,1
15:04:40,0
15:04:42,1
15:04:44,0
15:04:46,1
15:04:48,0
15:04:49,1
15:04:52,0
15:04:53,1
15:04:56,0
15:04:58,1
15:05:00,0
15:05:02,1
15:32:03,1
15:37:02,1
15:42:01,1
15:46:59,1
15:51:58,1
15:56:57,1
16:01:56,1
16:06:55,1
16:11:53,1
16:16:52,1
16:21:51,1
16:26:50,1
16:31:48,1
16:36:47,1
16:41:46,1
16:46:45,1
16:51:43,1
16:56:42,1
17:01:41,1
17:06:40,1
17:11:38,1
17:16:37,1
17:21:36,1
17:26:35,1
17:31:33,1
17:36:32,1
17:41:31,1
17:46:30,1
17:51:28,1
17:56:27,1
18:01:26,1
18:06:25,1
18:11:23,1
18:16:22,1
18:21:21,1
18:26:20,1
18:31:18,1
18:36:17,1
18:41:16,1
18:46:15,1
18:51:13,1
18:56:12,1
19:01:11,1
19:06:10,1
19:11:08,1
19:16:07,1
19:21:06,1
19:26:05,1
19:31:03,1
19:36:02,1
19:41:01,1
19:46:00,1
19:50:58,1
19:55:57,1
20:00:56,1
20:05:55,1
20:10:53,1
20:15:52,1
20:20:51,1
20:25:50,1
20:30:48,1
20:35:47,1
20:40:46,1
20:45:45,1
20:50:43,1
20:55:42,1
21:00:41,1
21:05:40,1
21:10:39,1
21:15:37,1
21:20:36,1
21:25:35,1
21:30:33,1
21:35:32,1
21:40:31,1
21:45:30,1
21:50:29,1
21:55:27,1
22:00:26,1
22:05:25,1
22:10:24,1
22:15:22,1
22:20:21,1
22:25:20,1
22:30:19,1
22:35:17,1
22:40:16,1
22:45:15,1
22:50:14,1
22:55:12,1
23:00:11,1
23:05:10,1
23:10:09,1
23:15:07,1
23:20:06,1
23:25:05,1
23:30:04,1
23:35:02,1
23:40:01,1
23:45:00,1
23:49:59,1
23:54:57,1
23:59:56,1
